unsigned short D_auto_src_ragewars_debug_stream_us_rev1[31735] = {
    0x0000, 0x0000, 0x940F, 0x000A, 0x0004, 0x0000, 0x0013, 0x5346, 0x585F, 0x4348, 0x4943, 0x4B45,
    0x4E5F, 0x4944, 0x4C45, 0x6571, 0x7500, 0x1900, 0x0094, 0x1000, 0x0B00, 0x0000, 0x0000, 0x1053,
    0x4658, 0x5F43, 0x4849, 0x434B, 0x454E, 0x5F49, 0x444C, 0x4504, 0x0000, 0x0096, 0x6600, 0x0000,
    0x0400, 0x0000, 0x0000, 0x1353, 0x4658, 0x5F43, 0x4849, 0x434B, 0x454E, 0x5F49, 0x444C, 0x4565,
    0x7175, 0x042E, 0x656F, 0x7300, 0x0000, 0x0094, 0x0F00, 0x0A00, 0x0400, 0x0000, 0x1553, 0x4658,
    0x5F43, 0x4849, 0x434B, 0x454E, 0x5F46, 0x4C49, 0x4E43, 0x4865, 0x7175, 0x0519, 0x0000, 0x9410,
    0x000B, 0x0000, 0x0000, 0x0012, 0x5346, 0x585F, 0x4348, 0x4943, 0x4B45, 0x4E5F, 0x464C, 0x494E,
    0x4348, 0x0400, 0x0000, 0x9666, 0x0000, 0x0004, 0x0000, 0x0000, 0x0015, 0x5346, 0x585F, 0x4348,
    0x4943, 0x4B45, 0x4E5F, 0x464C, 0x494E, 0x4348, 0x6571, 0x7504, 0x2E65, 0x6F73, 0x0000, 0x0000,
    0x940F, 0x000A, 0x0004, 0x0000, 0x0015, 0x5346, 0x585F, 0x4348, 0x4943, 0x4B45, 0x4E5F, 0x4546,
    0x464F, 0x5254, 0x6571, 0x750A, 0x1900, 0x0094, 0x1000, 0x0B00, 0x0000, 0x0000, 0x1253, 0x4658,
    0x5F43, 0x4849, 0x434B, 0x454E, 0x5F45, 0x4646, 0x4F52, 0x5404, 0x0000, 0x0096, 0x6600, 0x0000,
    0x0400, 0x0000, 0x0000, 0x1553, 0x4658, 0x5F43, 0x4849, 0x434B, 0x454E, 0x5F45, 0x4646, 0x4F52,
    0x5465, 0x7175, 0x042E, 0x656F, 0x7300, 0x0000, 0x0094, 0x0F00, 0x0A00, 0x0400, 0x0000, 0x1453,
    0x4658, 0x5F43, 0x4849, 0x434B, 0x454E, 0x5F44, 0x4541, 0x5448, 0x6571, 0x750F, 0x1900, 0x0094,
    0x1000, 0x0B00, 0x0000, 0x0000, 0x1153, 0x4658, 0x5F43, 0x4849, 0x434B, 0x454E, 0x5F44, 0x4541,
    0x5448, 0x0400, 0x0000, 0x9666, 0x0000, 0x0004, 0x0000, 0x0000, 0x0014, 0x5346, 0x585F, 0x4348,
    0x4943, 0x4B45, 0x4E5F, 0x4445, 0x4154, 0x4865, 0x7175, 0x042E, 0x656F, 0x7300, 0x0000, 0x0094,
    0x0F00, 0x0A00, 0x0400, 0x0000, 0x1A53, 0x4658, 0x5F43, 0x4849, 0x434B, 0x454E, 0x5F54, 0x5241,
    0x4E53, 0x464F, 0x524D, 0x4544, 0x6571, 0x7514, 0x1900, 0x0094, 0x1000, 0x0B00, 0x0000, 0x0000,
    0x1753, 0x4658, 0x5F43, 0x4849, 0x434B, 0x454E, 0x5F54, 0x5241, 0x4E53, 0x464F, 0x524D, 0x4544,
    0x0400, 0x0000, 0x9666, 0x0000, 0x0004, 0x0000, 0x0000, 0x001A, 0x5346, 0x585F, 0x4348, 0x4943,
    0x4B45, 0x4E5F, 0x5452, 0x414E, 0x5346, 0x4F52, 0x4D45, 0x4465, 0x7175, 0x042E, 0x656F, 0x7300,
    0x0000, 0x0094, 0x0F00, 0x0A00, 0x0400, 0x0000, 0x2153, 0x4658, 0x5F43, 0x4849, 0x434B, 0x454E,
    0x5F54, 0x5241, 0x4E53, 0x464F, 0x524D, 0x4544, 0x5F46, 0x4C49, 0x4E43, 0x4865, 0x7175, 0x1919,
    0x0000, 0x9410, 0x000B, 0x0000, 0x0000, 0x001E, 0x5346, 0x585F, 0x4348, 0x4943, 0x4B45, 0x4E5F,
    0x5452, 0x414E, 0x5346, 0x4F52, 0x4D45, 0x445F, 0x464C, 0x494E, 0x4348, 0x0400, 0x0000, 0x9666,
    0x0000, 0x0004, 0x0000, 0x0000, 0x0021, 0x5346, 0x585F, 0x4348, 0x4943, 0x4B45, 0x4E5F, 0x5452,
    0x414E, 0x5346, 0x4F52, 0x4D45, 0x445F, 0x464C, 0x494E, 0x4348, 0x6571, 0x7504, 0x2E65, 0x6F73,
    0x0000, 0x0000, 0x940F, 0x000A, 0x0004, 0x0000, 0x0021, 0x5346, 0x585F, 0x4348, 0x4943, 0x4B45,
    0x4E5F, 0x5452, 0x414E, 0x5346, 0x4F52, 0x4D45, 0x445F, 0x4154, 0x5441, 0x434B, 0x6571, 0x751E,
    0x1900, 0x0094, 0x1000, 0x0B00, 0x0000, 0x0000, 0x1E53, 0x4658, 0x5F43, 0x4849, 0x434B, 0x454E,
    0x5F54, 0x5241, 0x4E53, 0x464F, 0x524D, 0x4544, 0x5F41, 0x5454, 0x4143, 0x4B04, 0x0000, 0x0096,
    0x6600, 0x0000, 0x0400, 0x0000, 0x0000, 0x2153, 0x4658, 0x5F43, 0x4849, 0x434B, 0x454E, 0x5F54,
    0x5241, 0x4E53, 0x464F, 0x524D, 0x4544, 0x5F41, 0x5454, 0x4143, 0x4B65, 0x7175, 0x042E, 0x656F,
    0x7300, 0x0000, 0x0094, 0x0F00, 0x0A00, 0x0400, 0x0000, 0x1F53, 0x4658, 0x5F43, 0x4849, 0x434B,
    0x454E, 0x5F54, 0x5241, 0x4E53, 0x464F, 0x524D, 0x4544, 0x5F49, 0x444C, 0x4565, 0x7175, 0x2319,
    0x0000, 0x9410, 0x000B, 0x0000, 0x0000, 0x001C, 0x5346, 0x585F, 0x4348, 0x4943, 0x4B45, 0x4E5F,
    0x5452, 0x414E, 0x5346, 0x4F52, 0x4D45, 0x445F, 0x4944, 0x4C45, 0x0400, 0x0000, 0x9666, 0x0000,
    0x0004, 0x0000, 0x0000, 0x001F, 0x5346, 0x585F, 0x4348, 0x4943, 0x4B45, 0x4E5F, 0x5452, 0x414E,
    0x5346, 0x4F52, 0x4D45, 0x445F, 0x4944, 0x4C45, 0x6571, 0x7504, 0x2E65, 0x6F73, 0x0000, 0x0000,
    0x940F, 0x000A, 0x0004, 0x0000, 0x0011, 0x5346, 0x585F, 0x434F, 0x4D50, 0x595F, 0x4944, 0x4C45,
    0x6571, 0x7564, 0x1900, 0x0094, 0x1000, 0x0B00, 0x0000, 0x0000, 0x0E53, 0x4658, 0x5F43, 0x4F4D,
    0x5059, 0x5F49, 0x444C, 0x4504, 0x0000, 0x0096, 0x6600, 0x0000, 0x0400, 0x0000, 0x0000, 0x1153,
    0x4658, 0x5F43, 0x4F4D, 0x5059, 0x5F49, 0x444C, 0x4565, 0x7175, 0x042E, 0x656F, 0x7300, 0x0000,
    0x0094, 0x0F00, 0x0A00, 0x0400, 0x0000, 0x1353, 0x4658, 0x5F43, 0x4F4D, 0x5059, 0x5F46, 0x4C49,
    0x4E43, 0x4865, 0x7175, 0x6919, 0x0000, 0x9410, 0x000B, 0x0000, 0x0000, 0x0010, 0x5346, 0x585F,
    0x434F, 0x4D50, 0x595F, 0x464C, 0x494E, 0x4348, 0x0400, 0x0000, 0x9666, 0x0000, 0x0004, 0x0000,
    0x0000, 0x0013, 0x5346, 0x585F, 0x434F, 0x4D50, 0x595F, 0x464C, 0x494E, 0x4348, 0x6571, 0x7504,
    0x2E65, 0x6F73, 0x0000, 0x0000, 0x940F, 0x000A, 0x0004, 0x0000, 0x0013, 0x5346, 0x585F, 0x434F,
    0x4D50, 0x595F, 0x4546, 0x464F, 0x5254, 0x6571, 0x756E, 0x1900, 0x0094, 0x1000, 0x0B00, 0x0000,
    0x0000, 0x1053, 0x4658, 0x5F43, 0x4F4D, 0x5059, 0x5F45, 0x4646, 0x4F52, 0x5404, 0x0000, 0x0096,
    0x6600, 0x0000, 0x0400, 0x0000, 0x0000, 0x1353, 0x4658, 0x5F43, 0x4F4D, 0x5059, 0x5F45, 0x4646,
    0x4F52, 0x5465, 0x7175, 0x042E, 0x656F, 0x7300, 0x0000, 0x0094, 0x0F00, 0x0A00, 0x0400, 0x0000,
    0x1253, 0x4658, 0x5F43, 0x4F4D, 0x5059, 0x5F44, 0x4541, 0x5448, 0x6571, 0x7573, 0x1900, 0x0094,
    0x1000, 0x0B00, 0x0000, 0x0000, 0x0F53, 0x4658, 0x5F43, 0x4F4D, 0x5059, 0x5F44, 0x4541, 0x5448,
    0x0400, 0x0000, 0x9666, 0x0000, 0x0004, 0x0000, 0x0000, 0x0012, 0x5346, 0x585F, 0x434F, 0x4D50,
    0x595F, 0x4445, 0x4154, 0x4865, 0x7175, 0x042E, 0x656F, 0x7300, 0x0000, 0x0094, 0x0F00, 0x0A00,
    0x0400, 0x0000, 0x1853, 0x4658, 0x5F43, 0x4F4D, 0x5059, 0x5F54, 0x5241, 0x4E53, 0x464F, 0x524D,
    0x4544, 0x6571, 0x7578, 0x1900, 0x0094, 0x1000, 0x0B00, 0x0000, 0x0000, 0x1553, 0x4658, 0x5F43,
    0x4F4D, 0x5059, 0x5F54, 0x5241, 0x4E53, 0x464F, 0x524D, 0x4544, 0x0400, 0x0000, 0x9666, 0x0000,
    0x0004, 0x0000, 0x0000, 0x0018, 0x5346, 0x585F, 0x434F, 0x4D50, 0x595F, 0x5452, 0x414E, 0x5346,
    0x4F52, 0x4D45, 0x4465, 0x7175, 0x042E, 0x656F, 0x7300, 0x0000, 0x0094, 0x0F00, 0x0A00, 0x0400,
    0x0000, 0x1F53, 0x4658, 0x5F43, 0x4F4D, 0x5059, 0x5F54, 0x5241, 0x4E53, 0x464F, 0x524D, 0x4544,
    0x5F46, 0x4C49, 0x4E43, 0x4865, 0x7175, 0x7D19, 0x0000, 0x9410, 0x000B, 0x0000, 0x0000, 0x001C,
    0x5346, 0x585F, 0x434F, 0x4D50, 0x595F, 0x5452, 0x414E, 0x5346, 0x4F52, 0x4D45, 0x445F, 0x464C,
    0x494E, 0x4348, 0x0400, 0x0000, 0x9666, 0x0000, 0x0004, 0x0000, 0x0000, 0x001F, 0x5346, 0x585F,
    0x434F, 0x4D50, 0x595F, 0x5452, 0x414E, 0x5346, 0x4F52, 0x4D45, 0x445F, 0x464C, 0x494E, 0x4348,
    0x6571, 0x7504, 0x2E65, 0x6F73, 0x0000, 0x0000, 0x940F, 0x000A, 0x0004, 0x0000, 0x001F, 0x5346,
    0x585F, 0x434F, 0x4D50, 0x595F, 0x5452, 0x414E, 0x5346, 0x4F52, 0x4D45, 0x445F, 0x4154, 0x5441,
    0x434B, 0x6571, 0x7582, 0x1900, 0x0094, 0x1000, 0x0B00, 0x0000, 0x0000, 0x1C53, 0x4658, 0x5F43,
    0x4F4D, 0x5059, 0x5F54, 0x5241, 0x4E53, 0x464F, 0x524D, 0x4544, 0x5F41, 0x5454, 0x4143, 0x4B04,
    0x0000, 0x0096, 0x6600, 0x0000, 0x0400, 0x0000, 0x0000, 0x1F53, 0x4658, 0x5F43, 0x4F4D, 0x5059,
    0x5F54, 0x5241, 0x4E53, 0x464F, 0x524D, 0x4544, 0x5F41, 0x5454, 0x4143, 0x4B65, 0x7175, 0x042E,
    0x656F, 0x7300, 0x0000, 0x0094, 0x0F00, 0x0A00, 0x0400, 0x0000, 0x1D53, 0x4658, 0x5F43, 0x4F4D,
    0x5059, 0x5F54, 0x5241, 0x4E53, 0x464F, 0x524D, 0x4544, 0x5F49, 0x444C, 0x4565, 0x7175, 0x8719,
    0x0000, 0x9410, 0x000B, 0x0000, 0x0000, 0x001A, 0x5346, 0x585F, 0x434F, 0x4D50, 0x595F, 0x5452,
    0x414E, 0x5346, 0x4F52, 0x4D45, 0x445F, 0x4944, 0x4C45, 0x0400, 0x0000, 0x9666, 0x0000, 0x0004,
    0x0000, 0x0000, 0x001D, 0x5346, 0x585F, 0x434F, 0x4D50, 0x595F, 0x5452, 0x414E, 0x5346, 0x4F52,
    0x4D45, 0x445F, 0x4944, 0x4C45, 0x6571, 0x7504, 0x2E65, 0x6F73, 0x0000, 0x0000, 0x940F, 0x000A,
    0x0004, 0x0000, 0x0023, 0x5346, 0x585F, 0x424F, 0x5353, 0x5F31, 0x5F45, 0x5854, 0x454E, 0x4445,
    0x445F, 0x4649, 0x5245, 0x5F57, 0x4152, 0x5F43, 0x5259, 0x6571, 0x75C8, 0x1900, 0x0094, 0x1000,
    0x0B00, 0x0000, 0x0000, 0x2053, 0x4658, 0x5F42, 0x4F53, 0x535F, 0x315F, 0x4558, 0x5445, 0x4E44,
    0x4544, 0x5F46, 0x4952, 0x455F, 0x5741, 0x525F, 0x4352, 0x5904, 0x0000, 0x0096, 0x6600, 0x0000,
    0x0400, 0x0000, 0x0000, 0x2353, 0x4658, 0x5F42, 0x4F53, 0x535F, 0x315F, 0x4558, 0x5445, 0x4E44,
    0x4544, 0x5F46, 0x4952, 0x455F, 0x5741, 0x525F, 0x4352, 0x5965, 0x7175, 0x042E, 0x656F, 0x7300,
    0x0000, 0x0094, 0x0F00, 0x0A00, 0x0400, 0x0000, 0x1453, 0x4658, 0x5F42, 0x4F53, 0x535F, 0x315F,
    0x464C, 0x494E, 0x4348, 0x6571, 0x75CD, 0x1900, 0x0094, 0x1000, 0x0B00, 0x0000, 0x0000, 0x1153,
    0x4658, 0x5F42, 0x4F53, 0x535F, 0x315F, 0x464C, 0x494E, 0x4348, 0x0400, 0x0000, 0x9666, 0x0000,
    0x0004, 0x0000, 0x0000, 0x0014, 0x5346, 0x585F, 0x424F, 0x5353, 0x5F31, 0x5F46, 0x4C49, 0x4E43,
    0x4865, 0x7175, 0x042E, 0x656F, 0x7300, 0x0000, 0x0094, 0x0F00, 0x0A00, 0x0400, 0x0000, 0x1453,
    0x4658, 0x5F42, 0x4F53, 0x535F, 0x315F, 0x4546, 0x464F, 0x5254, 0x6571, 0x75D2, 0x1900, 0x0094,
    0x1000, 0x0B00, 0x0000, 0x0000, 0x1153, 0x4658, 0x5F42, 0x4F53, 0x535F, 0x315F, 0x4546, 0x464F,
    0x5254, 0x0400, 0x0000, 0x9666, 0x0000, 0x0004, 0x0000, 0x0000, 0x0014, 0x5346, 0x585F, 0x424F,
    0x5353, 0x5F31, 0x5F45, 0x4646, 0x4F52, 0x5465, 0x7175, 0x042E, 0x656F, 0x7300, 0x0000, 0x0094,
    0x0F00, 0x0A00, 0x0400, 0x0000, 0x1353, 0x4658, 0x5F42, 0x4F53, 0x535F, 0x315F, 0x4445, 0x4154,
    0x4865, 0x7175, 0xD719, 0x0000, 0x9410, 0x000B, 0x0000, 0x0000, 0x0010, 0x5346, 0x585F, 0x424F,
    0x5353, 0x5F31, 0x5F44, 0x4541, 0x5448, 0x0400, 0x0000, 0x9666, 0x0000, 0x0004, 0x0000, 0x0000,
    0x0013, 0x5346, 0x585F, 0x424F, 0x5353, 0x5F31, 0x5F44, 0x4541, 0x5448, 0x6571, 0x7504, 0x2E65,
    0x6F73, 0x0000, 0x0000, 0x940F, 0x000A, 0x0004, 0x0000, 0x0014, 0x5346, 0x585F, 0x424F, 0x5353,
    0x5F31, 0x5F53, 0x4352, 0x4541, 0x4D65, 0x7175, 0xDC19, 0x0000, 0x9410, 0x000B, 0x0000, 0x0000,
    0x0011, 0x5346, 0x585F, 0x424F, 0x5353, 0x5F31, 0x5F53, 0x4352, 0x4541, 0x4D04, 0x0000, 0x0096,
    0x6600, 0x0000, 0x0400, 0x0000, 0x0000, 0x1453, 0x4658, 0x5F42, 0x4F53, 0x535F, 0x315F, 0x5343,
    0x5245, 0x414D, 0x6571, 0x7504, 0x2E65, 0x6F73, 0x0000, 0x0000, 0x940F, 0x000A, 0x0004, 0x0000,
    0x0012, 0x5346, 0x585F, 0x424F, 0x5353, 0x5F31, 0x5F46, 0x414C, 0x4C65, 0x7175, 0xE119, 0x0000,
    0x9410, 0x000B, 0x0000, 0x0000, 0x000F, 0x5346, 0x585F, 0x424F, 0x5353, 0x5F31, 0x5F46, 0x414C,
    0x4C04, 0x0000, 0x0096, 0x6600, 0x0000, 0x0400, 0x0000, 0x0000, 0x1253, 0x4658, 0x5F42, 0x4F53,
    0x535F, 0x315F, 0x4641, 0x4C4C, 0x6571, 0x7504, 0x2E65, 0x6F73, 0x0000, 0x0000, 0x940F, 0x000A,
    0x0004, 0x0000, 0x0015, 0x5346, 0x585F, 0x424F, 0x5353, 0x5F31, 0x5F56, 0x4943, 0x544F, 0x5259,
    0x6571, 0x75E6, 0x1900, 0x0094, 0x1000, 0x0B00, 0x0000, 0x0000, 0x1253, 0x4658, 0x5F42, 0x4F53,
    0x535F, 0x315F, 0x5649, 0x4354, 0x4F52, 0x5904, 0x0000, 0x0096, 0x6600, 0x0000, 0x0400, 0x0000,
    0x0000, 0x1553, 0x4658, 0x5F42, 0x4F53, 0x535F, 0x315F, 0x5649, 0x4354, 0x4F52, 0x5965, 0x7175,
    0x042E, 0x656F, 0x7300, 0x0000, 0x0094, 0x0F00, 0x0A00, 0x0400, 0x0000, 0x1953, 0x4658, 0x5F42,
    0x4F53, 0x535F, 0x315F, 0x5354, 0x4943, 0x4B59, 0x5F42, 0x4F4D, 0x4265, 0x7175, 0xEB19, 0x0000,
    0x9410, 0x000B, 0x0000, 0x0000, 0x0016, 0x5346, 0x585F, 0x424F, 0x5353, 0x5F31, 0x5F53, 0x5449,
    0x434B, 0x595F, 0x424F, 0x4D42, 0x0400, 0x0000, 0x9666, 0x0000, 0x0004, 0x0000, 0x0000, 0x0019,
    0x5346, 0x585F, 0x424F, 0x5353, 0x5F31, 0x5F53, 0x5449, 0x434B, 0x595F, 0x424F, 0x4D42, 0x6571,
    0x7504, 0x2E65, 0x6F73, 0x0000, 0x0000, 0x940F, 0x000A, 0x0004, 0x0000, 0x0013, 0x5346, 0x585F,
    0x424F, 0x5353, 0x5F31, 0x5F4C, 0x4155, 0x4748, 0x6571, 0x75F0, 0x1900, 0x0094, 0x1000, 0x0B00,
    0x0000, 0x0000, 0x1053, 0x4658, 0x5F42, 0x4F53, 0x535F, 0x315F, 0x4C41, 0x5547, 0x4804, 0x0000,
    0x0096, 0x6600, 0x0000, 0x0400, 0x0000, 0x0000, 0x1353, 0x4658, 0x5F42, 0x4F53, 0x535F, 0x315F,
    0x4C41, 0x5547, 0x4865, 0x7175, 0x042E, 0x656F, 0x7300, 0x0000, 0x0094, 0x0F00, 0x0A00, 0x0400,
    0x0000, 0x1F53, 0x4658, 0x5F42, 0x4F53, 0x535F, 0x315F, 0x5241, 0x4449, 0x4F41, 0x4354, 0x4956,
    0x455F, 0x5041, 0x4E49, 0x4365, 0x7175, 0xF519, 0x0000, 0x9410, 0x000B, 0x0000, 0x0000, 0x001C,
    0x5346, 0x585F, 0x424F, 0x5353, 0x5F31, 0x5F52, 0x4144, 0x494F, 0x4143, 0x5449, 0x5645, 0x5F50,
    0x414E, 0x4943, 0x0400, 0x0000, 0x9666, 0x0000, 0x0004, 0x0000, 0x0000, 0x001F, 0x5346, 0x585F,
    0x424F, 0x5353, 0x5F31, 0x5F52, 0x4144, 0x494F, 0x4143, 0x5449, 0x5645, 0x5F50, 0x414E, 0x4943,
    0x6571, 0x7504, 0x2E65, 0x6F73, 0x0000, 0x0000, 0x940F, 0x000A, 0x0004, 0x0000, 0x0013, 0x5346,
    0x585F, 0x424F, 0x5353, 0x5F31, 0x5F54, 0x4155, 0x4E54, 0x6571, 0x75FA, 0x1900, 0x0094, 0x1000,
    0x0B00, 0x0000, 0x0000, 0x1053, 0x4658, 0x5F42, 0x4F53, 0x535F, 0x315F, 0x5441, 0x554E, 0x5404,
    0x0000, 0x0096, 0x6600, 0x0000, 0x0400, 0x0000, 0x0000, 0x1353, 0x4658, 0x5F42, 0x4F53, 0x535F,
    0x315F, 0x5441, 0x554E, 0x5465, 0x7175, 0x042E, 0x656F, 0x7300, 0x0000, 0x0094, 0x0F00, 0x0A00,
    0x0400, 0x0000, 0x1A53, 0x4658, 0x5F42, 0x4F53, 0x535F, 0x315F, 0x4341, 0x5054, 0x5552, 0x455F,
    0x464C, 0x4147, 0x6571, 0x75FF, 0x1900, 0x0094, 0x1000, 0x0B00, 0x0000, 0x0000, 0x1753, 0x4658,
    0x5F42, 0x4F53, 0x535F, 0x315F, 0x4341, 0x5054, 0x5552, 0x455F, 0x464C, 0x4147, 0x0400, 0x0000,
    0x9666, 0x0000, 0x0004, 0x0000, 0x0000, 0x001A, 0x5346, 0x585F, 0x424F, 0x5353, 0x5F31, 0x5F43,
    0x4150, 0x5455, 0x5245, 0x5F46, 0x4C41, 0x4765, 0x7175, 0x042E, 0x656F, 0x7300, 0x0000, 0x0094,
    0x0F00, 0x0A00, 0x0400, 0x0000, 0x2253, 0x4658, 0x5F42, 0x4F53, 0x535F, 0x315F, 0x4441, 0x4D41,
    0x4745, 0x445F, 0x484F, 0x4C44, 0x494E, 0x475F, 0x464C, 0x4147, 0x6571, 0x7504, 0x1A00, 0x0094,
    0x1000, 0x0B00, 0x0000, 0x0000, 0x1F53, 0x4658, 0x5F42, 0x4F53, 0x535F, 0x315F, 0x4441, 0x4D41,
    0x4745, 0x445F, 0x484F, 0x4C44, 0x494E, 0x475F, 0x464C, 0x4147, 0x0400, 0x0000, 0x9666, 0x0000,
    0x0004, 0x0000, 0x0000, 0x0022, 0x5346, 0x585F, 0x424F, 0x5353, 0x5F31, 0x5F44, 0x414D, 0x4147,
    0x4544, 0x5F48, 0x4F4C, 0x4449, 0x4E47, 0x5F46, 0x4C41, 0x4765, 0x7175, 0x042E, 0x656F, 0x7300,
    0x0000, 0x0094, 0x0F00, 0x0A00, 0x0400, 0x0000, 0x1A53, 0x4658, 0x5F42, 0x4F53, 0x535F, 0x315F,
    0x504C, 0x414E, 0x5445, 0x445F, 0x464C, 0x4147, 0x6571, 0x7509, 0x1A00, 0x0094, 0x1000, 0x0B00,
    0x0000, 0x0000, 0x1753, 0x4658, 0x5F42, 0x4F53, 0x535F, 0x315F, 0x504C, 0x414E, 0x5445, 0x445F,
    0x464C, 0x4147, 0x0400, 0x0000, 0x9666, 0x0000, 0x0004, 0x0000, 0x0000, 0x001A, 0x5346, 0x585F,
    0x424F, 0x5353, 0x5F31, 0x5F50, 0x4C41, 0x4E54, 0x4544, 0x5F46, 0x4C41, 0x4765, 0x7175, 0x042E,
    0x656F, 0x7300, 0x0000, 0x0094, 0x0F00, 0x0A00, 0x0400, 0x0000, 0x1853, 0x4658, 0x5F42, 0x4F53,
    0x535F, 0x315F, 0x5345, 0x455F, 0x504C, 0x4159, 0x4552, 0x6571, 0x750E, 0x1A00, 0x0094, 0x1000,
    0x0B00, 0x0000, 0x0000, 0x1553, 0x4658, 0x5F42, 0x4F53, 0x535F, 0x315F, 0x5345, 0x455F, 0x504C,
    0x4159, 0x4552, 0x0400, 0x0000, 0x9666, 0x0000, 0x0004, 0x0000, 0x0000, 0x0018, 0x5346, 0x585F,
    0x424F, 0x5353, 0x5F31, 0x5F53, 0x4545, 0x5F50, 0x4C41, 0x5945, 0x5265, 0x7175, 0x042E, 0x656F,
    0x7300, 0x0000, 0x0094, 0x0F00, 0x0A00, 0x0400, 0x0000, 0x1C53, 0x4658, 0x5F42, 0x4F53, 0x535F,
    0x315F, 0x4845, 0x4152, 0x5F53, 0x4F4D, 0x4554, 0x4849, 0x4E47, 0x6571, 0x7513, 0x1A00, 0x0094,
    0x1000, 0x0B00, 0x0000, 0x0000, 0x1953, 0x4658, 0x5F42, 0x4F53, 0x535F, 0x315F, 0x4845, 0x4152,
    0x5F53, 0x4F4D, 0x4554, 0x4849, 0x4E47, 0x0400, 0x0000, 0x9666, 0x0000, 0x0004, 0x0000, 0x0000,
    0x001C, 0x5346, 0x585F, 0x424F, 0x5353, 0x5F31, 0x5F48, 0x4541, 0x525F, 0x534F, 0x4D45, 0x5448,
    0x494E, 0x4765, 0x7175, 0x042E, 0x656F, 0x7300, 0x0000, 0x0094, 0x0F00, 0x0A00, 0x0400, 0x0000,
    0x1D53, 0x4658, 0x5F42, 0x4F53, 0x535F, 0x315F, 0x534D, 0x454C, 0x4C5F, 0x534F, 0x4D45, 0x5448,
    0x494E, 0x4765, 0x7175, 0x181A, 0x0000, 0x9410, 0x000B, 0x0000, 0x0000, 0x001A, 0x5346, 0x585F,
    0x424F, 0x5353, 0x5F31, 0x5F53, 0x4D45, 0x4C4C, 0x5F53, 0x4F4D, 0x4554, 0x4849, 0x4E47, 0x0400,
    0x0000, 0x9666, 0x0000, 0x0004, 0x0000, 0x0000, 0x001D, 0x5346, 0x585F, 0x424F, 0x5353, 0x5F31,
    0x5F53, 0x4D45, 0x4C4C, 0x5F53, 0x4F4D, 0x4554, 0x4849, 0x4E47, 0x6571, 0x7504, 0x2E65, 0x6F73,
    0x0000, 0x0000, 0x940F, 0x000A, 0x0004, 0x0000, 0x001B, 0x5346, 0x585F, 0x424F, 0x5353, 0x5F31,
    0x5F4B, 0x494C, 0x4C5F, 0x4652, 0x4945, 0x4E44, 0x4C59, 0x6571, 0x751D, 0x1A00, 0x0094, 0x1000,
    0x0B00, 0x0000, 0x0000, 0x1853, 0x4658, 0x5F42, 0x4F53, 0x535F, 0x315F, 0x4B49, 0x4C4C, 0x5F46,
    0x5249, 0x454E, 0x444C, 0x5904, 0x0000, 0x0096, 0x6600, 0x0000, 0x0400, 0x0000, 0x0000, 0x1B53,
    0x4658, 0x5F42, 0x4F53, 0x535F, 0x315F, 0x4B49, 0x4C4C, 0x5F46, 0x5249, 0x454E, 0x444C, 0x5965,
    0x7175, 0x042E, 0x656F, 0x7300, 0x0000, 0x0094, 0x0F00, 0x0A00, 0x0400, 0x0000, 0x2353, 0x4658,
    0x5F42, 0x4F53, 0x535F, 0x325F, 0x4558, 0x5445, 0x4E44, 0x4544, 0x5F46, 0x4952, 0x455F, 0x5741,
    0x525F, 0x4352, 0x5965, 0x7175, 0x2C1A, 0x0000, 0x9410, 0x000B, 0x0000, 0x0000, 0x0020, 0x5346,
    0x585F, 0x424F, 0x5353, 0x5F32, 0x5F45, 0x5854, 0x454E, 0x4445, 0x445F, 0x4649, 0x5245, 0x5F57,
    0x4152, 0x5F43, 0x5259, 0x0400, 0x0000, 0x9666, 0x0000, 0x0004, 0x0000, 0x0000, 0x0023, 0x5346,
    0x585F, 0x424F, 0x5353, 0x5F32, 0x5F45, 0x5854, 0x454E, 0x4445, 0x445F, 0x4649, 0x5245, 0x5F57,
    0x4152, 0x5F43, 0x5259, 0x6571, 0x7504, 0x2E65, 0x6F73, 0x0000, 0x0000, 0x940F, 0x000A, 0x0004,
    0x0000, 0x0014, 0x5346, 0x585F, 0x424F, 0x5353, 0x5F32, 0x5F46, 0x4C49, 0x4E43, 0x4865, 0x7175,
    0x311A, 0x0000, 0x9410, 0x000B, 0x0000, 0x0000, 0x0011, 0x5346, 0x585F, 0x424F, 0x5353, 0x5F32,
    0x5F46, 0x4C49, 0x4E43, 0x4804, 0x0000, 0x0096, 0x6600, 0x0000, 0x0400, 0x0000, 0x0000, 0x1453,
    0x4658, 0x5F42, 0x4F53, 0x535F, 0x325F, 0x464C, 0x494E, 0x4348, 0x6571, 0x7504, 0x2E65, 0x6F73,
    0x0000, 0x0000, 0x940F, 0x000A, 0x0004, 0x0000, 0x0014, 0x5346, 0x585F, 0x424F, 0x5353, 0x5F32,
    0x5F45, 0x4646, 0x4F52, 0x5465, 0x7175, 0x361A, 0x0000, 0x9410, 0x000B, 0x0000, 0x0000, 0x0011,
    0x5346, 0x585F, 0x424F, 0x5353, 0x5F32, 0x5F45, 0x4646, 0x4F52, 0x5404, 0x0000, 0x0096, 0x6600,
    0x0000, 0x0400, 0x0000, 0x0000, 0x1453, 0x4658, 0x5F42, 0x4F53, 0x535F, 0x325F, 0x4546, 0x464F,
    0x5254, 0x6571, 0x7504, 0x2E65, 0x6F73, 0x0000, 0x0000, 0x940F, 0x000A, 0x0004, 0x0000, 0x0013,
    0x5346, 0x585F, 0x424F, 0x5353, 0x5F32, 0x5F44, 0x4541, 0x5448, 0x6571, 0x753B, 0x1A00, 0x0094,
    0x1000, 0x0B00, 0x0000, 0x0000, 0x1053, 0x4658, 0x5F42, 0x4F53, 0x535F, 0x325F, 0x4445, 0x4154,
    0x4804, 0x0000, 0x0096, 0x6600, 0x0000, 0x0400, 0x0000, 0x0000, 0x1353, 0x4658, 0x5F42, 0x4F53,
    0x535F, 0x325F, 0x4445, 0x4154, 0x4865, 0x7175, 0x042E, 0x656F, 0x7300, 0x0000, 0x0094, 0x0F00,
    0x0A00, 0x0400, 0x0000, 0x1453, 0x4658, 0x5F42, 0x4F53, 0x535F, 0x325F, 0x5343, 0x5245, 0x414D,
    0x6571, 0x7540, 0x1A00, 0x0094, 0x1000, 0x0B00, 0x0000, 0x0000, 0x1153, 0x4658, 0x5F42, 0x4F53,
    0x535F, 0x325F, 0x5343, 0x5245, 0x414D, 0x0400, 0x0000, 0x9666, 0x0000, 0x0004, 0x0000, 0x0000,
    0x0014, 0x5346, 0x585F, 0x424F, 0x5353, 0x5F32, 0x5F53, 0x4352, 0x4541, 0x4D65, 0x7175, 0x042E,
    0x656F, 0x7300, 0x0000, 0x0094, 0x0F00, 0x0A00, 0x0400, 0x0000, 0x1253, 0x4658, 0x5F42, 0x4F53,
    0x535F, 0x325F, 0x4641, 0x4C4C, 0x6571, 0x7545, 0x1A00, 0x0094, 0x1000, 0x0B00, 0x0000, 0x0000,
    0x0F53, 0x4658, 0x5F42, 0x4F53, 0x535F, 0x325F, 0x4641, 0x4C4C, 0x0400, 0x0000, 0x9666, 0x0000,
    0x0004, 0x0000, 0x0000, 0x0012, 0x5346, 0x585F, 0x424F, 0x5353, 0x5F32, 0x5F46, 0x414C, 0x4C65,
    0x7175, 0x042E, 0x656F, 0x7300, 0x0000, 0x0094, 0x0F00, 0x0A00, 0x0400, 0x0000, 0x1553, 0x4658,
    0x5F42, 0x4F53, 0x535F, 0x325F, 0x5649, 0x4354, 0x4F52, 0x5965, 0x7175, 0x4A1A, 0x0000, 0x9410,
    0x000B, 0x0000, 0x0000, 0x0012, 0x5346, 0x585F, 0x424F, 0x5353, 0x5F32, 0x5F56, 0x4943, 0x544F,
    0x5259, 0x0400, 0x0000, 0x9666, 0x0000, 0x0004, 0x0000, 0x0000, 0x0015, 0x5346, 0x585F, 0x424F,
    0x5353, 0x5F32, 0x5F56, 0x4943, 0x544F, 0x5259, 0x6571, 0x7504, 0x2E65, 0x6F73, 0x0000, 0x0000,
    0x940F, 0x000A, 0x0004, 0x0000, 0x0019, 0x5346, 0x585F, 0x424F, 0x5353, 0x5F32, 0x5F53, 0x5449,
    0x434B, 0x595F, 0x424F, 0x4D42, 0x6571, 0x754F, 0x1A00, 0x0094, 0x1000, 0x0B00, 0x0000, 0x0000,
    0x1653, 0x4658, 0x5F42, 0x4F53, 0x535F, 0x325F, 0x5354, 0x4943, 0x4B59, 0x5F42, 0x4F4D, 0x4204,
    0x0000, 0x0096, 0x6600, 0x0000, 0x0400, 0x0000, 0x0000, 0x1953, 0x4658, 0x5F42, 0x4F53, 0x535F,
    0x325F, 0x5354, 0x4943, 0x4B59, 0x5F42, 0x4F4D, 0x4265, 0x7175, 0x042E, 0x656F, 0x7300, 0x0000,
    0x0094, 0x0F00, 0x0A00, 0x0400, 0x0000, 0x1353, 0x4658, 0x5F42, 0x4F53, 0x535F, 0x325F, 0x4C41,
    0x5547, 0x4865, 0x7175, 0x541A, 0x0000, 0x9410, 0x000B, 0x0000, 0x0000, 0x0010, 0x5346, 0x585F,
    0x424F, 0x5353, 0x5F32, 0x5F4C, 0x4155, 0x4748, 0x0400, 0x0000, 0x9666, 0x0000, 0x0004, 0x0000,
    0x0000, 0x0013, 0x5346, 0x585F, 0x424F, 0x5353, 0x5F32, 0x5F4C, 0x4155, 0x4748, 0x6571, 0x7504,
    0x2E65, 0x6F73, 0x0000, 0x0000, 0x940F, 0x000A, 0x0004, 0x0000, 0x001F, 0x5346, 0x585F, 0x424F,
    0x5353, 0x5F32, 0x5F52, 0x4144, 0x494F, 0x4143, 0x5449, 0x5645, 0x5F50, 0x414E, 0x4943, 0x6571,
    0x7559, 0x1A00, 0x0094, 0x1000, 0x0B00, 0x0000, 0x0000, 0x1C53, 0x4658, 0x5F42, 0x4F53, 0x535F,
    0x325F, 0x5241, 0x4449, 0x4F41, 0x4354, 0x4956, 0x455F, 0x5041, 0x4E49, 0x4304, 0x0000, 0x0096,
    0x6600, 0x0000, 0x0400, 0x0000, 0x0000, 0x1F53, 0x4658, 0x5F42, 0x4F53, 0x535F, 0x325F, 0x5241,
    0x4449, 0x4F41, 0x4354, 0x4956, 0x455F, 0x5041, 0x4E49, 0x4365, 0x7175, 0x042E, 0x656F, 0x7300,
    0x0000, 0x0094, 0x0F00, 0x0A00, 0x0400, 0x0000, 0x1353, 0x4658, 0x5F42, 0x4F53, 0x535F, 0x325F,
    0x5441, 0x554E, 0x5465, 0x7175, 0x5E1A, 0x0000, 0x9410, 0x000B, 0x0000, 0x0000, 0x0010, 0x5346,
    0x585F, 0x424F, 0x5353, 0x5F32, 0x5F54, 0x4155, 0x4E54, 0x0400, 0x0000, 0x9666, 0x0000, 0x0004,
    0x0000, 0x0000, 0x0013, 0x5346, 0x585F, 0x424F, 0x5353, 0x5F32, 0x5F54, 0x4155, 0x4E54, 0x6571,
    0x7504, 0x2E65, 0x6F73, 0x0000, 0x0000, 0x940F, 0x000A, 0x0004, 0x0000, 0x001A, 0x5346, 0x585F,
    0x424F, 0x5353, 0x5F32, 0x5F43, 0x4150, 0x5455, 0x5245, 0x5F46, 0x4C41, 0x4765, 0x7175, 0x631A,
    0x0000, 0x9410, 0x000B, 0x0000, 0x0000, 0x0017, 0x5346, 0x585F, 0x424F, 0x5353, 0x5F32, 0x5F43,
    0x4150, 0x5455, 0x5245, 0x5F46, 0x4C41, 0x4704, 0x0000, 0x0096, 0x6600, 0x0000, 0x0400, 0x0000,
    0x0000, 0x1A53, 0x4658, 0x5F42, 0x4F53, 0x535F, 0x325F, 0x4341, 0x5054, 0x5552, 0x455F, 0x464C,
    0x4147, 0x6571, 0x7504, 0x2E65, 0x6F73, 0x0000, 0x0000, 0x940F, 0x000A, 0x0004, 0x0000, 0x0022,
    0x5346, 0x585F, 0x424F, 0x5353, 0x5F32, 0x5F44, 0x414D, 0x4147, 0x4544, 0x5F48, 0x4F4C, 0x4449,
    0x4E47, 0x5F46, 0x4C41, 0x4765, 0x7175, 0x681A, 0x0000, 0x9410, 0x000B, 0x0000, 0x0000, 0x001F,
    0x5346, 0x585F, 0x424F, 0x5353, 0x5F32, 0x5F44, 0x414D, 0x4147, 0x4544, 0x5F48, 0x4F4C, 0x4449,
    0x4E47, 0x5F46, 0x4C41, 0x4704, 0x0000, 0x0096, 0x6600, 0x0000, 0x0400, 0x0000, 0x0000, 0x2253,
    0x4658, 0x5F42, 0x4F53, 0x535F, 0x325F, 0x4441, 0x4D41, 0x4745, 0x445F, 0x484F, 0x4C44, 0x494E,
    0x475F, 0x464C, 0x4147, 0x6571, 0x7504, 0x2E65, 0x6F73, 0x0000, 0x0000, 0x940F, 0x000A, 0x0004,
    0x0000, 0x001A, 0x5346, 0x585F, 0x424F, 0x5353, 0x5F32, 0x5F50, 0x4C41, 0x4E54, 0x4544, 0x5F46,
    0x4C41, 0x4765, 0x7175, 0x6D1A, 0x0000, 0x9410, 0x000B, 0x0000, 0x0000, 0x0017, 0x5346, 0x585F,
    0x424F, 0x5353, 0x5F32, 0x5F50, 0x4C41, 0x4E54, 0x4544, 0x5F46, 0x4C41, 0x4704, 0x0000, 0x0096,
    0x6600, 0x0000, 0x0400, 0x0000, 0x0000, 0x1A53, 0x4658, 0x5F42, 0x4F53, 0x535F, 0x325F, 0x504C,
    0x414E, 0x5445, 0x445F, 0x464C, 0x4147, 0x6571, 0x7504, 0x2E65, 0x6F73, 0x0000, 0x0000, 0x940F,
    0x000A, 0x0004, 0x0000, 0x0018, 0x5346, 0x585F, 0x424F, 0x5353, 0x5F32, 0x5F53, 0x4545, 0x5F50,
    0x4C41, 0x5945, 0x5265, 0x7175, 0x721A, 0x0000, 0x9410, 0x000B, 0x0000, 0x0000, 0x0015, 0x5346,
    0x585F, 0x424F, 0x5353, 0x5F32, 0x5F53, 0x4545, 0x5F50, 0x4C41, 0x5945, 0x5204, 0x0000, 0x0096,
    0x6600, 0x0000, 0x0400, 0x0000, 0x0000, 0x1853, 0x4658, 0x5F42, 0x4F53, 0x535F, 0x325F, 0x5345,
    0x455F, 0x504C, 0x4159, 0x4552, 0x6571, 0x7504, 0x2E65, 0x6F73, 0x0000, 0x0000, 0x940F, 0x000A,
    0x0004, 0x0000, 0x001C, 0x5346, 0x585F, 0x424F, 0x5353, 0x5F32, 0x5F48, 0x4541, 0x525F, 0x534F,
    0x4D45, 0x5448, 0x494E, 0x4765, 0x7175, 0x771A, 0x0000, 0x9410, 0x000B, 0x0000, 0x0000, 0x0019,
    0x5346, 0x585F, 0x424F, 0x5353, 0x5F32, 0x5F48, 0x4541, 0x525F, 0x534F, 0x4D45, 0x5448, 0x494E,
    0x4704, 0x0000, 0x0096, 0x6600, 0x0000, 0x0400, 0x0000, 0x0000, 0x1C53, 0x4658, 0x5F42, 0x4F53,
    0x535F, 0x325F, 0x4845, 0x4152, 0x5F53, 0x4F4D, 0x4554, 0x4849, 0x4E47, 0x6571, 0x7504, 0x2E65,
    0x6F73, 0x0000, 0x0000, 0x940F, 0x000A, 0x0004, 0x0000, 0x001D, 0x5346, 0x585F, 0x424F, 0x5353,
    0x5F32, 0x5F53, 0x4D45, 0x4C4C, 0x5F53, 0x4F4D, 0x4554, 0x4849, 0x4E47, 0x6571, 0x757C, 0x1A00,
    0x0094, 0x1000, 0x0B00, 0x0000, 0x0000, 0x1A53, 0x4658, 0x5F42, 0x4F53, 0x535F, 0x325F, 0x534D,
    0x454C, 0x4C5F, 0x534F, 0x4D45, 0x5448, 0x494E, 0x4704, 0x0000, 0x0096, 0x6600, 0x0000, 0x0400,
    0x0000, 0x0000, 0x1D53, 0x4658, 0x5F42, 0x4F53, 0x535F, 0x325F, 0x534D, 0x454C, 0x4C5F, 0x534F,
    0x4D45, 0x5448, 0x494E, 0x4765, 0x7175, 0x042E, 0x656F, 0x7300, 0x0000, 0x0094, 0x0F00, 0x0A00,
    0x0400, 0x0000, 0x1B53, 0x4658, 0x5F42, 0x4F53, 0x535F, 0x325F, 0x4B49, 0x4C4C, 0x5F46, 0x5249,
    0x454E, 0x444C, 0x5965, 0x7175, 0x811A, 0x0000, 0x9410, 0x000B, 0x0000, 0x0000, 0x0018, 0x5346,
    0x585F, 0x424F, 0x5353, 0x5F32, 0x5F4B, 0x494C, 0x4C5F, 0x4652, 0x4945, 0x4E44, 0x4C59, 0x0400,
    0x0000, 0x9666, 0x0000, 0x0004, 0x0000, 0x0000, 0x001B, 0x5346, 0x585F, 0x424F, 0x5353, 0x5F32,
    0x5F4B, 0x494C, 0x4C5F, 0x4652, 0x4945, 0x4E44, 0x4C59, 0x6571, 0x7504, 0x2E65, 0x6F73, 0x0000,
    0x0000, 0x940F, 0x000A, 0x0004, 0x0000, 0x0023, 0x5346, 0x585F, 0x424F, 0x5353, 0x5F33, 0x5F45,
    0x5854, 0x454E, 0x4445, 0x445F, 0x4649, 0x5245, 0x5F57, 0x4152, 0x5F43, 0x5259, 0x6571, 0x7590,
    0x1A00, 0x0094, 0x1000, 0x0B00, 0x0000, 0x0000, 0x2053, 0x4658, 0x5F42, 0x4F53, 0x535F, 0x335F,
    0x4558, 0x5445, 0x4E44, 0x4544, 0x5F46, 0x4952, 0x455F, 0x5741, 0x525F, 0x4352, 0x5904, 0x0000,
    0x0096, 0x6600, 0x0000, 0x0400, 0x0000, 0x0000, 0x2353, 0x4658, 0x5F42, 0x4F53, 0x535F, 0x335F,
    0x4558, 0x5445, 0x4E44, 0x4544, 0x5F46, 0x4952, 0x455F, 0x5741, 0x525F, 0x4352, 0x5965, 0x7175,
    0x042E, 0x656F, 0x7300, 0x0000, 0x0094, 0x0F00, 0x0A00, 0x0400, 0x0000, 0x1453, 0x4658, 0x5F42,
    0x4F53, 0x535F, 0x335F, 0x464C, 0x494E, 0x4348, 0x6571, 0x7595, 0x1A00, 0x0094, 0x1000, 0x0B00,
    0x0000, 0x0000, 0x1153, 0x4658, 0x5F42, 0x4F53, 0x535F, 0x335F, 0x464C, 0x494E, 0x4348, 0x0400,
    0x0000, 0x9666, 0x0000, 0x0004, 0x0000, 0x0000, 0x0014, 0x5346, 0x585F, 0x424F, 0x5353, 0x5F33,
    0x5F46, 0x4C49, 0x4E43, 0x4865, 0x7175, 0x042E, 0x656F, 0x7300, 0x0000, 0x0094, 0x0F00, 0x0A00,
    0x0400, 0x0000, 0x1453, 0x4658, 0x5F42, 0x4F53, 0x535F, 0x335F, 0x4546, 0x464F, 0x5254, 0x6571,
    0x759A, 0x1A00, 0x0094, 0x1000, 0x0B00, 0x0000, 0x0000, 0x1153, 0x4658, 0x5F42, 0x4F53, 0x535F,
    0x335F, 0x4546, 0x464F, 0x5254, 0x0400, 0x0000, 0x9666, 0x0000, 0x0004, 0x0000, 0x0000, 0x0014,
    0x5346, 0x585F, 0x424F, 0x5353, 0x5F33, 0x5F45, 0x4646, 0x4F52, 0x5465, 0x7175, 0x042E, 0x656F,
    0x7300, 0x0000, 0x0094, 0x0F00, 0x0A00, 0x0400, 0x0000, 0x1353, 0x4658, 0x5F42, 0x4F53, 0x535F,
    0x335F, 0x4445, 0x4154, 0x4865, 0x7175, 0x9F1A, 0x0000, 0x9410, 0x000B, 0x0000, 0x0000, 0x0010,
    0x5346, 0x585F, 0x424F, 0x5353, 0x5F33, 0x5F44, 0x4541, 0x5448, 0x0400, 0x0000, 0x9666, 0x0000,
    0x0004, 0x0000, 0x0000, 0x0013, 0x5346, 0x585F, 0x424F, 0x5353, 0x5F33, 0x5F44, 0x4541, 0x5448,
    0x6571, 0x7504, 0x2E65, 0x6F73, 0x0000, 0x0000, 0x940F, 0x000A, 0x0004, 0x0000, 0x0014, 0x5346,
    0x585F, 0x424F, 0x5353, 0x5F33, 0x5F53, 0x4352, 0x4541, 0x4D65, 0x7175, 0xA41A, 0x0000, 0x9410,
    0x000B, 0x0000, 0x0000, 0x0011, 0x5346, 0x585F, 0x424F, 0x5353, 0x5F33, 0x5F53, 0x4352, 0x4541,
    0x4D04, 0x0000, 0x0096, 0x6600, 0x0000, 0x0400, 0x0000, 0x0000, 0x1453, 0x4658, 0x5F42, 0x4F53,
    0x535F, 0x335F, 0x5343, 0x5245, 0x414D, 0x6571, 0x7504, 0x2E65, 0x6F73, 0x0000, 0x0000, 0x940F,
    0x000A, 0x0004, 0x0000, 0x0012, 0x5346, 0x585F, 0x424F, 0x5353, 0x5F33, 0x5F46, 0x414C, 0x4C65,
    0x7175, 0xA91A, 0x0000, 0x9410, 0x000B, 0x0000, 0x0000, 0x000F, 0x5346, 0x585F, 0x424F, 0x5353,
    0x5F33, 0x5F46, 0x414C, 0x4C04, 0x0000, 0x0096, 0x6600, 0x0000, 0x0400, 0x0000, 0x0000, 0x1253,
    0x4658, 0x5F42, 0x4F53, 0x535F, 0x335F, 0x4641, 0x4C4C, 0x6571, 0x7504, 0x2E65, 0x6F73, 0x0000,
    0x0000, 0x940F, 0x000A, 0x0004, 0x0000, 0x0015, 0x5346, 0x585F, 0x424F, 0x5353, 0x5F33, 0x5F56,
    0x4943, 0x544F, 0x5259, 0x6571, 0x75AE, 0x1A00, 0x0094, 0x1000, 0x0B00, 0x0000, 0x0000, 0x1253,
    0x4658, 0x5F42, 0x4F53, 0x535F, 0x335F, 0x5649, 0x4354, 0x4F52, 0x5904, 0x0000, 0x0096, 0x6600,
    0x0000, 0x0400, 0x0000, 0x0000, 0x1553, 0x4658, 0x5F42, 0x4F53, 0x535F, 0x335F, 0x5649, 0x4354,
    0x4F52, 0x5965, 0x7175, 0x042E, 0x656F, 0x7300, 0x0000, 0x0094, 0x0F00, 0x0A00, 0x0400, 0x0000,
    0x1953, 0x4658, 0x5F42, 0x4F53, 0x535F, 0x335F, 0x5354, 0x4943, 0x4B59, 0x5F42, 0x4F4D, 0x4265,
    0x7175, 0xB31A, 0x0000, 0x9410, 0x000B, 0x0000, 0x0000, 0x0016, 0x5346, 0x585F, 0x424F, 0x5353,
    0x5F33, 0x5F53, 0x5449, 0x434B, 0x595F, 0x424F, 0x4D42, 0x0400, 0x0000, 0x9666, 0x0000, 0x0004,
    0x0000, 0x0000, 0x0019, 0x5346, 0x585F, 0x424F, 0x5353, 0x5F33, 0x5F53, 0x5449, 0x434B, 0x595F,
    0x424F, 0x4D42, 0x6571, 0x7504, 0x2E65, 0x6F73, 0x0000, 0x0000, 0x940F, 0x000A, 0x0004, 0x0000,
    0x0013, 0x5346, 0x585F, 0x424F, 0x5353, 0x5F33, 0x5F4C, 0x4155, 0x4748, 0x6571, 0x75B8, 0x1A00,
    0x0094, 0x1000, 0x0B00, 0x0000, 0x0000, 0x1053, 0x4658, 0x5F42, 0x4F53, 0x535F, 0x335F, 0x4C41,
    0x5547, 0x4804, 0x0000, 0x0096, 0x6600, 0x0000, 0x0400, 0x0000, 0x0000, 0x1353, 0x4658, 0x5F42,
    0x4F53, 0x535F, 0x335F, 0x4C41, 0x5547, 0x4865, 0x7175, 0x042E, 0x656F, 0x7300, 0x0000, 0x0094,
    0x0F00, 0x0A00, 0x0400, 0x0000, 0x1F53, 0x4658, 0x5F42, 0x4F53, 0x535F, 0x335F, 0x5241, 0x4449,
    0x4F41, 0x4354, 0x4956, 0x455F, 0x5041, 0x4E49, 0x4365, 0x7175, 0xBD1A, 0x0000, 0x9410, 0x000B,
    0x0000, 0x0000, 0x001C, 0x5346, 0x585F, 0x424F, 0x5353, 0x5F33, 0x5F52, 0x4144, 0x494F, 0x4143,
    0x5449, 0x5645, 0x5F50, 0x414E, 0x4943, 0x0400, 0x0000, 0x9666, 0x0000, 0x0004, 0x0000, 0x0000,
    0x001F, 0x5346, 0x585F, 0x424F, 0x5353, 0x5F33, 0x5F52, 0x4144, 0x494F, 0x4143, 0x5449, 0x5645,
    0x5F50, 0x414E, 0x4943, 0x6571, 0x7504, 0x2E65, 0x6F73, 0x0000, 0x0000, 0x940F, 0x000A, 0x0004,
    0x0000, 0x0013, 0x5346, 0x585F, 0x424F, 0x5353, 0x5F33, 0x5F54, 0x4155, 0x4E54, 0x6571, 0x75C2,
    0x1A00, 0x0094, 0x1000, 0x0B00, 0x0000, 0x0000, 0x1053, 0x4658, 0x5F42, 0x4F53, 0x535F, 0x335F,
    0x5441, 0x554E, 0x5404, 0x0000, 0x0096, 0x6600, 0x0000, 0x0400, 0x0000, 0x0000, 0x1353, 0x4658,
    0x5F42, 0x4F53, 0x535F, 0x335F, 0x5441, 0x554E, 0x5465, 0x7175, 0x042E, 0x656F, 0x7300, 0x0000,
    0x0094, 0x0F00, 0x0A00, 0x0400, 0x0000, 0x1A53, 0x4658, 0x5F42, 0x4F53, 0x535F, 0x335F, 0x4341,
    0x5054, 0x5552, 0x455F, 0x464C, 0x4147, 0x6571, 0x75C7, 0x1A00, 0x0094, 0x1000, 0x0B00, 0x0000,
    0x0000, 0x1753, 0x4658, 0x5F42, 0x4F53, 0x535F, 0x335F, 0x4341, 0x5054, 0x5552, 0x455F, 0x464C,
    0x4147, 0x0400, 0x0000, 0x9666, 0x0000, 0x0004, 0x0000, 0x0000, 0x001A, 0x5346, 0x585F, 0x424F,
    0x5353, 0x5F33, 0x5F43, 0x4150, 0x5455, 0x5245, 0x5F46, 0x4C41, 0x4765, 0x7175, 0x042E, 0x656F,
    0x7300, 0x0000, 0x0094, 0x0F00, 0x0A00, 0x0400, 0x0000, 0x2253, 0x4658, 0x5F42, 0x4F53, 0x535F,
    0x335F, 0x4441, 0x4D41, 0x4745, 0x445F, 0x484F, 0x4C44, 0x494E, 0x475F, 0x464C, 0x4147, 0x6571,
    0x75CC, 0x1A00, 0x0094, 0x1000, 0x0B00, 0x0000, 0x0000, 0x1F53, 0x4658, 0x5F42, 0x4F53, 0x535F,
    0x335F, 0x4441, 0x4D41, 0x4745, 0x445F, 0x484F, 0x4C44, 0x494E, 0x475F, 0x464C, 0x4147, 0x0400,
    0x0000, 0x9666, 0x0000, 0x0004, 0x0000, 0x0000, 0x0022, 0x5346, 0x585F, 0x424F, 0x5353, 0x5F33,
    0x5F44, 0x414D, 0x4147, 0x4544, 0x5F48, 0x4F4C, 0x4449, 0x4E47, 0x5F46, 0x4C41, 0x4765, 0x7175,
    0x042E, 0x656F, 0x7300, 0x0000, 0x0094, 0x0F00, 0x0A00, 0x0400, 0x0000, 0x1A53, 0x4658, 0x5F42,
    0x4F53, 0x535F, 0x335F, 0x504C, 0x414E, 0x5445, 0x445F, 0x464C, 0x4147, 0x6571, 0x75D1, 0x1A00,
    0x0094, 0x1000, 0x0B00, 0x0000, 0x0000, 0x1753, 0x4658, 0x5F42, 0x4F53, 0x535F, 0x335F, 0x504C,
    0x414E, 0x5445, 0x445F, 0x464C, 0x4147, 0x0400, 0x0000, 0x9666, 0x0000, 0x0004, 0x0000, 0x0000,
    0x001A, 0x5346, 0x585F, 0x424F, 0x5353, 0x5F33, 0x5F50, 0x4C41, 0x4E54, 0x4544, 0x5F46, 0x4C41,
    0x4765, 0x7175, 0x042E, 0x656F, 0x7300, 0x0000, 0x0094, 0x0F00, 0x0A00, 0x0400, 0x0000, 0x1853,
    0x4658, 0x5F42, 0x4F53, 0x535F, 0x335F, 0x5345, 0x455F, 0x504C, 0x4159, 0x4552, 0x6571, 0x75D6,
    0x1A00, 0x0094, 0x1000, 0x0B00, 0x0000, 0x0000, 0x1553, 0x4658, 0x5F42, 0x4F53, 0x535F, 0x335F,
    0x5345, 0x455F, 0x504C, 0x4159, 0x4552, 0x0400, 0x0000, 0x9666, 0x0000, 0x0004, 0x0000, 0x0000,
    0x0018, 0x5346, 0x585F, 0x424F, 0x5353, 0x5F33, 0x5F53, 0x4545, 0x5F50, 0x4C41, 0x5945, 0x5265,
    0x7175, 0x042E, 0x656F, 0x7300, 0x0000, 0x0094, 0x0F00, 0x0A00, 0x0400, 0x0000, 0x1C53, 0x4658,
    0x5F42, 0x4F53, 0x535F, 0x335F, 0x4845, 0x4152, 0x5F53, 0x4F4D, 0x4554, 0x4849, 0x4E47, 0x6571,
    0x75DB, 0x1A00, 0x0094, 0x1000, 0x0B00, 0x0000, 0x0000, 0x1953, 0x4658, 0x5F42, 0x4F53, 0x535F,
    0x335F, 0x4845, 0x4152, 0x5F53, 0x4F4D, 0x4554, 0x4849, 0x4E47, 0x0400, 0x0000, 0x9666, 0x0000,
    0x0004, 0x0000, 0x0000, 0x001C, 0x5346, 0x585F, 0x424F, 0x5353, 0x5F33, 0x5F48, 0x4541, 0x525F,
    0x534F, 0x4D45, 0x5448, 0x494E, 0x4765, 0x7175, 0x042E, 0x656F, 0x7300, 0x0000, 0x0094, 0x0F00,
    0x0A00, 0x0400, 0x0000, 0x1D53, 0x4658, 0x5F42, 0x4F53, 0x535F, 0x335F, 0x534D, 0x454C, 0x4C5F,
    0x534F, 0x4D45, 0x5448, 0x494E, 0x4765, 0x7175, 0xE01A, 0x0000, 0x9410, 0x000B, 0x0000, 0x0000,
    0x001A, 0x5346, 0x585F, 0x424F, 0x5353, 0x5F33, 0x5F53, 0x4D45, 0x4C4C, 0x5F53, 0x4F4D, 0x4554,
    0x4849, 0x4E47, 0x0400, 0x0000, 0x9666, 0x0000, 0x0004, 0x0000, 0x0000, 0x001D, 0x5346, 0x585F,
    0x424F, 0x5353, 0x5F33, 0x5F53, 0x4D45, 0x4C4C, 0x5F53, 0x4F4D, 0x4554, 0x4849, 0x4E47, 0x6571,
    0x7504, 0x2E65, 0x6F73, 0x0000, 0x0000, 0x940F, 0x000A, 0x0004, 0x0000, 0x001B, 0x5346, 0x585F,
    0x424F, 0x5353, 0x5F33, 0x5F4B, 0x494C, 0x4C5F, 0x4652, 0x4945, 0x4E44, 0x4C59, 0x6571, 0x75E5,
    0x1A00, 0x0094, 0x1000, 0x0B00, 0x0000, 0x0000, 0x1853, 0x4658, 0x5F42, 0x4F53, 0x535F, 0x335F,
    0x4B49, 0x4C4C, 0x5F46, 0x5249, 0x454E, 0x444C, 0x5904, 0x0000, 0x0096, 0x6600, 0x0000, 0x0400,
    0x0000, 0x0000, 0x1B53, 0x4658, 0x5F42, 0x4F53, 0x535F, 0x335F, 0x4B49, 0x4C4C, 0x5F46, 0x5249,
    0x454E, 0x444C, 0x5965, 0x7175, 0x042E, 0x656F, 0x7300, 0x0000, 0x0094, 0x0F00, 0x0A00, 0x0400,
    0x0000, 0x2353, 0x4658, 0x5F42, 0x4F53, 0x535F, 0x345F, 0x4558, 0x5445, 0x4E44, 0x4544, 0x5F46,
    0x4952, 0x455F, 0x5741, 0x525F, 0x4352, 0x5965, 0x7175, 0xF41A, 0x0000, 0x9410, 0x000B, 0x0000,
    0x0000, 0x0020, 0x5346, 0x585F, 0x424F, 0x5353, 0x5F34, 0x5F45, 0x5854, 0x454E, 0x4445, 0x445F,
    0x4649, 0x5245, 0x5F57, 0x4152, 0x5F43, 0x5259, 0x0400, 0x0000, 0x9666, 0x0000, 0x0004, 0x0000,
    0x0000, 0x0023, 0x5346, 0x585F, 0x424F, 0x5353, 0x5F34, 0x5F45, 0x5854, 0x454E, 0x4445, 0x445F,
    0x4649, 0x5245, 0x5F57, 0x4152, 0x5F43, 0x5259, 0x6571, 0x7504, 0x2E65, 0x6F73, 0x0000, 0x0000,
    0x940F, 0x000A, 0x0004, 0x0000, 0x0014, 0x5346, 0x585F, 0x424F, 0x5353, 0x5F34, 0x5F46, 0x4C49,
    0x4E43, 0x4865, 0x7175, 0xF91A, 0x0000, 0x9410, 0x000B, 0x0000, 0x0000, 0x0011, 0x5346, 0x585F,
    0x424F, 0x5353, 0x5F34, 0x5F46, 0x4C49, 0x4E43, 0x4804, 0x0000, 0x0096, 0x6600, 0x0000, 0x0400,
    0x0000, 0x0000, 0x1453, 0x4658, 0x5F42, 0x4F53, 0x535F, 0x345F, 0x464C, 0x494E, 0x4348, 0x6571,
    0x7504, 0x2E65, 0x6F73, 0x0000, 0x0000, 0x940F, 0x000A, 0x0004, 0x0000, 0x0014, 0x5346, 0x585F,
    0x424F, 0x5353, 0x5F34, 0x5F45, 0x4646, 0x4F52, 0x5465, 0x7175, 0xFE1A, 0x0000, 0x9410, 0x000B,
    0x0000, 0x0000, 0x0011, 0x5346, 0x585F, 0x424F, 0x5353, 0x5F34, 0x5F45, 0x4646, 0x4F52, 0x5404,
    0x0000, 0x0096, 0x6600, 0x0000, 0x0400, 0x0000, 0x0000, 0x1453, 0x4658, 0x5F42, 0x4F53, 0x535F,
    0x345F, 0x4546, 0x464F, 0x5254, 0x6571, 0x7504, 0x2E65, 0x6F73, 0x0000, 0x0000, 0x940F, 0x000A,
    0x0004, 0x0000, 0x0013, 0x5346, 0x585F, 0x424F, 0x5353, 0x5F34, 0x5F44, 0x4541, 0x5448, 0x6571,
    0x7503, 0x1B00, 0x0094, 0x1000, 0x0B00, 0x0000, 0x0000, 0x1053, 0x4658, 0x5F42, 0x4F53, 0x535F,
    0x345F, 0x4445, 0x4154, 0x4804, 0x0000, 0x0096, 0x6600, 0x0000, 0x0400, 0x0000, 0x0000, 0x1353,
    0x4658, 0x5F42, 0x4F53, 0x535F, 0x345F, 0x4445, 0x4154, 0x4865, 0x7175, 0x042E, 0x656F, 0x7300,
    0x0000, 0x0094, 0x0F00, 0x0A00, 0x0400, 0x0000, 0x1453, 0x4658, 0x5F42, 0x4F53, 0x535F, 0x345F,
    0x5343, 0x5245, 0x414D, 0x6571, 0x7508, 0x1B00, 0x0094, 0x1000, 0x0B00, 0x0000, 0x0000, 0x1153,
    0x4658, 0x5F42, 0x4F53, 0x535F, 0x345F, 0x5343, 0x5245, 0x414D, 0x0400, 0x0000, 0x9666, 0x0000,
    0x0004, 0x0000, 0x0000, 0x0014, 0x5346, 0x585F, 0x424F, 0x5353, 0x5F34, 0x5F53, 0x4352, 0x4541,
    0x4D65, 0x7175, 0x042E, 0x656F, 0x7300, 0x0000, 0x0094, 0x0F00, 0x0A00, 0x0400, 0x0000, 0x1253,
    0x4658, 0x5F42, 0x4F53, 0x535F, 0x345F, 0x4641, 0x4C4C, 0x6571, 0x750D, 0x1B00, 0x0094, 0x1000,
    0x0B00, 0x0000, 0x0000, 0x0F53, 0x4658, 0x5F42, 0x4F53, 0x535F, 0x345F, 0x4641, 0x4C4C, 0x0400,
    0x0000, 0x9666, 0x0000, 0x0004, 0x0000, 0x0000, 0x0012, 0x5346, 0x585F, 0x424F, 0x5353, 0x5F34,
    0x5F46, 0x414C, 0x4C65, 0x7175, 0x042E, 0x656F, 0x7300, 0x0000, 0x0094, 0x0F00, 0x0A00, 0x0400,
    0x0000, 0x1553, 0x4658, 0x5F42, 0x4F53, 0x535F, 0x345F, 0x5649, 0x4354, 0x4F52, 0x5965, 0x7175,
    0x121B, 0x0000, 0x9410, 0x000B, 0x0000, 0x0000, 0x0012, 0x5346, 0x585F, 0x424F, 0x5353, 0x5F34,
    0x5F56, 0x4943, 0x544F, 0x5259, 0x0400, 0x0000, 0x9666, 0x0000, 0x0004, 0x0000, 0x0000, 0x0015,
    0x5346, 0x585F, 0x424F, 0x5353, 0x5F34, 0x5F56, 0x4943, 0x544F, 0x5259, 0x6571, 0x7504, 0x2E65,
    0x6F73, 0x0000, 0x0000, 0x940F, 0x000A, 0x0004, 0x0000, 0x0019, 0x5346, 0x585F, 0x424F, 0x5353,
    0x5F34, 0x5F53, 0x5449, 0x434B, 0x595F, 0x424F, 0x4D42, 0x6571, 0x7517, 0x1B00, 0x0094, 0x1000,
    0x0B00, 0x0000, 0x0000, 0x1653, 0x4658, 0x5F42, 0x4F53, 0x535F, 0x345F, 0x5354, 0x4943, 0x4B59,
    0x5F42, 0x4F4D, 0x4204, 0x0000, 0x0096, 0x6600, 0x0000, 0x0400, 0x0000, 0x0000, 0x1953, 0x4658,
    0x5F42, 0x4F53, 0x535F, 0x345F, 0x5354, 0x4943, 0x4B59, 0x5F42, 0x4F4D, 0x4265, 0x7175, 0x042E,
    0x656F, 0x7300, 0x0000, 0x0094, 0x0F00, 0x0A00, 0x0400, 0x0000, 0x1353, 0x4658, 0x5F42, 0x4F53,
    0x535F, 0x345F, 0x4C41, 0x5547, 0x4865, 0x7175, 0x1C1B, 0x0000, 0x9410, 0x000B, 0x0000, 0x0000,
    0x0010, 0x5346, 0x585F, 0x424F, 0x5353, 0x5F34, 0x5F4C, 0x4155, 0x4748, 0x0400, 0x0000, 0x9666,
    0x0000, 0x0004, 0x0000, 0x0000, 0x0013, 0x5346, 0x585F, 0x424F, 0x5353, 0x5F34, 0x5F4C, 0x4155,
    0x4748, 0x6571, 0x7504, 0x2E65, 0x6F73, 0x0000, 0x0000, 0x940F, 0x000A, 0x0004, 0x0000, 0x001F,
    0x5346, 0x585F, 0x424F, 0x5353, 0x5F34, 0x5F52, 0x4144, 0x494F, 0x4143, 0x5449, 0x5645, 0x5F50,
    0x414E, 0x4943, 0x6571, 0x7521, 0x1B00, 0x0094, 0x1000, 0x0B00, 0x0000, 0x0000, 0x1C53, 0x4658,
    0x5F42, 0x4F53, 0x535F, 0x345F, 0x5241, 0x4449, 0x4F41, 0x4354, 0x4956, 0x455F, 0x5041, 0x4E49,
    0x4304, 0x0000, 0x0096, 0x6600, 0x0000, 0x0400, 0x0000, 0x0000, 0x1F53, 0x4658, 0x5F42, 0x4F53,
    0x535F, 0x345F, 0x5241, 0x4449, 0x4F41, 0x4354, 0x4956, 0x455F, 0x5041, 0x4E49, 0x4365, 0x7175,
    0x042E, 0x656F, 0x7300, 0x0000, 0x0094, 0x0F00, 0x0A00, 0x0400, 0x0000, 0x1353, 0x4658, 0x5F42,
    0x4F53, 0x535F, 0x345F, 0x5441, 0x554E, 0x5465, 0x7175, 0x261B, 0x0000, 0x9410, 0x000B, 0x0000,
    0x0000, 0x0010, 0x5346, 0x585F, 0x424F, 0x5353, 0x5F34, 0x5F54, 0x4155, 0x4E54, 0x0400, 0x0000,
    0x9666, 0x0000, 0x0004, 0x0000, 0x0000, 0x0013, 0x5346, 0x585F, 0x424F, 0x5353, 0x5F34, 0x5F54,
    0x4155, 0x4E54, 0x6571, 0x7504, 0x2E65, 0x6F73, 0x0000, 0x0000, 0x940F, 0x000A, 0x0004, 0x0000,
    0x001A, 0x5346, 0x585F, 0x424F, 0x5353, 0x5F34, 0x5F43, 0x4150, 0x5455, 0x5245, 0x5F46, 0x4C41,
    0x4765, 0x7175, 0x2B1B, 0x0000, 0x9410, 0x000B, 0x0000, 0x0000, 0x0017, 0x5346, 0x585F, 0x424F,
    0x5353, 0x5F34, 0x5F43, 0x4150, 0x5455, 0x5245, 0x5F46, 0x4C41, 0x4704, 0x0000, 0x0096, 0x6600,
    0x0000, 0x0400, 0x0000, 0x0000, 0x1A53, 0x4658, 0x5F42, 0x4F53, 0x535F, 0x345F, 0x4341, 0x5054,
    0x5552, 0x455F, 0x464C, 0x4147, 0x6571, 0x7504, 0x2E65, 0x6F73, 0x0000, 0x0000, 0x940F, 0x000A,
    0x0004, 0x0000, 0x0022, 0x5346, 0x585F, 0x424F, 0x5353, 0x5F34, 0x5F44, 0x414D, 0x4147, 0x4544,
    0x5F48, 0x4F4C, 0x4449, 0x4E47, 0x5F46, 0x4C41, 0x4765, 0x7175, 0x301B, 0x0000, 0x9410, 0x000B,
    0x0000, 0x0000, 0x001F, 0x5346, 0x585F, 0x424F, 0x5353, 0x5F34, 0x5F44, 0x414D, 0x4147, 0x4544,
    0x5F48, 0x4F4C, 0x4449, 0x4E47, 0x5F46, 0x4C41, 0x4704, 0x0000, 0x0096, 0x6600, 0x0000, 0x0400,
    0x0000, 0x0000, 0x2253, 0x4658, 0x5F42, 0x4F53, 0x535F, 0x345F, 0x4441, 0x4D41, 0x4745, 0x445F,
    0x484F, 0x4C44, 0x494E, 0x475F, 0x464C, 0x4147, 0x6571, 0x7504, 0x2E65, 0x6F73, 0x0000, 0x0000,
    0x940F, 0x000A, 0x0004, 0x0000, 0x001A, 0x5346, 0x585F, 0x424F, 0x5353, 0x5F34, 0x5F50, 0x4C41,
    0x4E54, 0x4544, 0x5F46, 0x4C41, 0x4765, 0x7175, 0x351B, 0x0000, 0x9410, 0x000B, 0x0000, 0x0000,
    0x0017, 0x5346, 0x585F, 0x424F, 0x5353, 0x5F34, 0x5F50, 0x4C41, 0x4E54, 0x4544, 0x5F46, 0x4C41,
    0x4704, 0x0000, 0x0096, 0x6600, 0x0000, 0x0400, 0x0000, 0x0000, 0x1A53, 0x4658, 0x5F42, 0x4F53,
    0x535F, 0x345F, 0x504C, 0x414E, 0x5445, 0x445F, 0x464C, 0x4147, 0x6571, 0x7504, 0x2E65, 0x6F73,
    0x0000, 0x0000, 0x940F, 0x000A, 0x0004, 0x0000, 0x0018, 0x5346, 0x585F, 0x424F, 0x5353, 0x5F34,
    0x5F53, 0x4545, 0x5F50, 0x4C41, 0x5945, 0x5265, 0x7175, 0x3A1B, 0x0000, 0x9410, 0x000B, 0x0000,
    0x0000, 0x0015, 0x5346, 0x585F, 0x424F, 0x5353, 0x5F34, 0x5F53, 0x4545, 0x5F50, 0x4C41, 0x5945,
    0x5204, 0x0000, 0x0096, 0x6600, 0x0000, 0x0400, 0x0000, 0x0000, 0x1853, 0x4658, 0x5F42, 0x4F53,
    0x535F, 0x345F, 0x5345, 0x455F, 0x504C, 0x4159, 0x4552, 0x6571, 0x7504, 0x2E65, 0x6F73, 0x0000,
    0x0000, 0x940F, 0x000A, 0x0004, 0x0000, 0x001C, 0x5346, 0x585F, 0x424F, 0x5353, 0x5F34, 0x5F48,
    0x4541, 0x525F, 0x534F, 0x4D45, 0x5448, 0x494E, 0x4765, 0x7175, 0x3F1B, 0x0000, 0x9410, 0x000B,
    0x0000, 0x0000, 0x0019, 0x5346, 0x585F, 0x424F, 0x5353, 0x5F34, 0x5F48, 0x4541, 0x525F, 0x534F,
    0x4D45, 0x5448, 0x494E, 0x4704, 0x0000, 0x0096, 0x6600, 0x0000, 0x0400, 0x0000, 0x0000, 0x1C53,
    0x4658, 0x5F42, 0x4F53, 0x535F, 0x345F, 0x4845, 0x4152, 0x5F53, 0x4F4D, 0x4554, 0x4849, 0x4E47,
    0x6571, 0x7504, 0x2E65, 0x6F73, 0x0000, 0x0000, 0x940F, 0x000A, 0x0004, 0x0000, 0x001D, 0x5346,
    0x585F, 0x424F, 0x5353, 0x5F34, 0x5F53, 0x4D45, 0x4C4C, 0x5F53, 0x4F4D, 0x4554, 0x4849, 0x4E47,
    0x6571, 0x7544, 0x1B00, 0x0094, 0x1000, 0x0B00, 0x0000, 0x0000, 0x1A53, 0x4658, 0x5F42, 0x4F53,
    0x535F, 0x345F, 0x534D, 0x454C, 0x4C5F, 0x534F, 0x4D45, 0x5448, 0x494E, 0x4704, 0x0000, 0x0096,
    0x6600, 0x0000, 0x0400, 0x0000, 0x0000, 0x1D53, 0x4658, 0x5F42, 0x4F53, 0x535F, 0x345F, 0x534D,
    0x454C, 0x4C5F, 0x534F, 0x4D45, 0x5448, 0x494E, 0x4765, 0x7175, 0x042E, 0x656F, 0x7300, 0x0000,
    0x0094, 0x0F00, 0x0A00, 0x0400, 0x0000, 0x1B53, 0x4658, 0x5F42, 0x4F53, 0x535F, 0x345F, 0x4B49,
    0x4C4C, 0x5F46, 0x5249, 0x454E, 0x444C, 0x5965, 0x7175, 0x491B, 0x0000, 0x9410, 0x000B, 0x0000,
    0x0000, 0x0018, 0x5346, 0x585F, 0x424F, 0x5353, 0x5F34, 0x5F4B, 0x494C, 0x4C5F, 0x4652, 0x4945,
    0x4E44, 0x4C59, 0x0400, 0x0000, 0x9666, 0x0000, 0x0004, 0x0000, 0x0000, 0x001B, 0x5346, 0x585F,
    0x424F, 0x5353, 0x5F34, 0x5F4B, 0x494C, 0x4C5F, 0x4652, 0x4945, 0x4E44, 0x4C59, 0x6571, 0x7504,
    0x2E65, 0x6F73, 0x0000, 0x0000, 0x940F, 0x000A, 0x0004, 0x0000, 0x0014, 0x5346, 0x585F, 0x424F,
    0x5353, 0x5F34, 0x5F53, 0x554D, 0x4D4F, 0x4E65, 0x7175, 0x4E1B, 0x0000, 0x9410, 0x000B, 0x0000,
    0x0000, 0x0011, 0x5346, 0x585F, 0x424F, 0x5353, 0x5F34, 0x5F53, 0x554D, 0x4D4F, 0x4E04, 0x0000,
    0x0096, 0x6600, 0x0000, 0x0400, 0x0000, 0x0000, 0x1453, 0x4658, 0x5F42, 0x4F53, 0x535F, 0x345F,
    0x5355, 0x4D4D, 0x4F4E, 0x6571, 0x7504, 0x2E65, 0x6F73, 0x0000, 0x0000, 0x940F, 0x000A, 0x0004,
    0x0000, 0x000D, 0x4D55, 0x5349, 0x435F, 0x4E4F, 0x4E45, 0x6571, 0x7500, 0x0000, 0x0094, 0x1000,
    0x0B00, 0x0000, 0x0000, 0x0A4D, 0x5553, 0x4943, 0x5F4E, 0x4F4E, 0x4504, 0x0000, 0x0096, 0x6600,
    0x0000, 0x0400, 0x0000, 0x0000, 0x0D4D, 0x5553, 0x4943, 0x5F4E, 0x4F4E, 0x4565, 0x7175, 0x042E,
    0x656F, 0x7300, 0x0000, 0x0094, 0x0F00, 0x0A00, 0x0400, 0x0000, 0x0F4D, 0x5553, 0x4943, 0x5F4C,
    0x4556, 0x454C, 0x3165, 0x7175, 0x0100, 0x0000, 0x9410, 0x000B, 0x0000, 0x0000, 0x000C, 0x4D55,
    0x5349, 0x435F, 0x4C45, 0x5645, 0x4C31, 0x0400, 0x0000, 0x9666, 0x0000, 0x0004, 0x0000, 0x0000,
    0x000F, 0x4D55, 0x5349, 0x435F, 0x4C45, 0x5645, 0x4C31, 0x6571, 0x7504, 0x2E65, 0x6F73, 0x0000,
    0x0000, 0x940F, 0x000A, 0x0004, 0x0000, 0x000F, 0x4D55, 0x5349, 0x435F, 0x4C45, 0x5645, 0x4C32,
    0x6571, 0x7502, 0x0000, 0x0094, 0x1000, 0x0B00, 0x0000, 0x0000, 0x0C4D, 0x5553, 0x4943, 0x5F4C,
    0x4556, 0x454C, 0x3204, 0x0000, 0x0096, 0x6600, 0x0000, 0x0400, 0x0000, 0x0000, 0x0F4D, 0x5553,
    0x4943, 0x5F4C, 0x4556, 0x454C, 0x3265, 0x7175, 0x042E, 0x656F, 0x7300, 0x0000, 0x0094, 0x0F00,
    0x0A00, 0x0400, 0x0000, 0x0F4D, 0x5553, 0x4943, 0x5F4C, 0x4556, 0x454C, 0x3365, 0x7175, 0x0300,
    0x0000, 0x9410, 0x000B, 0x0000, 0x0000, 0x000C, 0x4D55, 0x5349, 0x435F, 0x4C45, 0x5645, 0x4C33,
    0x0400, 0x0000, 0x9666, 0x0000, 0x0004, 0x0000, 0x0000, 0x000F, 0x4D55, 0x5349, 0x435F, 0x4C45,
    0x5645, 0x4C33, 0x6571, 0x7504, 0x2E65, 0x6F73, 0x0000, 0x0000, 0x940F, 0x000A, 0x0004, 0x0000,
    0x000F, 0x4D55, 0x5349, 0x435F, 0x4C45, 0x5645, 0x4C34, 0x6571, 0x7504, 0x0000, 0x0094, 0x1000,
    0x0B00, 0x0000, 0x0000, 0x0C4D, 0x5553, 0x4943, 0x5F4C, 0x4556, 0x454C, 0x3404, 0x0000, 0x0096,
    0x6600, 0x0000, 0x0400, 0x0000, 0x0000, 0x0F4D, 0x5553, 0x4943, 0x5F4C, 0x4556, 0x454C, 0x3465,
    0x7175, 0x042E, 0x656F, 0x7300, 0x0000, 0x0094, 0x0F00, 0x0A00, 0x0400, 0x0000, 0x0F4D, 0x5553,
    0x4943, 0x5F4C, 0x4556, 0x454C, 0x3565, 0x7175, 0x0500, 0x0000, 0x9410, 0x000B, 0x0000, 0x0000,
    0x000C, 0x4D55, 0x5349, 0x435F, 0x4C45, 0x5645, 0x4C35, 0x0400, 0x0000, 0x9666, 0x0000, 0x0004,
    0x0000, 0x0000, 0x000F, 0x4D55, 0x5349, 0x435F, 0x4C45, 0x5645, 0x4C35, 0x6571, 0x7504, 0x2E65,
    0x6F73, 0x0000, 0x0000, 0x940F, 0x000A, 0x0004, 0x0000, 0x000F, 0x4D55, 0x5349, 0x435F, 0x4C45,
    0x5645, 0x4C36, 0x6571, 0x7506, 0x0000, 0x0094, 0x1000, 0x0B00, 0x0000, 0x0000, 0x0C4D, 0x5553,
    0x4943, 0x5F4C, 0x4556, 0x454C, 0x3604, 0x0000, 0x0096, 0x6600, 0x0000, 0x0400, 0x0000, 0x0000,
    0x0F4D, 0x5553, 0x4943, 0x5F4C, 0x4556, 0x454C, 0x3665, 0x7175, 0x042E, 0x656F, 0x7300, 0x0000,
    0x0094, 0x0F00, 0x0A00, 0x0400, 0x0000, 0x0E4D, 0x5553, 0x4943, 0x5F42, 0x4F53, 0x5331, 0x6571,
    0x7507, 0x0000, 0x0094, 0x1000, 0x0B00, 0x0000, 0x0000, 0x0B4D, 0x5553, 0x4943, 0x5F42, 0x4F53,
    0x5331, 0x0400, 0x0000, 0x9666, 0x0000, 0x0004, 0x0000, 0x0000, 0x000E, 0x4D55, 0x5349, 0x435F,
    0x424F, 0x5353, 0x3165, 0x7175, 0x042E, 0x656F, 0x7300, 0x0000, 0x0094, 0x0F00, 0x0A00, 0x0400,
    0x0000, 0x0E4D, 0x5553, 0x4943, 0x5F42, 0x4F53, 0x5332, 0x6571, 0x7508, 0x0000, 0x0094, 0x1000,
    0x0B00, 0x0000, 0x0000, 0x0B4D, 0x5553, 0x4943, 0x5F42, 0x4F53, 0x5332, 0x0400, 0x0000, 0x9666,
    0x0000, 0x0004, 0x0000, 0x0000, 0x000E, 0x4D55, 0x5349, 0x435F, 0x424F, 0x5353, 0x3265, 0x7175,
    0x042E, 0x656F, 0x7300, 0x0000, 0x0094, 0x0F00, 0x0A00, 0x0400, 0x0000, 0x0E4D, 0x5553, 0x4943,
    0x5F42, 0x4F53, 0x5333, 0x6571, 0x7509, 0x0000, 0x0094, 0x1000, 0x0B00, 0x0000, 0x0000, 0x0B4D,
    0x5553, 0x4943, 0x5F42, 0x4F53, 0x5333, 0x0400, 0x0000, 0x9666, 0x0000, 0x0004, 0x0000, 0x0000,
    0x000E, 0x4D55, 0x5349, 0x435F, 0x424F, 0x5353, 0x3365, 0x7175, 0x042E, 0x656F, 0x7300, 0x0000,
    0x0094, 0x0F00, 0x0A00, 0x0400, 0x0000, 0x0E4D, 0x5553, 0x4943, 0x5F42, 0x4F53, 0x5334, 0x6571,
    0x750A, 0x0000, 0x0094, 0x1000, 0x0B00, 0x0000, 0x0000, 0x0B4D, 0x5553, 0x4943, 0x5F42, 0x4F53,
    0x5334, 0x0400, 0x0000, 0x9666, 0x0000, 0x0004, 0x0000, 0x0000, 0x000E, 0x4D55, 0x5349, 0x435F,
    0x424F, 0x5353, 0x3465, 0x7175, 0x042E, 0x656F, 0x7300, 0x0000, 0x0094, 0x0F00, 0x0A00, 0x0400,
    0x0000, 0x144D, 0x5553, 0x4943, 0x5F44, 0x4541, 0x5448, 0x4D41, 0x5443, 0x4831, 0x6571, 0x750B,
    0x0000, 0x0094, 0x1000, 0x0B00, 0x0000, 0x0000, 0x114D, 0x5553, 0x4943, 0x5F44, 0x4541, 0x5448,
    0x4D41, 0x5443, 0x4831, 0x0400, 0x0000, 0x9666, 0x0000, 0x0004, 0x0000, 0x0000, 0x0014, 0x4D55,
    0x5349, 0x435F, 0x4445, 0x4154, 0x484D, 0x4154, 0x4348, 0x3165, 0x7175, 0x042E, 0x656F, 0x7300,
    0x0000, 0x0094, 0x0F00, 0x0A00, 0x0400, 0x0000, 0x144D, 0x5553, 0x4943, 0x5F44, 0x4541, 0x5448,
    0x4D41, 0x5443, 0x4832, 0x6571, 0x750C, 0x0000, 0x0094, 0x1000, 0x0B00, 0x0000, 0x0000, 0x114D,
    0x5553, 0x4943, 0x5F44, 0x4541, 0x5448, 0x4D41, 0x5443, 0x4832, 0x0400, 0x0000, 0x9666, 0x0000,
    0x0004, 0x0000, 0x0000, 0x0014, 0x4D55, 0x5349, 0x435F, 0x4445, 0x4154, 0x484D, 0x4154, 0x4348,
    0x3265, 0x7175, 0x042E, 0x656F, 0x7300, 0x0000, 0x0094, 0x0F00, 0x0A00, 0x0400, 0x0000, 0x144D,
    0x5553, 0x4943, 0x5F44, 0x4541, 0x5448, 0x4D41, 0x5443, 0x4833, 0x6571, 0x750D, 0x0000, 0x0094,
    0x1000, 0x0B00, 0x0000, 0x0000, 0x114D, 0x5553, 0x4943, 0x5F44, 0x4541, 0x5448, 0x4D41, 0x5443,
    0x4833, 0x0400, 0x0000, 0x9666, 0x0000, 0x0004, 0x0000, 0x0000, 0x0014, 0x4D55, 0x5349, 0x435F,
    0x4445, 0x4154, 0x484D, 0x4154, 0x4348, 0x3365, 0x7175, 0x042E, 0x656F, 0x7300, 0x0000, 0x0094,
    0x0F00, 0x0A00, 0x0400, 0x0000, 0x144D, 0x5553, 0x4943, 0x5F44, 0x4541, 0x5448, 0x4D41, 0x5443,
    0x4834, 0x6571, 0x750E, 0x0000, 0x0094, 0x1000, 0x0B00, 0x0000, 0x0000, 0x114D, 0x5553, 0x4943,
    0x5F44, 0x4541, 0x5448, 0x4D41, 0x5443, 0x4834, 0x0400, 0x0000, 0x9666, 0x0000, 0x0004, 0x0000,
    0x0000, 0x0014, 0x4D55, 0x5349, 0x435F, 0x4445, 0x4154, 0x484D, 0x4154, 0x4348, 0x3465, 0x7175,
    0x042E, 0x656F, 0x7300, 0x0000, 0x0094, 0x0F00, 0x0A00, 0x0400, 0x0000, 0x164D, 0x5553, 0x4943,
    0x5F4C, 0x4556, 0x454C, 0x5F49, 0x4E54, 0x524F, 0x5F31, 0x6571, 0x750F, 0x0000, 0x0094, 0x1000,
    0x0B00, 0x0000, 0x0000, 0x134D, 0x5553, 0x4943, 0x5F4C, 0x4556, 0x454C, 0x5F49, 0x4E54, 0x524F,
    0x5F31, 0x0400, 0x0000, 0x9666, 0x0000, 0x0004, 0x0000, 0x0000, 0x0016, 0x4D55, 0x5349, 0x435F,
    0x4C45, 0x5645, 0x4C5F, 0x494E, 0x5452, 0x4F5F, 0x3165, 0x7175, 0x042E, 0x656F, 0x7300, 0x0000,
    0x0094, 0x0F00, 0x0A00, 0x0400, 0x0000, 0x164D, 0x5553, 0x4943, 0x5F4C, 0x4556, 0x454C, 0x5F49,
    0x4E54, 0x524F, 0x5F32, 0x6571, 0x7510, 0x0000, 0x0094, 0x1000, 0x0B00, 0x0000, 0x0000, 0x134D,
    0x5553, 0x4943, 0x5F4C, 0x4556, 0x454C, 0x5F49, 0x4E54, 0x524F, 0x5F32, 0x0400, 0x0000, 0x9666,
    0x0000, 0x0004, 0x0000, 0x0000, 0x0016, 0x4D55, 0x5349, 0x435F, 0x4C45, 0x5645, 0x4C5F, 0x494E,
    0x5452, 0x4F5F, 0x3265, 0x7175, 0x042E, 0x656F, 0x7300, 0x0000, 0x0094, 0x0F00, 0x0A00, 0x0400,
    0x0000, 0x164D, 0x5553, 0x4943, 0x5F4C, 0x4556, 0x454C, 0x5F49, 0x4E54, 0x524F, 0x5F33, 0x6571,
    0x7511, 0x0000, 0x0094, 0x1000, 0x0B00, 0x0000, 0x0000, 0x134D, 0x5553, 0x4943, 0x5F4C, 0x4556,
    0x454C, 0x5F49, 0x4E54, 0x524F, 0x5F33, 0x0400, 0x0000, 0x9666, 0x0000, 0x0004, 0x0000, 0x0000,
    0x0016, 0x4D55, 0x5349, 0x435F, 0x4C45, 0x5645, 0x4C5F, 0x494E, 0x5452, 0x4F5F, 0x3365, 0x7175,
    0x042E, 0x656F, 0x7300, 0x0000, 0x0094, 0x0F00, 0x0A00, 0x0400, 0x0000, 0x164D, 0x5553, 0x4943,
    0x5F4C, 0x4556, 0x454C, 0x5F49, 0x4E54, 0x524F, 0x5F34, 0x6571, 0x7512, 0x0000, 0x0094, 0x1000,
    0x0B00, 0x0000, 0x0000, 0x134D, 0x5553, 0x4943, 0x5F4C, 0x4556, 0x454C, 0x5F49, 0x4E54, 0x524F,
    0x5F34, 0x0400, 0x0000, 0x9666, 0x0000, 0x0004, 0x0000, 0x0000, 0x0016, 0x4D55, 0x5349, 0x435F,
    0x4C45, 0x5645, 0x4C5F, 0x494E, 0x5452, 0x4F5F, 0x3465, 0x7175, 0x042E, 0x656F, 0x7300, 0x0000,
    0x0094, 0x0F00, 0x0A00, 0x0400, 0x0000, 0x164D, 0x5553, 0x4943, 0x5F4C, 0x4556, 0x454C, 0x5F49,
    0x4E54, 0x524F, 0x5F35, 0x6571, 0x7513, 0x0000, 0x0094, 0x1000, 0x0B00, 0x0000, 0x0000, 0x134D,
    0x5553, 0x4943, 0x5F4C, 0x4556, 0x454C, 0x5F49, 0x4E54, 0x524F, 0x5F35, 0x0400, 0x0000, 0x9666,
    0x0000, 0x0004, 0x0000, 0x0000, 0x0016, 0x4D55, 0x5349, 0x435F, 0x4C45, 0x5645, 0x4C5F, 0x494E,
    0x5452, 0x4F5F, 0x3565, 0x7175, 0x042E, 0x656F, 0x7300, 0x0000, 0x0094, 0x0F00, 0x0A00, 0x0400,
    0x0000, 0x164D, 0x5553, 0x4943, 0x5F4C, 0x4556, 0x454C, 0x5F49, 0x4E54, 0x524F, 0x5F36, 0x6571,
    0x7514, 0x0000, 0x0094, 0x1000, 0x0B00, 0x0000, 0x0000, 0x134D, 0x5553, 0x4943, 0x5F4C, 0x4556,
    0x454C, 0x5F49, 0x4E54, 0x524F, 0x5F36, 0x0400, 0x0000, 0x9666, 0x0000, 0x0004, 0x0000, 0x0000,
    0x0016, 0x4D55, 0x5349, 0x435F, 0x4C45, 0x5645, 0x4C5F, 0x494E, 0x5452, 0x4F5F, 0x3665, 0x7175,
    0x042E, 0x656F, 0x7300, 0x0000, 0x0094, 0x0F00, 0x0A00, 0x0400, 0x0000, 0x154D, 0x5553, 0x4943,
    0x5F44, 0x4546, 0x454E, 0x445F, 0x544F, 0x5445, 0x4D65, 0x7175, 0x1500, 0x0000, 0x9410, 0x000B,
    0x0000, 0x0000, 0x0012, 0x4D55, 0x5349, 0x435F, 0x4445, 0x4645, 0x4E44, 0x5F54, 0x4F54, 0x454D,
    0x0400, 0x0000, 0x9666, 0x0000, 0x0004, 0x0000, 0x0000, 0x0015, 0x4D55, 0x5349, 0x435F, 0x4445,
    0x4645, 0x4E44, 0x5F54, 0x4F54, 0x454D, 0x6571, 0x7504, 0x2E65, 0x6F73, 0x0000, 0x0000, 0x940F,
    0x000A, 0x0004, 0x0000, 0x000E, 0x4D55, 0x5349, 0x435F, 0x494E, 0x5452, 0x4F65, 0x7175, 0x1600,
    0x0000, 0x9410, 0x000B, 0x0000, 0x0000, 0x000B, 0x4D55, 0x5349, 0x435F, 0x494E, 0x5452, 0x4F04,
    0x0000, 0x0096, 0x6600, 0x0000, 0x0400, 0x0000, 0x0000, 0x0E4D, 0x5553, 0x4943, 0x5F49, 0x4E54,
    0x524F, 0x6571, 0x7504, 0x2E65, 0x6F73, 0x0000, 0x0000, 0x940F, 0x000A, 0x0004, 0x0000, 0x0017,
    0x4D55, 0x5349, 0x435F, 0x504C, 0x4159, 0x4552, 0x5F56, 0x4943, 0x544F, 0x5259, 0x6571, 0x7532,
    0x0000, 0x0094, 0x1000, 0x0B00, 0x0000, 0x0000, 0x144D, 0x5553, 0x4943, 0x5F50, 0x4C41, 0x5945,
    0x525F, 0x5649, 0x4354, 0x4F52, 0x5904, 0x0000, 0x0096, 0x6600, 0x0000, 0x0400, 0x0000, 0x0000,
    0x174D, 0x5553, 0x4943, 0x5F50, 0x4C41, 0x5945, 0x525F, 0x5649, 0x4354, 0x4F52, 0x5965, 0x7175,
    0x042E, 0x656F, 0x7300, 0x0000, 0x0094, 0x0F00, 0x0A00, 0x0400, 0x0000, 0x184D, 0x5553, 0x4943,
    0x5F42, 0x4C4F, 0x4F44, 0x4C55, 0x5354, 0x5F49, 0x4E54, 0x524F, 0x6571, 0x7533, 0x0000, 0x0094,
    0x1000, 0x0B00, 0x0000, 0x0000, 0x154D, 0x5553, 0x4943, 0x5F42, 0x4C4F, 0x4F44, 0x4C55, 0x5354,
    0x5F49, 0x4E54, 0x524F, 0x0400, 0x0000, 0x9666, 0x0000, 0x0004, 0x0000, 0x0000, 0x0018, 0x4D55,
    0x5349, 0x435F, 0x424C, 0x4F4F, 0x444C, 0x5553, 0x545F, 0x494E, 0x5452, 0x4F65, 0x7175, 0x042E,
    0x656F, 0x7300, 0x0000, 0x0094, 0x0F00, 0x0A00, 0x0400, 0x0000, 0x184D, 0x5553, 0x4943, 0x5F46,
    0x524F, 0x4E54, 0x5F45, 0x4E44, 0x5F54, 0x4845, 0x4D45, 0x6571, 0x7534, 0x0000, 0x0094, 0x1000,
    0x0B00, 0x0000, 0x0000, 0x154D, 0x5553, 0x4943, 0x5F46, 0x524F, 0x4E54, 0x5F45, 0x4E44, 0x5F54,
    0x4845, 0x4D45, 0x0400, 0x0000, 0x9666, 0x0000, 0x0004, 0x0000, 0x0000, 0x0018, 0x4D55, 0x5349,
    0x435F, 0x4652, 0x4F4E, 0x545F, 0x454E, 0x445F, 0x5448, 0x454D, 0x4565, 0x7175, 0x042E, 0x656F,
    0x7300, 0x0000, 0x0094, 0x0F00, 0x0A00, 0x0400, 0x0000, 0x164D, 0x5553, 0x4943, 0x5F4D, 0x4544,
    0x414C, 0x535F, 0x5343, 0x5245, 0x454E, 0x6571, 0x7535, 0x0000, 0x0094, 0x1000, 0x0B00, 0x0000,
    0x0000, 0x134D, 0x5553, 0x4943, 0x5F4D, 0x4544, 0x414C, 0x535F, 0x5343, 0x5245, 0x454E, 0x0400,
    0x0000, 0x9666, 0x0000, 0x0004, 0x0000, 0x0000, 0x0016, 0x4D55, 0x5349, 0x435F, 0x4D45, 0x4441,
    0x4C53, 0x5F53, 0x4352, 0x4545, 0x4E65, 0x7175, 0x042E, 0x656F, 0x7300, 0x0000, 0x0094, 0x0F00,
    0x0A00, 0x0400, 0x0000, 0x154D, 0x5553, 0x4943, 0x5F4D, 0x4953, 0x5349, 0x4F4E, 0x5F54, 0x5245,
    0x4565, 0x7175, 0x3600, 0x0000, 0x9410, 0x000B, 0x0000, 0x0000, 0x0012, 0x4D55, 0x5349, 0x435F,
    0x4D49, 0x5353, 0x494F, 0x4E5F, 0x5452, 0x4545, 0x0400, 0x0000, 0x9666, 0x0000, 0x0004, 0x0000,
    0x0000, 0x0015, 0x4D55, 0x5349, 0x435F, 0x4D49, 0x5353, 0x494F, 0x4E5F, 0x5452, 0x4545, 0x6571,
    0x7504, 0x2E65, 0x6F73, 0x0000, 0x0000, 0x940F, 0x000A, 0x0004, 0x0000, 0x001C, 0x4D55, 0x5349,
    0x435F, 0x4348, 0x4152, 0x4143, 0x5445, 0x525F, 0x5345, 0x4C45, 0x4354, 0x494F, 0x4E65, 0x7175,
    0x3700, 0x0000, 0x9410, 0x000B, 0x0000, 0x0000, 0x0019, 0x4D55, 0x5349, 0x435F, 0x4348, 0x4152,
    0x4143, 0x5445, 0x525F, 0x5345, 0x4C45, 0x4354, 0x494F, 0x4E04, 0x0000, 0x0096, 0x6600, 0x0000,
    0x0400, 0x0000, 0x0000, 0x1C4D, 0x5553, 0x4943, 0x5F43, 0x4841, 0x5241, 0x4354, 0x4552, 0x5F53,
    0x454C, 0x4543, 0x5449, 0x4F4E, 0x6571, 0x7504, 0x2E65, 0x6F73, 0x0000, 0x0000, 0x940F, 0x000A,
    0x0004, 0x0000, 0x001E, 0x4D55, 0x5349, 0x435F, 0x4445, 0x4154, 0x484D, 0x4154, 0x4348, 0x5F47,
    0x414D, 0x4550, 0x4C41, 0x595F, 0x3165, 0x7175, 0x3800, 0x0000, 0x9410, 0x000B, 0x0000, 0x0000,
    0x001B, 0x4D55, 0x5349, 0x435F, 0x4445, 0x4154, 0x484D, 0x4154, 0x4348, 0x5F47, 0x414D, 0x4550,
    0x4C41, 0x595F, 0x3104, 0x0000, 0x0096, 0x6600, 0x0000, 0x0400, 0x0000, 0x0000, 0x1E4D, 0x5553,
    0x4943, 0x5F44, 0x4541, 0x5448, 0x4D41, 0x5443, 0x485F, 0x4741, 0x4D45, 0x504C, 0x4159, 0x5F31,
    0x6571, 0x7504, 0x2E65, 0x6F73, 0x0000, 0x0000, 0x940F, 0x000A, 0x0004, 0x0000, 0x001E, 0x4D55,
    0x5349, 0x435F, 0x4445, 0x4154, 0x484D, 0x4154, 0x4348, 0x5F47, 0x414D, 0x4550, 0x4C41, 0x595F,
    0x3265, 0x7175, 0x3900, 0x0000, 0x9410, 0x000B, 0x0000, 0x0000, 0x001B, 0x4D55, 0x5349, 0x435F,
    0x4445, 0x4154, 0x484D, 0x4154, 0x4348, 0x5F47, 0x414D, 0x4550, 0x4C41, 0x595F, 0x3204, 0x0000,
    0x0096, 0x6600, 0x0000, 0x0400, 0x0000, 0x0000, 0x1E4D, 0x5553, 0x4943, 0x5F44, 0x4541, 0x5448,
    0x4D41, 0x5443, 0x485F, 0x4741, 0x4D45, 0x504C, 0x4159, 0x5F32, 0x6571, 0x7504, 0x2E65, 0x6F73,
    0x0000, 0x0000, 0x940F, 0x000A, 0x0004, 0x0000, 0x001E, 0x4D55, 0x5349, 0x435F, 0x4445, 0x4154,
    0x484D, 0x4154, 0x4348, 0x5F47, 0x414D, 0x4550, 0x4C41, 0x595F, 0x3365, 0x7175, 0x3A00, 0x0000,
    0x9410, 0x000B, 0x0000, 0x0000, 0x001B, 0x4D55, 0x5349, 0x435F, 0x4445, 0x4154, 0x484D, 0x4154,
    0x4348, 0x5F47, 0x414D, 0x4550, 0x4C41, 0x595F, 0x3304, 0x0000, 0x0096, 0x6600, 0x0000, 0x0400,
    0x0000, 0x0000, 0x1E4D, 0x5553, 0x4943, 0x5F44, 0x4541, 0x5448, 0x4D41, 0x5443, 0x485F, 0x4741,
    0x4D45, 0x504C, 0x4159, 0x5F33, 0x6571, 0x7504, 0x2E65, 0x6F73, 0x0000, 0x0000, 0x940F, 0x000A,
    0x0004, 0x0000, 0x001E, 0x4D55, 0x5349, 0x435F, 0x4445, 0x4154, 0x484D, 0x4154, 0x4348, 0x5F47,
    0x414D, 0x4550, 0x4C41, 0x595F, 0x3465, 0x7175, 0x3B00, 0x0000, 0x9410, 0x000B, 0x0000, 0x0000,
    0x001B, 0x4D55, 0x5349, 0x435F, 0x4445, 0x4154, 0x484D, 0x4154, 0x4348, 0x5F47, 0x414D, 0x4550,
    0x4C41, 0x595F, 0x3404, 0x0000, 0x0096, 0x6600, 0x0000, 0x0400, 0x0000, 0x0000, 0x1E4D, 0x5553,
    0x4943, 0x5F44, 0x4541, 0x5448, 0x4D41, 0x5443, 0x485F, 0x4741, 0x4D45, 0x504C, 0x4159, 0x5F34,
    0x6571, 0x7504, 0x2E65, 0x6F73, 0x0000, 0x0000, 0x940F, 0x000A, 0x0004, 0x0000, 0x0012, 0x4D55,
    0x5349, 0x435F, 0x4741, 0x4D45, 0x5F4F, 0x5645, 0x5265, 0x7175, 0x3C00, 0x0000, 0x9410, 0x000B,
    0x0000, 0x0000, 0x000F, 0x4D55, 0x5349, 0x435F, 0x4741, 0x4D45, 0x5F4F, 0x5645, 0x5204, 0x0000,
    0x0096, 0x6600, 0x0000, 0x0400, 0x0000, 0x0000, 0x124D, 0x5553, 0x4943, 0x5F47, 0x414D, 0x455F,
    0x4F56, 0x4552, 0x6571, 0x7504, 0x2E65, 0x6F73, 0x0000, 0x0000, 0x940F, 0x000A, 0x0004, 0x0000,
    0x001B, 0x4D55, 0x5349, 0x435F, 0x4D4F, 0x4E4B, 0x4559, 0x5F52, 0x4554, 0x414C, 0x4941, 0x5449,
    0x4F4E, 0x6571, 0x753D, 0x0000, 0x0094, 0x1000, 0x0B00, 0x0000, 0x0000, 0x184D, 0x5553, 0x4943,
    0x5F4D, 0x4F4E, 0x4B45, 0x595F, 0x5245, 0x5441, 0x4C49, 0x4154, 0x494F, 0x4E04, 0x0000, 0x0096,
    0x6600, 0x0000, 0x0400, 0x0000, 0x0000, 0x1B4D, 0x5553, 0x4943, 0x5F4D, 0x4F4E, 0x4B45, 0x595F,
    0x5245, 0x5441, 0x4C49, 0x4154, 0x494F, 0x4E65, 0x7175, 0x042E, 0x656F, 0x7300, 0x0000, 0x0094,
    0x0F00, 0x0A00, 0x0400, 0x0000, 0x134D, 0x5553, 0x4943, 0x5F4D, 0x454E, 0x555F, 0x5041, 0x5553,
    0x4565, 0x7175, 0x4100, 0x0000, 0x9410, 0x000B, 0x0000, 0x0000, 0x0010, 0x4D55, 0x5349, 0x435F,
    0x4D45, 0x4E55, 0x5F50, 0x4155, 0x5345, 0x0400, 0x0000, 0x9666, 0x0000, 0x0004, 0x0000, 0x0000,
    0x0013, 0x4D55, 0x5349, 0x435F, 0x4D45, 0x4E55, 0x5F50, 0x4155, 0x5345, 0x6571, 0x7504, 0x2E65,
    0x6F73, 0x0000, 0x0000, 0x940F, 0x000A, 0x0004, 0x0000, 0x000B, 0x5241, 0x585F, 0x4E4F, 0x4E45,
    0x6571, 0x752B, 0x0100, 0x0094, 0x1000, 0x0B00, 0x0000, 0x0000, 0x0852, 0x4158, 0x5F4E, 0x4F4E,
    0x4504, 0x0000, 0x0096, 0x6600, 0x0000, 0x0400, 0x0000, 0x0000, 0x0B52, 0x4158, 0x5F4E, 0x4F4E,
    0x4565, 0x7175, 0x042E, 0x656F, 0x7300, 0x0000, 0x0094, 0x0F00, 0x0A00, 0x0400, 0x0000, 0x1352,
    0x4158, 0x5F49, 0x4E54, 0x524F, 0x5F4C, 0x494E, 0x455F, 0x3165, 0x7175, 0x2C01, 0x0000, 0x9410,
    0x000B, 0x0000, 0x0000, 0x0010, 0x5241, 0x585F, 0x494E, 0x5452, 0x4F5F, 0x4C49, 0x4E45, 0x5F31,
    0x0400, 0x0000, 0x9666, 0x0000, 0x0004, 0x0000, 0x0000, 0x0013, 0x5241, 0x585F, 0x494E, 0x5452,
    0x4F5F, 0x4C49, 0x4E45, 0x5F31, 0x6571, 0x7504, 0x2E65, 0x6F73, 0x0000, 0x0000, 0x940F, 0x000A,
    0x0004, 0x0000, 0x0013, 0x5241, 0x585F, 0x494E, 0x5452, 0x4F5F, 0x4C49, 0x4E45, 0x5F32, 0x6571,
    0x752D, 0x0100, 0x0094, 0x1000, 0x0B00, 0x0000, 0x0000, 0x1052, 0x4158, 0x5F49, 0x4E54, 0x524F,
    0x5F4C, 0x494E, 0x455F, 0x3204, 0x0000, 0x0096, 0x6600, 0x0000, 0x0400, 0x0000, 0x0000, 0x1352,
    0x4158, 0x5F49, 0x4E54, 0x524F, 0x5F4C, 0x494E, 0x455F, 0x3265, 0x7175, 0x042E, 0x656F, 0x7300,
    0x0000, 0x0094, 0x0F00, 0x0A00, 0x0400, 0x0000, 0x1352, 0x4158, 0x5F49, 0x4E54, 0x524F, 0x5F4C,
    0x494E, 0x455F, 0x3365, 0x7175, 0x2E01, 0x0000, 0x9410, 0x000B, 0x0000, 0x0000, 0x0010, 0x5241,
    0x585F, 0x494E, 0x5452, 0x4F5F, 0x4C49, 0x4E45, 0x5F33, 0x0400, 0x0000, 0x9666, 0x0000, 0x0004,
    0x0000, 0x0000, 0x0013, 0x5241, 0x585F, 0x494E, 0x5452, 0x4F5F, 0x4C49, 0x4E45, 0x5F33, 0x6571,
    0x7504, 0x2E65, 0x6F73, 0x0000, 0x0000, 0x940F, 0x000A, 0x0004, 0x0000, 0x0013, 0x5241, 0x585F,
    0x494E, 0x5452, 0x4F5F, 0x4C49, 0x4E45, 0x5F34, 0x6571, 0x752F, 0x0100, 0x0094, 0x1000, 0x0B00,
    0x0000, 0x0000, 0x1052, 0x4158, 0x5F49, 0x4E54, 0x524F, 0x5F4C, 0x494E, 0x455F, 0x3404, 0x0000,
    0x0096, 0x6600, 0x0000, 0x0400, 0x0000, 0x0000, 0x1352, 0x4158, 0x5F49, 0x4E54, 0x524F, 0x5F4C,
    0x494E, 0x455F, 0x3465, 0x7175, 0x042E, 0x656F, 0x7300, 0x0000, 0x0094, 0x0F00, 0x0A00, 0x0400,
    0x0000, 0x1452, 0x4158, 0x5F56, 0x4943, 0x544F, 0x5259, 0x5F54, 0x5552, 0x4F4B, 0x6571, 0x7540,
    0x0100, 0x0094, 0x1000, 0x0B00, 0x0000, 0x0000, 0x1152, 0x4158, 0x5F56, 0x4943, 0x544F, 0x5259,
    0x5F54, 0x5552, 0x4F4B, 0x0400, 0x0000, 0x9666, 0x0000, 0x0004, 0x0000, 0x0000, 0x0014, 0x5241,
    0x585F, 0x5649, 0x4354, 0x4F52, 0x595F, 0x5455, 0x524F, 0x4B65, 0x7175, 0x042E, 0x656F, 0x7300,
    0x0000, 0x0094, 0x0F00, 0x0A00, 0x0400, 0x0000, 0x1352, 0x4158, 0x5F56, 0x4943, 0x544F, 0x5259,
    0x5F41, 0x444F, 0x4E65, 0x7175, 0x4101, 0x0000, 0x9410, 0x000B, 0x0000, 0x0000, 0x0010, 0x5241,
    0x585F, 0x5649, 0x4354, 0x4F52, 0x595F, 0x4144, 0x4F4E, 0x0400, 0x0000, 0x9666, 0x0000, 0x0004,
    0x0000, 0x0000, 0x0013, 0x5241, 0x585F, 0x5649, 0x4354, 0x4F52, 0x595F, 0x4144, 0x4F4E, 0x6571,
    0x7504, 0x2E65, 0x6F73, 0x0000, 0x0000, 0x940F, 0x000A, 0x0004, 0x0000, 0x0015, 0x5241, 0x585F,
    0x5649, 0x4354, 0x4F52, 0x595F, 0x5241, 0x5054, 0x4F52, 0x6571, 0x7542, 0x0100, 0x0094, 0x1000,
    0x0B00, 0x0000, 0x0000, 0x1252, 0x4158, 0x5F56, 0x4943, 0x544F, 0x5259, 0x5F52, 0x4150, 0x544F,
    0x5204, 0x0000, 0x0096, 0x6600, 0x0000, 0x0400, 0x0000, 0x0000, 0x1552, 0x4158, 0x5F56, 0x4943,
    0x544F, 0x5259, 0x5F52, 0x4150, 0x544F, 0x5265, 0x7175, 0x042E, 0x656F, 0x7300, 0x0000, 0x0094,
    0x0F00, 0x0A00, 0x0400, 0x0000, 0x1752, 0x4158, 0x5F56, 0x4943, 0x544F, 0x5259, 0x5F46, 0x4952,
    0x4542, 0x4F52, 0x4E65, 0x7175, 0x4301, 0x0000, 0x9410, 0x000B, 0x0000, 0x0000, 0x0014, 0x5241,
    0x585F, 0x5649, 0x4354, 0x4F52, 0x595F, 0x4649, 0x5245, 0x424F, 0x524E, 0x0400, 0x0000, 0x9666,
    0x0000, 0x0004, 0x0000, 0x0000, 0x0017, 0x5241, 0x585F, 0x5649, 0x4354, 0x4F52, 0x595F, 0x4649,
    0x5245, 0x424F, 0x524E, 0x6571, 0x7504, 0x2E65, 0x6F73, 0x0000, 0x0000, 0x940F, 0x000A, 0x0004,
    0x0000, 0x0019, 0x5241, 0x585F, 0x5649, 0x4354, 0x4F52, 0x595F, 0x4A55, 0x4747, 0x4552, 0x4E41,
    0x5554, 0x6571, 0x7544, 0x0100, 0x0094, 0x1000, 0x0B00, 0x0000, 0x0000, 0x1652, 0x4158, 0x5F56,
    0x4943, 0x544F, 0x5259, 0x5F4A, 0x5547, 0x4745, 0x524E, 0x4155, 0x5404, 0x0000, 0x0096, 0x6600,
    0x0000, 0x0400, 0x0000, 0x0000, 0x1952, 0x4158, 0x5F56, 0x4943, 0x544F, 0x5259, 0x5F4A, 0x5547,
    0x4745, 0x524E, 0x4155, 0x5465, 0x7175, 0x042E, 0x656F, 0x7300, 0x0000, 0x0094, 0x0F00, 0x0A00,
    0x0400, 0x0000, 0x1A52, 0x4158, 0x5F56, 0x4943, 0x544F, 0x5259, 0x5F45, 0x4C49, 0x5445, 0x5F47,
    0x5541, 0x5244, 0x6571, 0x7545, 0x0100, 0x0094, 0x1000, 0x0B00, 0x0000, 0x0000, 0x1752, 0x4158,
    0x5F56, 0x4943, 0x544F, 0x5259, 0x5F45, 0x4C49, 0x5445, 0x5F47, 0x5541, 0x5244, 0x0400, 0x0000,
    0x9666, 0x0000, 0x0004, 0x0000, 0x0000, 0x001A, 0x5241, 0x585F, 0x5649, 0x4354, 0x4F52, 0x595F,
    0x454C, 0x4954, 0x455F, 0x4755, 0x4152, 0x4465, 0x7175, 0x042E, 0x656F, 0x7300, 0x0000, 0x0094,
    0x0F00, 0x0A00, 0x0400, 0x0000, 0x1A52, 0x4158, 0x5F56, 0x4943, 0x544F, 0x5259, 0x5F44, 0x4541,
    0x5448, 0x5F47, 0x5541, 0x5244, 0x6571, 0x7546, 0x0100, 0x0094, 0x1000, 0x0B00, 0x0000, 0x0000,
    0x1752, 0x4158, 0x5F56, 0x4943, 0x544F, 0x5259, 0x5F44, 0x4541, 0x5448, 0x5F47, 0x5541, 0x5244,
    0x0400, 0x0000, 0x9666, 0x0000, 0x0004, 0x0000, 0x0000, 0x001A, 0x5241, 0x585F, 0x5649, 0x4354,
    0x4F52, 0x595F, 0x4445, 0x4154, 0x485F, 0x4755, 0x4152, 0x4465, 0x7175, 0x042E, 0x656F, 0x7300,
    0x0000, 0x0094, 0x0F00, 0x0A00, 0x0400, 0x0000, 0x1952, 0x4158, 0x5F56, 0x4943, 0x544F, 0x5259,
    0x5F43, 0x414D, 0x5041, 0x494E, 0x4745, 0x5265, 0x7175, 0x4701, 0x0000, 0x9410, 0x000B, 0x0000,
    0x0000, 0x0016, 0x5241, 0x585F, 0x5649, 0x4354, 0x4F52, 0x595F, 0x4341, 0x4D50, 0x4149, 0x4E47,
    0x4552, 0x0400, 0x0000, 0x9666, 0x0000, 0x0004, 0x0000, 0x0000, 0x0019, 0x5241, 0x585F, 0x5649,
    0x4354, 0x4F52, 0x595F, 0x4341, 0x4D50, 0x4149, 0x4E47, 0x4552, 0x6571, 0x7504, 0x2E65, 0x6F73,
    0x0000, 0x0000, 0x940F, 0x000A, 0x0004, 0x0000, 0x0018, 0x5241, 0x585F, 0x5649, 0x4354, 0x4F52,
    0x595F, 0x4C4F, 0x5244, 0x5F44, 0x4541, 0x4465, 0x7175, 0x4801, 0x0000, 0x9410, 0x000B, 0x0000,
    0x0000, 0x0015, 0x5241, 0x585F, 0x5649, 0x4354, 0x4F52, 0x595F, 0x4C4F, 0x5244, 0x5F44, 0x4541,
    0x4404, 0x0000, 0x0096, 0x6600, 0x0000, 0x0400, 0x0000, 0x0000, 0x1852, 0x4158, 0x5F56, 0x4943,
    0x544F, 0x5259, 0x5F4C, 0x4F52, 0x445F, 0x4445, 0x4144, 0x6571, 0x7504, 0x2E65, 0x6F73, 0x0000,
    0x0000, 0x940F, 0x000A, 0x0004, 0x0000, 0x0013, 0x5241, 0x585F, 0x5649, 0x4354, 0x4F52, 0x595F,
    0x4D49, 0x5445, 0x6571, 0x7549, 0x0100, 0x0094, 0x1000, 0x0B00, 0x0000, 0x0000, 0x1052, 0x4158,
    0x5F56, 0x4943, 0x544F, 0x5259, 0x5F4D, 0x4954, 0x4504, 0x0000, 0x0096, 0x6600, 0x0000, 0x0400,
    0x0000, 0x0000, 0x1352, 0x4158, 0x5F56, 0x4943, 0x544F, 0x5259, 0x5F4D, 0x4954, 0x4565, 0x7175,
    0x042E, 0x656F, 0x7300, 0x0000, 0x0094, 0x0F00, 0x0A00, 0x0400, 0x0000, 0x1452, 0x4158, 0x5F56,
    0x4943, 0x544F, 0x5259, 0x5F44, 0x524F, 0x4E45, 0x6571, 0x754A, 0x0100, 0x0094, 0x1000, 0x0B00,
    0x0000, 0x0000, 0x1152, 0x4158, 0x5F56, 0x4943, 0x544F, 0x5259, 0x5F44, 0x524F, 0x4E45, 0x0400,
    0x0000, 0x9666, 0x0000, 0x0004, 0x0000, 0x0000, 0x0014, 0x5241, 0x585F, 0x5649, 0x4354, 0x4F52,
    0x595F, 0x4452, 0x4F4E, 0x4565, 0x7175, 0x042E, 0x656F, 0x7300, 0x0000, 0x0094, 0x0F00, 0x0A00,
    0x0400, 0x0000, 0x1652, 0x4158, 0x5F56, 0x4943, 0x544F, 0x5259, 0x5F53, 0x4F4C, 0x4449, 0x4552,
    0x6571, 0x754B, 0x0100, 0x0094, 0x1000, 0x0B00, 0x0000, 0x0000, 0x1352, 0x4158, 0x5F56, 0x4943,
    0x544F, 0x5259, 0x5F53, 0x4F4C, 0x4449, 0x4552, 0x0400, 0x0000, 0x9666, 0x0000, 0x0004, 0x0000,
    0x0000, 0x0016, 0x5241, 0x585F, 0x5649, 0x4354, 0x4F52, 0x595F, 0x534F, 0x4C44, 0x4945, 0x5265,
    0x7175, 0x042E, 0x656F, 0x7300, 0x0000, 0x0094, 0x0F00, 0x0A00, 0x0400, 0x0000, 0x1752, 0x4158,
    0x5F56, 0x4943, 0x544F, 0x5259, 0x5F47, 0x5541, 0x5244, 0x4941, 0x4E65, 0x7175, 0x4C01, 0x0000,
    0x9410, 0x000B, 0x0000, 0x0000, 0x0014, 0x5241, 0x585F, 0x5649, 0x4354, 0x4F52, 0x595F, 0x4755,
    0x4152, 0x4449, 0x414E, 0x0400, 0x0000, 0x9666, 0x0000, 0x0004, 0x0000, 0x0000, 0x0017, 0x5241,
    0x585F, 0x5649, 0x4354, 0x4F52, 0x595F, 0x4755, 0x4152, 0x4449, 0x414E, 0x6571, 0x7504, 0x2E65,
    0x6F73, 0x0000, 0x0000, 0x940F, 0x000A, 0x0004, 0x0000, 0x0017, 0x5241, 0x585F, 0x5649, 0x4354,
    0x4F52, 0x595F, 0x4241, 0x5354, 0x494C, 0x4C45, 0x6571, 0x754D, 0x0100, 0x0094, 0x1000, 0x0B00,
    0x0000, 0x0000, 0x1452, 0x4158, 0x5F56, 0x4943, 0x544F, 0x5259, 0x5F42, 0x4153, 0x5449, 0x4C4C,
    0x4504, 0x0000, 0x0096, 0x6600, 0x0000, 0x0400, 0x0000, 0x0000, 0x1752, 0x4158, 0x5F56, 0x4943,
    0x544F, 0x5259, 0x5F42, 0x4153, 0x5449, 0x4C4C, 0x4565, 0x7175, 0x042E, 0x656F, 0x7300, 0x0000,
    0x0094, 0x0F00, 0x0A00, 0x0400, 0x0000, 0x1452, 0x4158, 0x5F56, 0x4943, 0x544F, 0x5259, 0x5F53,
    0x4545, 0x5241, 0x6571, 0x754E, 0x0100, 0x0094, 0x1000, 0x0B00, 0x0000, 0x0000, 0x1152, 0x4158,
    0x5F56, 0x4943, 0x544F, 0x5259, 0x5F53, 0x4545, 0x5241, 0x0400, 0x0000, 0x9666, 0x0000, 0x0004,
    0x0000, 0x0000, 0x0014, 0x5241, 0x585F, 0x5649, 0x4354, 0x4F52, 0x595F, 0x5345, 0x4552, 0x4165,
    0x7175, 0x042E, 0x656F, 0x7300, 0x0000, 0x0094, 0x0F00, 0x0A00, 0x0400, 0x0000, 0x1752, 0x4158,
    0x5F56, 0x4943, 0x544F, 0x5259, 0x5F53, 0x594D, 0x4249, 0x4F4E, 0x5465, 0x7175, 0x4F01, 0x0000,
    0x9410, 0x000B, 0x0000, 0x0000, 0x0014, 0x5241, 0x585F, 0x5649, 0x4354, 0x4F52, 0x595F, 0x5359,
    0x4D42, 0x494F, 0x4E54, 0x0400, 0x0000, 0x9666, 0x0000, 0x0004, 0x0000, 0x0000, 0x0017, 0x5241,
    0x585F, 0x5649, 0x4354, 0x4F52, 0x595F, 0x5359, 0x4D42, 0x494F, 0x4E54, 0x6571, 0x7504, 0x2E65,
    0x6F73, 0x0000, 0x0000, 0x940F, 0x000A, 0x0004, 0x0000, 0x0016, 0x5241, 0x585F, 0x5649, 0x4354,
    0x4F52, 0x595F, 0x5441, 0x4C5F, 0x5345, 0x5465, 0x7175, 0x5001, 0x0000, 0x9410, 0x000B, 0x0000,
    0x0000, 0x0013, 0x5241, 0x585F, 0x5649, 0x4354, 0x4F52, 0x595F, 0x5441, 0x4C5F, 0x5345, 0x5404,
    0x0000, 0x0096, 0x6600, 0x0000, 0x0400, 0x0000, 0x0000, 0x1652, 0x4158, 0x5F56, 0x4943, 0x544F,
    0x5259, 0x5F54, 0x414C, 0x5F53, 0x4554, 0x6571, 0x7504, 0x2E65, 0x6F73, 0x0000, 0x0000, 0x940F,
    0x000A, 0x0004, 0x0000, 0x0013, 0x5241, 0x585F, 0x5055, 0x5F53, 0x4C4F, 0x575F, 0x5449, 0x4D45,
    0x6571, 0x755E, 0x0100, 0x0094, 0x1000, 0x0B00, 0x0000, 0x0000, 0x1052, 0x4158, 0x5F50, 0x555F,
    0x534C, 0x4F57, 0x5F54, 0x494D, 0x4504, 0x0000, 0x0096, 0x6600, 0x0000, 0x0400, 0x0000, 0x0000,
    0x1352, 0x4158, 0x5F50, 0x555F, 0x534C, 0x4F57, 0x5F54, 0x494D, 0x4565, 0x7175, 0x042E, 0x656F,
    0x7300, 0x0000, 0x0094, 0x0F00, 0x0A00, 0x0400, 0x0000, 0x1652, 0x4158, 0x5F50, 0x555F, 0x5245,
    0x4745, 0x4E45, 0x5241, 0x5449, 0x4F4E, 0x6571, 0x755F, 0x0100, 0x0094, 0x1000, 0x0B00, 0x0000,
    0x0000, 0x1352, 0x4158, 0x5F50, 0x555F, 0x5245, 0x4745, 0x4E45, 0x5241, 0x5449, 0x4F4E, 0x0400,
    0x0000, 0x9666, 0x0000, 0x0004, 0x0000, 0x0000, 0x0016, 0x5241, 0x585F, 0x5055, 0x5F52, 0x4547,
    0x454E, 0x4552, 0x4154, 0x494F, 0x4E65, 0x7175, 0x042E, 0x656F, 0x7300, 0x0000, 0x0094, 0x0F00,
    0x0A00, 0x0400, 0x0000, 0x1752, 0x4158, 0x5F50, 0x555F, 0x464F, 0x5243, 0x455F, 0x454D, 0x5041,
    0x5448, 0x5965, 0x7175, 0x6001, 0x0000, 0x9410, 0x000B, 0x0000, 0x0000, 0x0014, 0x5241, 0x585F,
    0x5055, 0x5F46, 0x4F52, 0x4345, 0x5F45, 0x4D50, 0x4154, 0x4859, 0x0400, 0x0000, 0x9666, 0x0000,
    0x0004, 0x0000, 0x0000, 0x0017, 0x5241, 0x585F, 0x5055, 0x5F46, 0x4F52, 0x4345, 0x5F45, 0x4D50,
    0x4154, 0x4859, 0x6571, 0x7504, 0x2E65, 0x6F73, 0x0000, 0x0000, 0x940F, 0x000A, 0x0004, 0x0000,
    0x0013, 0x5241, 0x585F, 0x5055, 0x5F56, 0x414D, 0x5049, 0x5249, 0x534D, 0x6571, 0x7561, 0x0100,
    0x0094, 0x1000, 0x0B00, 0x0000, 0x0000, 0x1052, 0x4158, 0x5F50, 0x555F, 0x5641, 0x4D50, 0x4952,
    0x4953, 0x4D04, 0x0000, 0x0096, 0x6600, 0x0000, 0x0400, 0x0000, 0x0000, 0x1352, 0x4158, 0x5F50,
    0x555F, 0x5641, 0x4D50, 0x4952, 0x4953, 0x4D65, 0x7175, 0x042E, 0x656F, 0x7300, 0x0000, 0x0094,
    0x0F00, 0x0A00, 0x0400, 0x0000, 0x1252, 0x4158, 0x5F50, 0x555F, 0x5445, 0x4C45, 0x504F, 0x5254,
    0x6571, 0x7562, 0x0100, 0x0094, 0x1000, 0x0B00, 0x0000, 0x0000, 0x0F52, 0x4158, 0x5F50, 0x555F,
    0x5445, 0x4C45, 0x504F, 0x5254, 0x0400, 0x0000, 0x9666, 0x0000, 0x0004, 0x0000, 0x0000, 0x0012,
    0x5241, 0x585F, 0x5055, 0x5F54, 0x454C, 0x4550, 0x4F52, 0x5465, 0x7175, 0x042E, 0x656F, 0x7300,
    0x0000, 0x0094, 0x0F00, 0x0A00, 0x0400, 0x0000, 0x1552, 0x4158, 0x5F50, 0x555F, 0x4441, 0x524B,
    0x5F53, 0x4849, 0x454C, 0x4465, 0x7175, 0x6301, 0x0000, 0x9410, 0x000B, 0x0000, 0x0000, 0x0012,
    0x5241, 0x585F, 0x5055, 0x5F44, 0x4152, 0x4B5F, 0x5348, 0x4945, 0x4C44, 0x0400, 0x0000, 0x9666,
    0x0000, 0x0004, 0x0000, 0x0000, 0x0015, 0x5241, 0x585F, 0x5055, 0x5F44, 0x4152, 0x4B5F, 0x5348,
    0x4945, 0x4C44, 0x6571, 0x7504, 0x2E65, 0x6F73, 0x0000, 0x0000, 0x940F, 0x000A, 0x0004, 0x0000,
    0x0014, 0x5241, 0x585F, 0x5055, 0x5F50, 0x524F, 0x5445, 0x4354, 0x494F, 0x4E65, 0x7175, 0x6401,
    0x0000, 0x9410, 0x000B, 0x0000, 0x0000, 0x0011, 0x5241, 0x585F, 0x5055, 0x5F50, 0x524F, 0x5445,
    0x4354, 0x494F, 0x4E04, 0x0000, 0x0096, 0x6600, 0x0000, 0x0400, 0x0000, 0x0000, 0x1452, 0x4158,
    0x5F50, 0x555F, 0x5052, 0x4F54, 0x4543, 0x5449, 0x4F4E, 0x6571, 0x7504, 0x2E65, 0x6F73, 0x0000,
    0x0000, 0x940F, 0x000A, 0x0004, 0x0000, 0x0011, 0x5241, 0x585F, 0x5055, 0x5F50, 0x4554, 0x5249,
    0x4659, 0x6571, 0x7565, 0x0100, 0x0094, 0x1000, 0x0B00, 0x0000, 0x0000, 0x0E52, 0x4158, 0x5F50,
    0x555F, 0x5045, 0x5452, 0x4946, 0x5904, 0x0000, 0x0096, 0x6600, 0x0000, 0x0400, 0x0000, 0x0000,
    0x1152, 0x4158, 0x5F50, 0x555F, 0x5045, 0x5452, 0x4946, 0x5965, 0x7175, 0x042E, 0x656F, 0x7300,
    0x0000, 0x0094, 0x0F00, 0x0A00, 0x0400, 0x0000, 0x1652, 0x4158, 0x5F50, 0x555F, 0x494E, 0x5649,
    0x5349, 0x4249, 0x4C49, 0x5459, 0x6571, 0x7566, 0x0100, 0x0094, 0x1000, 0x0B00, 0x0000, 0x0000,
    0x1352, 0x4158, 0x5F50, 0x555F, 0x494E, 0x5649, 0x5349, 0x4249, 0x4C49, 0x5459, 0x0400, 0x0000,
    0x9666, 0x0000, 0x0004, 0x0000, 0x0000, 0x0016, 0x5241, 0x585F, 0x5055, 0x5F49, 0x4E56, 0x4953,
    0x4942, 0x494C, 0x4954, 0x5965, 0x7175, 0x042E, 0x656F, 0x7300, 0x0000, 0x0094, 0x0F00, 0x0A00,
    0x0400, 0x0000, 0x0F52, 0x4158, 0x5F50, 0x555F, 0x5350, 0x4545, 0x4465, 0x7175, 0x6901, 0x0000,
    0x9410, 0x000B, 0x0000, 0x0000, 0x000C, 0x5241, 0x585F, 0x5055, 0x5F53, 0x5045, 0x4544, 0x0400,
    0x0000, 0x9666, 0x0000, 0x0004, 0x0000, 0x0000, 0x000F, 0x5241, 0x585F, 0x5055, 0x5F53, 0x5045,
    0x4544, 0x6571, 0x7504, 0x2E65, 0x6F73, 0x0000, 0x0000, 0x940F, 0x000A, 0x0004, 0x0000, 0x0014,
    0x5241, 0x585F, 0x5055, 0x5F53, 0x544F, 0x4E45, 0x5F53, 0x4B49, 0x4E65, 0x7175, 0x6801, 0x0000,
    0x9410, 0x000B, 0x0000, 0x0000, 0x0011, 0x5241, 0x585F, 0x5055, 0x5F53, 0x544F, 0x4E45, 0x5F53,
    0x4B49, 0x4E04, 0x0000, 0x0096, 0x6600, 0x0000, 0x0400, 0x0000, 0x0000, 0x1452, 0x4158, 0x5F50,
    0x555F, 0x5354, 0x4F4E, 0x455F, 0x534B, 0x494E, 0x6571, 0x7504, 0x2E65, 0x6F73, 0x0000, 0x0000,
    0x940F, 0x000A, 0x0004, 0x0000, 0x0015, 0x5241, 0x585F, 0x5055, 0x5F42, 0x4154, 0x544C, 0x455F,
    0x5241, 0x4745, 0x6571, 0x756A, 0x0100, 0x0094, 0x1000, 0x0B00, 0x0000, 0x0000, 0x1252, 0x4158,
    0x5F50, 0x555F, 0x4241, 0x5454, 0x4C45, 0x5F52, 0x4147, 0x4504, 0x0000, 0x0096, 0x6600, 0x0000,
    0x0400, 0x0000, 0x0000, 0x1552, 0x4158, 0x5F50, 0x555F, 0x4241, 0x5454, 0x4C45, 0x5F52, 0x4147,
    0x4565, 0x7175, 0x042E, 0x656F, 0x7300, 0x0000, 0x0094, 0x0F00, 0x0A00, 0x0400, 0x0000, 0x0D54,
    0x7572, 0x7265, 0x7441, 0x6374, 0x696F, 0x6E73, 0x0000, 0x0000, 0x9410, 0x000B, 0x0000, 0x0000,
    0x0012, 0x5455, 0x5252, 0x4554, 0x5F50, 0x494E, 0x475F, 0x4143, 0x5449, 0x4F4E, 0x0100, 0x0000,
    0x9410, 0x000B, 0x0000, 0x0000, 0x0012, 0x5455, 0x5252, 0x4554, 0x5F50, 0x4F4E, 0x475F, 0x4143,
    0x5449, 0x4F4E, 0x0200, 0x0000, 0x9410, 0x000B, 0x0000, 0x0000, 0x000E, 0x5455, 0x5252, 0x4554,
    0x5F41, 0x4354, 0x494F, 0x4E53, 0x0400, 0x0000, 0x9666, 0x0000, 0x0004, 0x0000, 0x0000, 0x000D,
    0x5475, 0x7272, 0x6574, 0x4163, 0x7469, 0x6F6E, 0x7304, 0x2E65, 0x6F73, 0xA02C, 0x2000, 0x9602,
    0x0028, 0x0010, 0x0000, 0x0000, 0x000A, 0x4351, 0x7561, 0x7465, 0x726E, 0x5F74, 0x1F43, 0x5665,
    0x6374, 0x6F72, 0x335F, 0x5F47, 0x6574, 0x4469, 0x7265, 0x6374, 0x696F, 0x6E52, 0x6F74, 0x6174,
    0x696F, 0x6E32, 0x4C2E, 0x2000, 0x9402, 0x0021, 0x0000, 0x0000, 0x0014, 0x5475, 0x7272, 0x6574,
    0x5F43, 0x616C, 0x634F, 0x7269, 0x656E, 0x744D, 0x7478, 0xDC2F, 0x2000, 0x9402, 0x0021, 0x0000,
    0x0000, 0x000B, 0x5475, 0x7272, 0x6574, 0x5F4D, 0x6F76, 0x6578, 0x3220, 0x0094, 0x0200, 0x2100,
    0x0000, 0x0000, 0x1941, 0x495F, 0x4479, 0x6E54, 0x7572, 0x7265, 0x7447, 0x6574, 0x5461, 0x7267,
    0x6574, 0x496E, 0x666F, 0xA434, 0x2000, 0x9402, 0x0024, 0x0000, 0x0000, 0x0012, 0x5475, 0x7272,
    0x6574, 0x5F54, 0x7261, 0x636B, 0x5461, 0x7267, 0x6574, 0x4838, 0x2000, 0x9602, 0x0028, 0x0010,
    0x0000, 0x0000, 0x000A, 0x4351, 0x7561, 0x7465, 0x726E, 0x5F74, 0x1454, 0x7572, 0x7265, 0x745F,
    0x4275, 0x696C, 0x6450, 0x6C61, 0x6E65, 0x526F, 0x748C, 0x3820, 0x0094, 0x0200, 0x2100, 0x0000,
    0x0000, 0x1054, 0x7572, 0x7265, 0x745F, 0x436F, 0x6E73, 0x7472, 0x7563, 0x7408, 0x3920, 0x0094,
    0x0200, 0x2100, 0x0000, 0x0000, 0x0C54, 0x7572, 0x7265, 0x745F, 0x5365, 0x7475, 0x70F8, 0x3920,
    0x0094, 0x0200, 0x2100, 0x0000, 0x0000, 0x0E54, 0x7572, 0x7265, 0x745F, 0x4164, 0x7661, 0x6E63,
    0x6594, 0x3A20, 0x0094, 0x0200, 0x2500, 0x0000, 0x0000, 0x1454, 0x7572, 0x7265, 0x745F, 0x416E,
    0x696D, 0x5F41, 0x4354, 0x4956, 0x4154, 0x45B0, 0x3A20, 0x0094, 0x0200, 0x2100, 0x0000, 0x0000,
    0x1454, 0x7572, 0x7265, 0x745F, 0x436F, 0x6465, 0x5F41, 0x4354, 0x4956, 0x4154, 0x45D8, 0x3A20,
    0x0094, 0x0200, 0x2100, 0x0000, 0x0000, 0x1054, 0x7572, 0x7265, 0x745F, 0x436F, 0x6465, 0x5F49,
    0x444C, 0x451C, 0x3B20, 0x0094, 0x0200, 0x2100, 0x0000, 0x0000, 0x1054, 0x7572, 0x7265, 0x745F,
    0x436F, 0x6465, 0x5F46, 0x4952, 0x4560, 0x3B20, 0x0094, 0x0200, 0x2100, 0x0000, 0x0000, 0x1254,
    0x7572, 0x7265, 0x745F, 0x5365, 0x7475, 0x705F, 0x4445, 0x4154, 0x4808, 0x3C20, 0x0094, 0x0200,
    0x2100, 0x0000, 0x0000, 0x1154, 0x7572, 0x7265, 0x745F, 0x436F, 0x6465, 0x5F44, 0x4541, 0x5448,
    0x403C, 0x2000, 0x9402, 0x0021, 0x0000, 0x0000, 0x001D, 0x5475, 0x7272, 0x6574, 0x5F4C, 0x696E,
    0x6B45, 0x6666, 0x6563, 0x745F, 0x4D61, 0x6B65, 0x5669, 0x7369, 0x626C, 0x6584, 0x3C20, 0x0094,
    0x0200, 0x2100, 0x0000, 0x0000, 0x1A54, 0x7572, 0x7265, 0x745F, 0x4C69, 0x6E6B, 0x4566, 0x6665,
    0x6374, 0x5F41, 0x6374, 0x6976, 0x6174, 0x65FC, 0x3C20, 0x0094, 0x0200, 0x2100, 0x0000, 0x0000,
    0x1754, 0x7572, 0x7265, 0x745F, 0x4275, 0x696C, 0x6450, 0x6C61, 0x6E65, 0x4F72, 0x6965, 0x6E74,
    0x4C3D, 0x2000, 0x9402, 0x0021, 0x0000, 0x0000, 0x0020, 0x5475, 0x7272, 0x6574, 0x5F4D, 0x6F76,
    0x6554, 0x6172, 0x6765, 0x7449, 0x6E74, 0x6F54, 0x7572, 0x7265, 0x7453, 0x7061, 0x6365, 0xF03D,
    0x2000, 0x9402, 0x0021, 0x0000, 0x0000, 0x0015, 0x5475, 0x7272, 0x6574, 0x5F53, 0x7065, 0x6369,
    0x616C, 0x4566, 0x6665, 0x6374, 0x7378, 0x3E20, 0x0094, 0x0200, 0x2100, 0x0000, 0x0000, 0x1554,
    0x7572, 0x7265, 0x745F, 0x4465, 0x6372, 0x6561, 0x7365, 0x4865, 0x616C, 0x7468, 0xB03E, 0x2000,
    0x9402, 0x0024, 0x0000, 0x0000, 0x001A, 0x4149, 0x5F44, 0x796E, 0x5475, 0x7272, 0x6574, 0x4F70,
    0x706F, 0x7369, 0x6E67, 0x506C, 0x6179, 0x6572, 0x043F, 0x2000, 0x9402, 0x0024, 0x0000, 0x0000,
    0x0018, 0x4149, 0x5F44, 0x796E, 0x5475, 0x7272, 0x6574, 0x4361, 0x6E53, 0x6565, 0x506C, 0x6179,
    0x6572, 0x40D8, 0x0C80, 0x9602, 0x0008, 0x0008, 0x0000, 0x0000, 0x0009, 0x4341, 0x4949, 0x6E66,
    0x6F5F, 0x740C, 0x5475, 0x7272, 0x6574, 0x4149, 0x496E, 0x666F, 0x60D7, 0x0C80, 0x9602, 0x0038,
    0x00E0, 0x0000, 0x0001, 0x0007, 0x0000, 0x000D, 0x4341, 0x494D, 0x6F64, 0x6549, 0x6E66, 0x6F5F,
    0x740F, 0x5475, 0x7272, 0x6574, 0x4D6F, 0x6465, 0x5461, 0x626C, 0x6548, 0xD80C, 0x8096, 0x0200,
    0x3800, 0x1800, 0x0000, 0x0100, 0x0300, 0x0000, 0x1143, 0x4C69, 0x6E6B, 0x4566, 0x6665, 0x6374,
    0x496E, 0x666F, 0x5F74, 0x1454, 0x7572, 0x7265, 0x744C, 0x696E, 0x6B45, 0x6666, 0x6563, 0x7449,
    0x6E66, 0x6FA0, 0x2C20, 0x009C, 0x1D00, 0x6000, 0x0000, 0x1F00, 0x0000, 0x0F80, 0xF0FF, 0xFFFF,
    0x0000, 0x1000, 0xF8FF, 0xFFFF, 0xB500, 0x0000, 0x3143, 0x3A5C, 0x5052, 0x4F4A, 0x4543, 0x5453,
    0x5C44, 0x4D5C, 0x4E36, 0x345C, 0x534F, 0x5552, 0x4345, 0x5C41, 0x495C, 0x454E, 0x454D, 0x4945,
    0x535C, 0x5455, 0x5252, 0x4554, 0x4149, 0x2E43, 0x5050, 0x1F43, 0x5665, 0x6374, 0x6F72, 0x335F,
    0x5F47, 0x6574, 0x4469, 0x7265, 0x6374, 0x696F, 0x6E52, 0x6F74, 0x6174, 0x696F, 0x6E32, 0x1100,
    0x0000, 0x9611, 0x0018, 0x000C, 0x0000, 0x0000, 0x000A, 0x4356, 0x6563, 0x746F, 0x7233, 0x5F74,
    0x0870, 0x764E, 0x6F72, 0x6D61, 0x6CA0, 0x2C20, 0x0090, 0x0100, 0x0000, 0xB0FF, 0xFFFF, 0x9601,
    0x0008, 0x0010, 0x0000, 0x0000, 0x000A, 0x4351, 0x7561, 0x7465, 0x726E, 0x5F74, 0x0471, 0x526F,
    0x74C0, 0xFFFF, 0xFF96, 0x0100, 0x0800, 0x0C00, 0x0000, 0x0000, 0x0A43, 0x5665, 0x6374, 0x6F72,
    0x335F, 0x740D, 0x7649, 0x6465, 0x6E74, 0x6974, 0x7941, 0x7869, 0x73D0, 0xFFFF, 0xFF96, 0x0100,
    0x0800, 0x0C00, 0x0000, 0x0000, 0x0A43, 0x5665, 0x6374, 0x6F72, 0x335F, 0x7405, 0x7641, 0x7869,
    0x7334, 0x0000, 0x0094, 0x0400, 0x0600, 0x0000, 0x0000, 0x0574, 0x6865, 0x7461, 0x082E, 0x2000,
    0x921F, 0x0000, 0x004C, 0x2E20, 0x008E, 0xD400, 0x0000, 0x4C2E, 0x2000, 0x9C1D, 0x00E8, 0x0000,
    0x001F, 0x0000, 0x0007, 0x80F4, 0xFFFF, 0xFF00, 0x0010, 0x00F8, 0xFFFF, 0xFF06, 0x0100, 0x0031,
    0x433A, 0x5C50, 0x524F, 0x4A45, 0x4354, 0x535C, 0x444D, 0x5C4E, 0x3634, 0x5C53, 0x4F55, 0x5243,
    0x455C, 0x4149, 0x5C45, 0x4E45, 0x4D49, 0x4553, 0x5C54, 0x5552, 0x5245, 0x5441, 0x492E, 0x4350,
    0x5014, 0x5475, 0x7272, 0x6574, 0x5F43, 0x616C, 0x634F, 0x7269, 0x656E, 0x744D, 0x7478, 0x1200,
    0x0000, 0x9611, 0x0018, 0x00E8, 0x0200, 0x0000, 0x0015, 0x4347, 0x616D, 0x654F, 0x626A, 0x6563,
    0x7449, 0x6E73, 0x7461, 0x6E63, 0x655F, 0x7405, 0x7054, 0x6869, 0x7311, 0x0000, 0x0096, 0x1100,
    0x1800, 0x7001, 0x0000, 0x0000, 0x0543, 0x4149, 0x5F74, 0x0370, 0x4149, 0x4C2E, 0x2000, 0x9001,
    0x0000, 0x0010, 0x0000, 0x0096, 0x0400, 0x1800, 0x7400, 0x0000, 0x0000, 0x1543, 0x5475, 0x7272,
    0x6574, 0x496E, 0x7465, 0x6C6C, 0x6967, 0x656E, 0x6365, 0x5F74, 0x0670, 0x496E, 0x7465, 0x6C28,
    0xFFFF, 0xFF96, 0x0100, 0x0800, 0x1000, 0x0000, 0x0000, 0x0A43, 0x5175, 0x6174, 0x6572, 0x6E5F,
    0x7405, 0x7152, 0x6F74, 0x5938, 0xFFFF, 0xFF96, 0x0100, 0x0800, 0x1000, 0x0000, 0x0000, 0x0A43,
    0x5175, 0x6174, 0x6572, 0x6E5F, 0x7406, 0x7154, 0x656D, 0x7031, 0x48FF, 0xFFFF, 0x9601, 0x00F6,
    0x0040, 0x0000, 0x0002, 0x0004, 0x0000, 0x0004, 0x0000, 0x0000, 0x086D, 0x664F, 0x7269, 0x656E,
    0x7488, 0xFFFF, 0xFF96, 0x0100, 0xF600, 0x4000, 0x0000, 0x0200, 0x0400, 0x0000, 0x0400, 0x0000,
    0x0007, 0x6D66, 0x506C, 0x616E, 0x654C, 0x2E20, 0x0090, 0x0100, 0x0000, 0x1200, 0x0000, 0x9604,
    0x0018, 0x00E8, 0x0200, 0x0000, 0x0015, 0x4347, 0x616D, 0x654F, 0x626A, 0x6563, 0x7449, 0x6E73,
    0x7461, 0x6E63, 0x655F, 0x7405, 0x7054, 0x6869, 0x7311, 0x0000, 0x0096, 0x0400, 0x1800, 0x7001,
    0x0000, 0x0000, 0x0543, 0x4149, 0x5F74, 0x0370, 0x4149, 0x4C2E, 0x2000, 0x9001, 0x0000, 0x00C8,
    0xFFFF, 0xFF96, 0x0100, 0x0800, 0x1000, 0x0000, 0x0000, 0x0A43, 0x5175, 0x6174, 0x6572, 0x6E5F,
    0x7404, 0x7152, 0x6F74, 0x4C2E, 0x2000, 0x9001, 0x0000, 0x0011, 0x0000, 0x0096, 0x0400, 0x1800,
    0x7001, 0x0000, 0x0000, 0x0543, 0x4149, 0x5F74, 0x0370, 0x4149, 0x1200, 0x0000, 0x9604, 0x0018,
    0x00E8, 0x0200, 0x0000, 0x0015, 0x4347, 0x616D, 0x654F, 0x626A, 0x6563, 0x7449, 0x6E73, 0x7461,
    0x6E63, 0x655F, 0x7405, 0x7054, 0x6869, 0x734C, 0x2E20, 0x0090, 0x0100, 0x0000, 0xD8FF, 0xFFFF,
    0x9601, 0x0008, 0x000C, 0x0000, 0x0000, 0x000A, 0x4356, 0x6563, 0x746F, 0x7233, 0x5F74, 0x0776,
    0x4E6F, 0x726D, 0x616C, 0x4C2E, 0x2000, 0x9201, 0x0000, 0x004C, 0x2E20, 0x0092, 0x0100, 0x0000,
    0x4C2E, 0x2000, 0x9201, 0x0000, 0x004C, 0x2E20, 0x0092, 0x0100, 0x0000, 0x182F, 0x2000, 0x920E,
    0x0000, 0x00DC, 0x2F20, 0x008E, 0x2301, 0x0000, 0xDC2F, 0x2000, 0x9C1D, 0x00A8, 0x0000, 0x001F,
    0x0000, 0x001F, 0x80EC, 0xFFFF, 0xFF00, 0x0030, 0x00F8, 0xFFFF, 0xFFEF, 0x0100, 0x0031, 0x433A,
    0x5C50, 0x524F, 0x4A45, 0x4354, 0x535C, 0x444D, 0x5C4E, 0x3634, 0x5C53, 0x4F55, 0x5243, 0x455C,
    0x4149, 0x5C45, 0x4E45, 0x4D49, 0x4553, 0x5C54, 0x5552, 0x5245, 0x5441, 0x492E, 0x4350, 0x500B,
    0x5475, 0x7272, 0x6574, 0x5F4D, 0x6F76, 0x6504, 0x0000, 0x0096, 0x1100, 0x1800, 0xE802, 0x0000,
    0x0000, 0x1543, 0x4761, 0x6D65, 0x4F62, 0x6A65, 0x6374, 0x496E, 0x7374, 0x616E, 0x6365, 0x5F74,
    0x0570, 0x5468, 0x6973, 0x1300, 0x0000, 0x9611, 0x0018, 0x0070, 0x0100, 0x0000, 0x0005, 0x4341,
    0x495F, 0x7403, 0x7041, 0x4910, 0x0000, 0x0094, 0x1100, 0x0400, 0x0000, 0x0000, 0x0A4D, 0x6F74,
    0x696F, 0x6E54, 0x7970, 0x6514, 0x0000, 0x0096, 0x1100, 0x1800, 0xE802, 0x0000, 0x0000, 0x1543,
    0x4761, 0x6D65, 0x4F62, 0x6A65, 0x6374, 0x496E, 0x7374, 0x616E, 0x6365, 0x5F74, 0x0770, 0x5461,
    0x7267, 0x6574, 0xDC2F, 0x2000, 0x9001, 0x0000, 0x0012, 0x0000, 0x0096, 0x0400, 0x1800, 0x7400,
    0x0000, 0x0000, 0x1543, 0x5475, 0x7272, 0x6574, 0x496E, 0x7465, 0x6C6C, 0x6967, 0x656E, 0x6365,
    0x5F74, 0x0670, 0x496E, 0x7465, 0x6C34, 0x0000, 0x0094, 0x0400, 0x0600, 0x0000, 0x0000, 0x0174,
    0x2100, 0x0000, 0x9404, 0x0006, 0x0000, 0x0000, 0x0006, 0x5461, 0x7267, 0x6574, 0x2E00, 0x0000,
    0x9404, 0x0006, 0x0000, 0x0000, 0x0003, 0x5665, 0x6C35, 0x0000, 0x0094, 0x0400, 0x0600, 0x0000,
    0x0000, 0x0553, 0x7065, 0x6564, 0x68FF, 0xFFFF, 0x9601, 0x0008, 0x000C, 0x0000, 0x0000, 0x000A,
    0x4356, 0x6563, 0x746F, 0x7233, 0x5F74, 0x0776, 0x456E, 0x6450, 0x6F73, 0x78FF, 0xFFFF, 0x9601,
    0x0008, 0x000C, 0x0000, 0x0000, 0x000A, 0x4356, 0x6563, 0x746F, 0x7233, 0x5F74, 0x0476, 0x506F,
    0x7388, 0xFFFF, 0xFF96, 0x0100, 0x0800, 0x0C00, 0x0000, 0x0000, 0x0A43, 0x5665, 0x6374, 0x6F72,
    0x335F, 0x7407, 0x7652, 0x6F74, 0x506F, 0x7398, 0xFFFF, 0xFF96, 0x0100, 0xF600, 0x4000, 0x0000,
    0x0200, 0x0400, 0x0000, 0x0400, 0x0000, 0x0008, 0x6D66, 0x4F72, 0x6965, 0x6E74, 0xD031, 0x2000,
    0x9265, 0x0000, 0x0078, 0x3220, 0x008E, 0x5D02, 0x0000, 0x7832, 0x2000, 0x9C1D, 0x0078, 0x0000,
    0x001F, 0x0000, 0x003F, 0x80E0, 0xFFFF, 0xFF00, 0x0070, 0x00F8, 0xFFFF, 0xFFB7, 0x0200, 0x0031,
    0x433A, 0x5C50, 0x524F, 0x4A45, 0x4354, 0x535C, 0x444D, 0x5C4E, 0x3634, 0x5C53, 0x4F55, 0x5243,
    0x455C, 0x4149, 0x5C45, 0x4E45, 0x4D49, 0x4553, 0x5C54, 0x5552, 0x5245, 0x5441, 0x492E, 0x4350,
    0x5019, 0x4149, 0x5F44, 0x796E, 0x5475, 0x7272, 0x6574, 0x4765, 0x7454, 0x6172, 0x6765, 0x7449,
    0x6E66, 0x6F12, 0x0000, 0x0096, 0x1100, 0x1800, 0xE802, 0x0000, 0x0000, 0x1543, 0x4761, 0x6D65,
    0x4F62, 0x6A65, 0x6374, 0x496E, 0x7374, 0x616E, 0x6365, 0x5F74, 0x0570, 0x5468, 0x6973, 0x1300,
    0x0000, 0x9611, 0x0018, 0x0070, 0x0100, 0x0000, 0x0005, 0x4341, 0x495F, 0x7403, 0x7041, 0x4914,
    0x0000, 0x0096, 0x1100, 0x1800, 0x8800, 0x0000, 0x0000, 0x0F73, 0x5F43, 0x4149, 0x5461, 0x7267,
    0x6574, 0x496E, 0x666F, 0x0570, 0x496E, 0x666F, 0x7832, 0x2000, 0x9001, 0x0000, 0x0015, 0x0000,
    0x0096, 0x0400, 0x1800, 0x7400, 0x0000, 0x0000, 0x1543, 0x5475, 0x7272, 0x6574, 0x496E, 0x7465,
    0x6C6C, 0x6967, 0x656E, 0x6365, 0x5F74, 0x0670, 0x496E, 0x7465, 0x6C10, 0x0000, 0x0096, 0x0400,
    0x1800, 0xE816, 0x0000, 0x0000, 0x0943, 0x506C, 0x6179, 0x6572, 0x5F74, 0x0A70, 0x4375, 0x7250,
    0x6C61, 0x7965, 0x7211, 0x0000, 0x0096, 0x0400, 0x1800, 0xE816, 0x0000, 0x0000, 0x0943, 0x506C,
    0x6179, 0x6572, 0x5F74, 0x1170, 0x4375, 0x7243, 0x6C6F, 0x7365, 0x7374, 0x506C, 0x6179, 0x6572,
    0x3400, 0x0000, 0x9404, 0x0006, 0x0000, 0x0000, 0x000F, 0x6643, 0x7572, 0x4469, 0x7374, 0x616E,
    0x6365, 0x5371, 0x7235, 0x0000, 0x0094, 0x0400, 0x0600, 0x0000, 0x0000, 0x1666, 0x4375, 0x7243,
    0x6C6F, 0x7365, 0x7374, 0x4469, 0x7374, 0x616E, 0x6365, 0x5371, 0x72FC, 0x3220, 0x0090, 0x0100,
    0x0000, 0x1200, 0x0000, 0x9604, 0x0018, 0x00E8, 0x0200, 0x0000, 0x0015, 0x4347, 0x616D, 0x654F,
    0x626A, 0x6563, 0x7449, 0x6E73, 0x7461, 0x6E63, 0x655F, 0x7405, 0x7054, 0x6869, 0x7313, 0x0000,
    0x0096, 0x0400, 0x1800, 0x7001, 0x0000, 0x0000, 0x0543, 0x4149, 0x5F74, 0x0370, 0x4149, 0x1000,
    0x0000, 0x9604, 0x0018, 0x00E8, 0x1600, 0x0000, 0x0009, 0x4350, 0x6C61, 0x7965, 0x725F, 0x740D,
    0x7050, 0x6C61, 0x7965, 0x7254, 0x6172, 0x6765, 0x74FC, 0x3220, 0x0090, 0x0100, 0x0000, 0x0400,
    0x0000, 0x9604, 0x0018, 0x00E8, 0x1600, 0x0000, 0x0009, 0x4350, 0x6C61, 0x7965, 0x725F, 0x7412,
    0x7050, 0x6C61, 0x7965, 0x7254, 0x7572, 0x7265, 0x744F, 0x776E, 0x6572, 0x3C33, 0x2000, 0x9201,
    0x0000, 0x003C, 0x3320, 0x0092, 0x0100, 0x0000, 0x4433, 0x2000, 0x9001, 0x0000, 0x0012, 0x0000,
    0x0096, 0x0400, 0x1800, 0xE802, 0x0000, 0x0000, 0x1543, 0x4761, 0x6D65, 0x4F62, 0x6A65, 0x6374,
    0x496E, 0x7374, 0x616E, 0x6365, 0x5F74, 0x0570, 0x5468, 0x6973, 0x1300, 0x0000, 0x9604, 0x0018,
    0x0070, 0x0100, 0x0000, 0x0005, 0x4341, 0x495F, 0x7403, 0x7041, 0x4910, 0x0000, 0x0096, 0x0400,
    0x1800, 0xE816, 0x0000, 0x0000, 0x0943, 0x506C, 0x6179, 0x6572, 0x5F74, 0x0D70, 0x506C, 0x6179,
    0x6572, 0x5461, 0x7267, 0x6574, 0x4433, 0x2000, 0x9001, 0x0000, 0x00B8, 0xFFFF, 0xFF96, 0x0100,
    0x0800, 0x0C00, 0x0000, 0x0000, 0x0A43, 0x5665, 0x6374, 0x6F72, 0x335F, 0x7412, 0x7654, 0x6172,
    0x6765, 0x7452, 0x656C, 0x6174, 0x6976, 0x654C, 0x6F63, 0xA8FF, 0xFFFF, 0x9601, 0x0008, 0x000C,
    0x0000, 0x0000, 0x000A, 0x4356, 0x6563, 0x746F, 0x7233, 0x5F74, 0x0D76, 0x5475, 0x7272, 0x6574,
    0x4F72, 0x6965, 0x6E74, 0x1C34, 0x2000, 0x9201, 0x0000, 0x001C, 0x3420, 0x0092, 0x0100, 0x0000,
    0x7434, 0x2000, 0x923A, 0x0000, 0x00A4, 0x3420, 0x008E, 0xF002, 0x0000, 0xA434, 0x2000, 0x9C1D,
    0x0088, 0x0100, 0x001F, 0x0000, 0x00FF, 0x80E0, 0xFFFF, 0xFF00, 0x0070, 0x00F8, 0xFFFF, 0xFF02,
    0x0300, 0x0031, 0x433A, 0x5C50, 0x524F, 0x4A45, 0x4354, 0x535C, 0x444D, 0x5C4E, 0x3634, 0x5C53,
    0x4F55, 0x5243, 0x455C, 0x4149, 0x5C45, 0x4E45, 0x4D49, 0x4553, 0x5C54, 0x5552, 0x5245, 0x5441,
    0x492E, 0x4350, 0x5012, 0x5475, 0x7272, 0x6574, 0x5F54, 0x7261, 0x636B, 0x5461, 0x7267, 0x6574,
    0x1500, 0x0000, 0x9611, 0x0018, 0x00E8, 0x0200, 0x0000, 0x0015, 0x4347, 0x616D, 0x654F, 0x626A,
    0x6563, 0x7449, 0x6E73, 0x7461, 0x6E63, 0x655F, 0x7405, 0x7054, 0x6869, 0x7313, 0x0000, 0x0096,
    0x1100, 0x1800, 0x7001, 0x0000, 0x0000, 0x0543, 0x4149, 0x5F74, 0x0370, 0x4149, 0xA434, 0x2000,
    0x9001, 0x0000, 0x0014, 0x0000, 0x0096, 0x0400, 0x1800, 0x7400, 0x0000, 0x0000, 0x1543, 0x5475,
    0x7272, 0x6574, 0x496E, 0x7465, 0x6C6C, 0x6967, 0x656E, 0x6365, 0x5F74, 0x0670, 0x496E, 0x7465,
    0x6C90, 0xFEFF, 0xFF96, 0x0100, 0x0800, 0x8800, 0x0000, 0x0000, 0x0F73, 0x5F43, 0x4149, 0x5461,
    0x7267, 0x6574, 0x496E, 0x666F, 0x0A54, 0x6172, 0x6765, 0x7449, 0x6E66, 0x6F16, 0x0000, 0x0096,
    0x0400, 0x1800, 0xE802, 0x0000, 0x0000, 0x1543, 0x4761, 0x6D65, 0x4F62, 0x6A65, 0x6374, 0x496E,
    0x7374, 0x616E, 0x6365, 0x5F74, 0x0770, 0x5461, 0x7267, 0x6574, 0x2200, 0x0000, 0x9404, 0x0006,
    0x0000, 0x0000, 0x000A, 0x5461, 0x7267, 0x6574, 0x526F, 0x7459, 0x3500, 0x0000, 0x9404, 0x0006,
    0x0000, 0x0000, 0x000D, 0x5461, 0x7267, 0x6574, 0x5469, 0x6C74, 0x526F, 0x7420, 0x0000, 0x0094,
    0x0400, 0x0600, 0x0000, 0x0000, 0x054C, 0x696D, 0x6974, 0x3400, 0x0000, 0x9404, 0x0006, 0x0000,
    0x0000, 0x0009, 0x4465, 0x6C74, 0x6152, 0x6F74, 0x59B8, 0xFFFF, 0xFF94, 0x0100, 0x0600, 0x0000,
    0x0000, 0x0452, 0x6F74, 0x5918, 0xFFFF, 0xFF96, 0x0100, 0x0800, 0x0C00, 0x0000, 0x0000, 0x0A43,
    0x5665, 0x6374, 0x6F72, 0x335F, 0x7407, 0x7654, 0x7572, 0x7265, 0x7428, 0xFFFF, 0xFF96, 0x0100,
    0x0800, 0x0C00, 0x0000, 0x0000, 0x0A43, 0x5665, 0x6374, 0x6F72, 0x335F, 0x7407, 0x7654, 0x6172,
    0x6765, 0x7438, 0xFFFF, 0xFF96, 0x0100, 0x0800, 0x0C00, 0x0000, 0x0000, 0x0A43, 0x5665, 0x6374,
    0x6F72, 0x335F, 0x7404, 0x7644, 0x6972, 0x1700, 0x0000, 0x9404, 0x0004, 0x0000, 0x0000, 0x0008,
    0x6243, 0x616E, 0x4669, 0x7265, 0x7835, 0x2000, 0x9026, 0x0000, 0x0015, 0x0000, 0x0096, 0x0400,
    0x1800, 0xE802, 0x0000, 0x0000, 0x1543, 0x4761, 0x6D65, 0x4F62, 0x6A65, 0x6374, 0x496E, 0x7374,
    0x616E, 0x6365, 0x5F74, 0x0570, 0x5468, 0x6973, 0x1300, 0x0000, 0x9604, 0x0018, 0x0070, 0x0100,
    0x0000, 0x0005, 0x4341, 0x495F, 0x7403, 0x7041, 0x4978, 0x3520, 0x0090, 0x2600, 0x0000, 0x88FF,
    0xFFFF, 0x9601, 0x0008, 0x000C, 0x0000, 0x0000, 0x000A, 0x4356, 0x6563, 0x746F, 0x7233, 0x5F74,
    0x0676, 0x4465, 0x6C74, 0x6148, 0xFFFF, 0xFF96, 0x0100, 0xF600, 0x4000, 0x0000, 0x0200, 0x0400,
    0x0000, 0x0400, 0x0000, 0x0007, 0x6D66, 0x506C, 0x616E, 0x6578, 0x3520, 0x0090, 0x2600, 0x0000,
    0x1100, 0x0000, 0x9604, 0x00D6, 0x0004, 0x0000, 0x0001, 0x0004, 0x0000, 0x0000, 0x076D, 0x6650,
    0x6C61, 0x6E65, 0x1300, 0x0000, 0x9604, 0x0018, 0x0070, 0x0100, 0x0000, 0x0005, 0x4341, 0x495F,
    0x7403, 0x7041, 0x4915, 0x0000, 0x0096, 0x0400, 0x1800, 0xE802, 0x0000, 0x0000, 0x1543, 0x4761,
    0x6D65, 0x4F62, 0x6A65, 0x6374, 0x496E, 0x7374, 0x616E, 0x6365, 0x5F74, 0x0570, 0x5468, 0x6973,
    0x7835, 0x2000, 0x9026, 0x0000, 0x0098, 0xFFFF, 0xFF96, 0x0100, 0x0800, 0x1000, 0x0000, 0x0000,
    0x0A43, 0x5175, 0x6174, 0x6572, 0x6E5F, 0x7404, 0x7152, 0x6F74, 0x7835, 0x2000, 0x9026, 0x0000,
    0x0015, 0x0000, 0x0096, 0x0400, 0x1800, 0xE802, 0x0000, 0x0000, 0x1543, 0x4761, 0x6D65, 0x4F62,
    0x6A65, 0x6374, 0x496E, 0x7374, 0x616E, 0x6365, 0x5F74, 0x0570, 0x5468, 0x6973, 0x1300, 0x0000,
    0x9604, 0x0018, 0x0070, 0x0100, 0x0000, 0x0005, 0x4341, 0x495F, 0x7403, 0x7041, 0x4978, 0x3520,
    0x0090, 0x2600, 0x0000, 0xA8FF, 0xFFFF, 0x9601, 0x0008, 0x000C, 0x0000, 0x0000, 0x000A, 0x4356,
    0x6563, 0x746F, 0x7233, 0x5F74, 0x0776, 0x4E6F, 0x726D, 0x616C, 0x7835, 0x2000, 0x9226, 0x0000,
    0x0078, 0x3520, 0x0092, 0x2600, 0x0000, 0x7835, 0x2000, 0x9226, 0x0000, 0x0078, 0x3520, 0x0092,
    0x2600, 0x0000, 0x7835, 0x2000, 0x9226, 0x0000, 0x0078, 0x3520, 0x0092, 0x2600, 0x0000, 0xE437,
    0x2000, 0x9260, 0x0000, 0x0048, 0x3820, 0x008E, 0x6803, 0x0000, 0x4838, 0x2000, 0x8C1D, 0x0028,
    0x0000, 0x001F, 0x0000, 0x0001, 0x80FC, 0xFFFF, 0xFFD9, 0x0000, 0x0031, 0x433A, 0x5C50, 0x524F,
    0x4A45, 0x4354, 0x535C, 0x444D, 0x5C4E, 0x3634, 0x5C53, 0x4F55, 0x5243, 0x455C, 0x4149, 0x5C45,
    0x4E45, 0x4D49, 0x4553, 0x5C54, 0x5552, 0x5245, 0x5441, 0x492E, 0x4350, 0x5014, 0x5475, 0x7272,
    0x6574, 0x5F42, 0x7569, 0x6C64, 0x506C, 0x616E, 0x6552, 0x6F74, 0x0500, 0x0000, 0x9611, 0x0018,
    0x00E8, 0x0200, 0x0000, 0x0015, 0x4347, 0x616D, 0x654F, 0x626A, 0x6563, 0x7449, 0x6E73, 0x7461,
    0x6E63, 0x655F, 0x7405, 0x7054, 0x6869, 0x7306, 0x0000, 0x0096, 0x1100, 0x1800, 0x7001, 0x0000,
    0x0000, 0x0543, 0x4149, 0x5F74, 0x0370, 0x4149, 0x4838, 0x2000, 0x9001, 0x0000, 0x00E8, 0xFFFF,
    0xFF96, 0x0100, 0x0800, 0x0C00, 0x0000, 0x0000, 0x0A43, 0x5665, 0x6374, 0x6F72, 0x335F, 0x7407,
    0x764E, 0x6F72, 0x6D61, 0x6C48, 0x3820, 0x0092, 0x0100, 0x0000, 0x8C38, 0x2000, 0x8EE1, 0x0000,
    0x008C, 0x3820, 0x008C, 0x1D00, 0x0000, 0x0000, 0x1F00, 0x0000, 0x0000, 0x0000, 0x0000, 0x6401,
    0x0000, 0x3143, 0x3A5C, 0x5052, 0x4F4A, 0x4543, 0x5453, 0x5C44, 0x4D5C, 0x4E36, 0x345C, 0x534F,
    0x5552, 0x4345, 0x5C41, 0x495C, 0x454E, 0x454D, 0x4945, 0x535C, 0x5455, 0x5252, 0x4554, 0x4149,
    0x2E43, 0x5050, 0x1054, 0x7572, 0x7265, 0x745F, 0x436F, 0x6E73, 0x7472, 0x7563, 0x7404, 0x0000,
    0x0096, 0x1100, 0x1800, 0xE802, 0x0000, 0x0000, 0x1543, 0x4761, 0x6D65, 0x4F62, 0x6A65, 0x6374,
    0x496E, 0x7374, 0x616E, 0x6365, 0x5F74, 0x0570, 0x5468, 0x6973, 0x0500, 0x0000, 0x9611, 0x0018,
    0x0070, 0x0100, 0x0000, 0x0005, 0x4341, 0x495F, 0x7403, 0x7041, 0x498C, 0x3820, 0x0090, 0x0200,
    0x0000, 0x0039, 0x2000, 0x921E, 0x0000, 0x0008, 0x3920, 0x008E, 0x8101, 0x0000, 0x0839, 0x2000,
    0x8C1D, 0x0020, 0x0000, 0x001F, 0x0000, 0x0007, 0x80FC, 0xFFFF, 0xFF85, 0x0100, 0x0031, 0x433A,
    0x5C50, 0x524F, 0x4A45, 0x4354, 0x535C, 0x444D, 0x5C4E, 0x3634, 0x5C53, 0x4F55, 0x5243, 0x455C,
    0x4149, 0x5C45, 0x4E45, 0x4D49, 0x4553, 0x5C54, 0x5552, 0x5245, 0x5441, 0x492E, 0x4350, 0x500C,
    0x5475, 0x7272, 0x6574, 0x5F53, 0x6574, 0x7570, 0x1000, 0x0000, 0x9611, 0x0018, 0x00E8, 0x0200,
    0x0000, 0x0015, 0x4347, 0x616D, 0x654F, 0x626A, 0x6563, 0x7449, 0x6E73, 0x7461, 0x6E63, 0x655F,
    0x7405, 0x7054, 0x6869, 0x7312, 0x0000, 0x0096, 0x1100, 0x1800, 0x7001, 0x0000, 0x0000, 0x0543,
    0x4149, 0x5F74, 0x0370, 0x4149, 0x0839, 0x2000, 0x9001, 0x0000, 0x0011, 0x0000, 0x0096, 0x0400,
    0x1800, 0x7400, 0x0000, 0x0000, 0x1543, 0x5475, 0x7272, 0x6574, 0x496E, 0x7465, 0x6C6C, 0x6967,
    0x656E, 0x6365, 0x5F74, 0x0670, 0x496E, 0x7465, 0x6CDC, 0x3920, 0x0092, 0x2A00, 0x0000, 0xF839,
    0x2000, 0x8EAF, 0x0100, 0x00F8, 0x3920, 0x008C, 0x1D00, 0x2000, 0x0000, 0x1F00, 0x0000, 0x0380,
    0xF8FF, 0xFFFF, 0xC401, 0x0000, 0x3143, 0x3A5C, 0x5052, 0x4F4A, 0x4543, 0x5453, 0x5C44, 0x4D5C,
    0x4E36, 0x345C, 0x534F, 0x5552, 0x4345, 0x5C41, 0x495C, 0x454E, 0x454D, 0x4945, 0x535C, 0x5455,
    0x5252, 0x4554, 0x4149, 0x2E43, 0x5050, 0x0E54, 0x7572, 0x7265, 0x745F, 0x4164, 0x7661, 0x6E63,
    0x6511, 0x0000, 0x0096, 0x1100, 0x1800, 0xE802, 0x0000, 0x0000, 0x1543, 0x4761, 0x6D65, 0x4F62,
    0x6A65, 0x6374, 0x496E, 0x7374, 0x616E, 0x6365, 0x5F74, 0x0570, 0x5468, 0x6973, 0x1000, 0x0000,
    0x9611, 0x0018, 0x0070, 0x0100, 0x0000, 0x0005, 0x4341, 0x495F, 0x7403, 0x7041, 0x4994, 0x3A20,
    0x008E, 0xD901, 0x0000, 0x943A, 0x2000, 0x8C1D, 0x0000, 0x0000, 0x001F, 0x0000, 0x0000, 0x0000,
    0x0000, 0x007F, 0x0300, 0x0031, 0x433A, 0x5C50, 0x524F, 0x4A45, 0x4354, 0x535C, 0x444D, 0x5C4E,
    0x3634, 0x5C53, 0x4F55, 0x5243, 0x455C, 0x4149, 0x5C45, 0x4E45, 0x4D49, 0x4553, 0x5C54, 0x5552,
    0x5245, 0x5441, 0x492E, 0x4350, 0x5014, 0x5475, 0x7272, 0x6574, 0x5F41, 0x6E69, 0x6D5F, 0x4143,
    0x5449, 0x5641, 0x5445, 0x0400, 0x0000, 0x9611, 0x0018, 0x00E8, 0x0200, 0x0000, 0x0015, 0x4347,
    0x616D, 0x654F, 0x626A, 0x6563, 0x7449, 0x6E73, 0x7461, 0x6E63, 0x655F, 0x7405, 0x7054, 0x6869,
    0x7305, 0x0000, 0x0096, 0x1100, 0x1800, 0x7001, 0x0000, 0x0000, 0x0543, 0x4149, 0x5F74, 0x0370,
    0x4149, 0x943A, 0x2000, 0x9002, 0x0000, 0x00A8, 0x3A20, 0x0092, 0x0900, 0x0000, 0xB03A, 0x2000,
    0x8E87, 0x0300, 0x00B0, 0x3A20, 0x008C, 0x1D00, 0x1800, 0x0000, 0x1F00, 0x0000, 0x0080, 0xF8FF,
    0xFFFF, 0x8A03, 0x0000, 0x3143, 0x3A5C, 0x5052, 0x4F4A, 0x4543, 0x5453, 0x5C44, 0x4D5C, 0x4E36,
    0x345C, 0x534F, 0x5552, 0x4345, 0x5C41, 0x495C, 0x454E, 0x454D, 0x4945, 0x535C, 0x5455, 0x5252,
    0x4554, 0x4149, 0x2E43, 0x5050, 0x1454, 0x7572, 0x7265, 0x745F, 0x436F, 0x6465, 0x5F41, 0x4354,
    0x4956, 0x4154, 0x4504, 0x0000, 0x0096, 0x1100, 0x1800, 0xE802, 0x0000, 0x0000, 0x1543, 0x4761,
    0x6D65, 0x4F62, 0x6A65, 0x6374, 0x496E, 0x7374, 0x616E, 0x6365, 0x5F74, 0x0570, 0x5468, 0x6973,
    0x0500, 0x0000, 0x9611, 0x0018, 0x0070, 0x0100, 0x0000, 0x0005, 0x4341, 0x495F, 0x7403, 0x7041,
    0x49D8, 0x3A20, 0x008E, 0x8D03, 0x0000, 0xD83A, 0x2000, 0x8C1D, 0x0020, 0x0000, 0x001F, 0x0000,
    0x0003, 0x80F8, 0xFFFF, 0xFF96, 0x0300, 0x0031, 0x433A, 0x5C50, 0x524F, 0x4A45, 0x4354, 0x535C,
    0x444D, 0x5C4E, 0x3634, 0x5C53, 0x4F55, 0x5243, 0x455C, 0x4149, 0x5C45, 0x4E45, 0x4D49, 0x4553,
    0x5C54, 0x5552, 0x5245, 0x5441, 0x492E, 0x4350, 0x5010, 0x5475, 0x7272, 0x6574, 0x5F43, 0x6F64,
    0x655F, 0x4944, 0x4C45, 0x1000, 0x0000, 0x9611, 0x0018, 0x00E8, 0x0200, 0x0000, 0x0015, 0x4347,
    0x616D, 0x654F, 0x626A, 0x6563, 0x7449, 0x6E73, 0x7461, 0x6E63, 0x655F, 0x7405, 0x7054, 0x6869,
    0x7311, 0x0000, 0x0096, 0x1100, 0x1800, 0x7001, 0x0000, 0x0000, 0x0543, 0x4149, 0x5F74, 0x0370,
    0x4149, 0x1C3B, 0x2000, 0x8E99, 0x0300, 0x001C, 0x3B20, 0x008C, 0x1D00, 0x2000, 0x0000, 0x1F00,
    0x0000, 0x0380, 0xF8FF, 0xFFFF, 0xA203, 0x0000, 0x3143, 0x3A5C, 0x5052, 0x4F4A, 0x4543, 0x5453,
    0x5C44, 0x4D5C, 0x4E36, 0x345C, 0x534F, 0x5552, 0x4345, 0x5C41, 0x495C, 0x454E, 0x454D, 0x4945,
    0x535C, 0x5455, 0x5252, 0x4554, 0x4149, 0x2E43, 0x5050, 0x1054, 0x7572, 0x7265, 0x745F, 0x436F,
    0x6465, 0x5F46, 0x4952, 0x4510, 0x0000, 0x0096, 0x1100, 0x1800, 0xE802, 0x0000, 0x0000, 0x1543,
    0x4761, 0x6D65, 0x4F62, 0x6A65, 0x6374, 0x496E, 0x7374, 0x616E, 0x6365, 0x5F74, 0x0570, 0x5468,
    0x6973, 0x1100, 0x0000, 0x9611, 0x0018, 0x0070, 0x0100, 0x0000, 0x0005, 0x4341, 0x495F, 0x7403,
    0x7041, 0x4960, 0x3B20, 0x008E, 0xA503, 0x0000, 0x603B, 0x2000, 0x8C1D, 0x0028, 0x0000, 0x001F,
    0x0000, 0x0007, 0x80FC, 0xFFFF, 0xFFAE, 0x0300, 0x0031, 0x433A, 0x5C50, 0x524F, 0x4A45, 0x4354,
    0x535C, 0x444D, 0x5C4E, 0x3634, 0x5C53, 0x4F55, 0x5243, 0x455C, 0x4149, 0x5C45, 0x4E45, 0x4D49,
    0x4553, 0x5C54, 0x5552, 0x5245, 0x5441, 0x492E, 0x4350, 0x5012, 0x5475, 0x7272, 0x6574, 0x5F53,
    0x6574, 0x7570, 0x5F44, 0x4541, 0x5448, 0x1200, 0x0000, 0x9611, 0x0018, 0x00E8, 0x0200, 0x0000,
    0x0015, 0x4347, 0x616D, 0x654F, 0x626A, 0x6563, 0x7449, 0x6E73, 0x7461, 0x6E63, 0x655F, 0x7405,
    0x7054, 0x6869, 0x7310, 0x0000, 0x0096, 0x1100, 0x1800, 0x7001, 0x0000, 0x0000, 0x0543, 0x4149,
    0x5F74, 0x0370, 0x4149, 0x603B, 0x2000, 0x9001, 0x0000, 0x0002, 0x0000, 0x0096, 0x0400, 0x1800,
    0x3800, 0x0000, 0x0000, 0x1A43, 0x436F, 0x6D6D, 0x6F6E, 0x456E, 0x656D, 0x7949, 0x6E74, 0x656C,
    0x6C69, 0x6765, 0x6E63, 0x655F, 0x7406, 0x7049, 0x6E74, 0x656C, 0xF03B, 0x2000, 0x921C, 0x0000,
    0x0008, 0x3C20, 0x008E, 0xC903, 0x0000, 0x083C, 0x2000, 0x8C1D, 0x0018, 0x0000, 0x001F, 0x0000,
    0x0000, 0x80F8, 0xFFFF, 0xFFCC, 0x0300, 0x0031, 0x433A, 0x5C50, 0x524F, 0x4A45, 0x4354, 0x535C,
    0x444D, 0x5C4E, 0x3634, 0x5C53, 0x4F55, 0x5243, 0x455C, 0x4149, 0x5C45, 0x4E45, 0x4D49, 0x4553,
    0x5C54, 0x5552, 0x5245, 0x5441, 0x492E, 0x4350, 0x5011, 0x5475, 0x7272, 0x6574, 0x5F43, 0x6F64,
    0x655F, 0x4445, 0x4154, 0x4804, 0x0000, 0x0096, 0x1100, 0x1800, 0xE802, 0x0000, 0x0000, 0x1543,
    0x4761, 0x6D65, 0x4F62, 0x6A65, 0x6374, 0x496E, 0x7374, 0x616E, 0x6365, 0x5F74, 0x0570, 0x5468,
    0x6973, 0x0500, 0x0000, 0x9611, 0x0018, 0x0070, 0x0100, 0x0000, 0x0005, 0x4341, 0x495F, 0x7403,
    0x7041, 0x4940, 0x3C20, 0x008E, 0xD503, 0x0000, 0x403C, 0x2000, 0x8C1D, 0x0018, 0x0000, 0x001F,
    0x0000, 0x0001, 0x80FC, 0xFFFF, 0xFF83, 0x0000, 0x0031, 0x433A, 0x5C50, 0x524F, 0x4A45, 0x4354,
    0x535C, 0x444D, 0x5C4E, 0x3634, 0x5C53, 0x4F55, 0x5243, 0x455C, 0x4149, 0x5C45, 0x4E45, 0x4D49,
    0x4553, 0x5C54, 0x5552, 0x5245, 0x5441, 0x492E, 0x4350, 0x501D, 0x5475, 0x7272, 0x6574, 0x5F4C,
    0x696E, 0x6B45, 0x6666, 0x6563, 0x745F, 0x4D61, 0x6B65, 0x5669, 0x7369, 0x626C, 0x6510, 0x0000,
    0x0096, 0x1100, 0x1800, 0xE802, 0x0000, 0x0000, 0x1543, 0x4761, 0x6D65, 0x4F62, 0x6A65, 0x6374,
    0x496E, 0x7374, 0x616E, 0x6365, 0x5F74, 0x0570, 0x5468, 0x6973, 0x0500, 0x0000, 0x9611, 0x0018,
    0x0070, 0x0100, 0x0000, 0x0005, 0x4341, 0x495F, 0x7403, 0x7041, 0x4906, 0x0000, 0x0096, 0x1100,
    0x1800, 0x1400, 0x0000, 0x0000, 0x0A43, 0x524F, 0x4D4C, 0x696E, 0x6B5F, 0x7408, 0x7052, 0x4F4D,
    0x4C69, 0x6E6B, 0x843C, 0x2000, 0x8E8D, 0x0000, 0x0084, 0x3C20, 0x008C, 0x1D00, 0x2000, 0x0000,
    0x1F00, 0x0000, 0x0780, 0xFCFF, 0xFFFF, 0x6C00, 0x0000, 0x3143, 0x3A5C, 0x5052, 0x4F4A, 0x4543,
    0x5453, 0x5C44, 0x4D5C, 0x4E36, 0x345C, 0x534F, 0x5552, 0x4345, 0x5C41, 0x495C, 0x454E, 0x454D,
    0x4945, 0x535C, 0x5455, 0x5252, 0x4554, 0x4149, 0x2E43, 0x5050, 0x1A54, 0x7572, 0x7265, 0x745F,
    0x4C69, 0x6E6B, 0x4566, 0x6665, 0x6374, 0x5F41, 0x6374, 0x6976, 0x6174, 0x6510, 0x0000, 0x0096,
    0x1100, 0x1800, 0xE802, 0x0000, 0x0000, 0x1543, 0x4761, 0x6D65, 0x4F62, 0x6A65, 0x6374, 0x496E,
    0x7374, 0x616E, 0x6365, 0x5F74, 0x0570, 0x5468, 0x6973, 0x1100, 0x0000, 0x9611, 0x0018, 0x0070,
    0x0100, 0x0000, 0x0005, 0x4341, 0x495F, 0x7403, 0x7041, 0x4912, 0x0000, 0x0096, 0x1100, 0x1800,
    0x1400, 0x0000, 0x0000, 0x0A43, 0x524F, 0x4D4C, 0x696E, 0x6B5F, 0x7408, 0x7052, 0x4F4D, 0x4C69,
    0x6E6B, 0xFC3C, 0x2000, 0x8E7C, 0x0000, 0x00FC, 0x3C20, 0x008C, 0x1D00, 0x3800, 0x0000, 0x1F00,
    0x0000, 0x0180, 0xFCFF, 0xFFFF, 0xE600, 0x0000, 0x3143, 0x3A5C, 0x5052, 0x4F4A, 0x4543, 0x5453,
    0x5C44, 0x4D5C, 0x4E36, 0x345C, 0x534F, 0x5552, 0x4345, 0x5C41, 0x495C, 0x454E, 0x454D, 0x4945,
    0x535C, 0x5455, 0x5252, 0x4554, 0x4149, 0x2E43, 0x5050, 0x1754, 0x7572, 0x7265, 0x745F, 0x4275,
    0x696C, 0x6450, 0x6C61, 0x6E65, 0x4F72, 0x6965, 0x6E74, 0x0400, 0x0000, 0x9611, 0x0018, 0x00E8,
    0x0200, 0x0000, 0x0015, 0x4347, 0x616D, 0x654F, 0x626A, 0x6563, 0x7449, 0x6E73, 0x7461, 0x6E63,
    0x655F, 0x7405, 0x7054, 0x6869, 0x7305, 0x0000, 0x0096, 0x1100, 0x1800, 0x7001, 0x0000, 0x0000,
    0x0543, 0x4149, 0x5F74, 0x0370, 0x4149, 0x1000, 0x0000, 0x9611, 0x00D6, 0x0004, 0x0000, 0x0001,
    0x0004, 0x0000, 0x0000, 0x076D, 0x6650, 0x6C61, 0x6E65, 0xFC3C, 0x2000, 0x9001, 0x0000, 0x00D8,
    0xFFFF, 0xFF96, 0x0100, 0x0800, 0x1000, 0x0000, 0x0000, 0x0A43, 0x5175, 0x6174, 0x6572, 0x6E5F,
    0x7404, 0x7152, 0x6F74, 0xFC3C, 0x2000, 0x9001, 0x0000, 0x0005, 0x0000, 0x0096, 0x0400, 0x1800,
    0x7001, 0x0000, 0x0000, 0x0543, 0x4149, 0x5F74, 0x0370, 0x4149, 0xFC3C, 0x2000, 0x9001, 0x0000,
    0x00E8, 0xFFFF, 0xFF96, 0x0100, 0x0800, 0x0C00, 0x0000, 0x0000, 0x0A43, 0x5665, 0x6374, 0x6F72,
    0x335F, 0x7407, 0x764E, 0x6F72, 0x6D61, 0x6CFC, 0x3C20, 0x0092, 0x0100, 0x0000, 0xFC3C, 0x2000,
    0x9201, 0x0000, 0x00FC, 0x3C20, 0x0092, 0x0100, 0x0000, 0x4C3D, 0x2000, 0x8EEB, 0x0000, 0x004C,
    0x3D20, 0x008C, 0x1D00, 0x9800, 0x0000, 0x1F00, 0x0000, 0x0F80, 0xF8FF, 0xFFFF, 0xF200, 0x0000,
    0x3143, 0x3A5C, 0x5052, 0x4F4A, 0x4543, 0x5453, 0x5C44, 0x4D5C, 0x4E36, 0x345C, 0x534F, 0x5552,
    0x4345, 0x5C41, 0x495C, 0x454E, 0x454D, 0x4945, 0x535C, 0x5455, 0x5252, 0x4554, 0x4149, 0x2E43,
    0x5050, 0x2054, 0x7572, 0x7265, 0x745F, 0x4D6F, 0x7665, 0x5461, 0x7267, 0x6574, 0x496E, 0x746F,
    0x5475, 0x7272, 0x6574, 0x5370, 0x6163, 0x6504, 0x0000, 0x0096, 0x1100, 0x1800, 0xE802, 0x0000,
    0x0000, 0x1543, 0x4761, 0x6D65, 0x4F62, 0x6A65, 0x6374, 0x496E, 0x7374, 0x616E, 0x6365, 0x5F74,
    0x0570, 0x5468, 0x6973, 0x0500, 0x0000, 0x9611, 0x0018, 0x0070, 0x0100, 0x0000, 0x0005, 0x4341,
    0x495F, 0x7403, 0x7041, 0x4913, 0x0000, 0x0096, 0x1100, 0x1800, 0x0C00, 0x0000, 0x0000, 0x0A43,
    0x5665, 0x6374, 0x6F72, 0x335F, 0x740B, 0x7076, 0x5475, 0x7272, 0x6574, 0x4579, 0x6512, 0x0000,
    0x0096, 0x1100, 0x1800, 0x0C00, 0x0000, 0x0000, 0x0A43, 0x5665, 0x6374, 0x6F72, 0x335F, 0x7408,
    0x7076, 0x5461, 0x7267, 0x6574, 0x4C3D, 0x2000, 0x9001, 0x0000, 0x0078, 0xFFFF, 0xFF96, 0x0100,
    0xF600, 0x4000, 0x0000, 0x0200, 0x0400, 0x0000, 0x0400, 0x0000, 0x0007, 0x6D66, 0x506C, 0x616E,
    0x65B8, 0xFFFF, 0xFF96, 0x0100, 0x0800, 0x0C00, 0x0000, 0x0000, 0x0A43, 0x5665, 0x6374, 0x6F72,
    0x335F, 0x7406, 0x7644, 0x656C, 0x7461, 0x4C3D, 0x2000, 0x9001, 0x0000, 0x0005, 0x0000, 0x0096,
    0x0400, 0x1800, 0x7001, 0x0000, 0x0000, 0x0543, 0x4149, 0x5F74, 0x0370, 0x4149, 0x1100, 0x0000,
    0x9604, 0x00D6, 0x0004, 0x0000, 0x0001, 0x0004, 0x0000, 0x0000, 0x076D, 0x6650, 0x6C61, 0x6E65,
    0x4C3D, 0x2000, 0x9001, 0x0000, 0x00C8, 0xFFFF, 0xFF96, 0x0100, 0x0800, 0x1000, 0x0000, 0x0000,
    0x0A43, 0x5175, 0x6174, 0x6572, 0x6E5F, 0x7404, 0x7152, 0x6F74, 0x4C3D, 0x2000, 0x9001, 0x0000,
    0x0005, 0x0000, 0x0096, 0x0400, 0x1800, 0x7001, 0x0000, 0x0000, 0x0543, 0x4149, 0x5F74, 0x0370,
    0x4149, 0x4C3D, 0x2000, 0x9001, 0x0000, 0x00D8, 0xFFFF, 0xFF96, 0x0100, 0x0800, 0x0C00, 0x0000,
    0x0000, 0x0A43, 0x5665, 0x6374, 0x6F72, 0x335F, 0x7407, 0x764E, 0x6F72, 0x6D61, 0x6C4C, 0x3D20,
    0x0092, 0x0100, 0x0000, 0x4C3D, 0x2000, 0x9201, 0x0000, 0x004C, 0x3D20, 0x0092, 0x0100, 0x0000,
    0x4C3D, 0x2000, 0x9201, 0x0000, 0x004C, 0x3D20, 0x0092, 0x0100, 0x0000, 0xF03D, 0x2000, 0x8E01,
    0x0100, 0x00F0, 0x3D20, 0x008C, 0x1D00, 0x2000, 0x0000, 0x1F00, 0x0000, 0x0780, 0xFCFF, 0xFFFF,
    0x3701, 0x0000, 0x3143, 0x3A5C, 0x5052, 0x4F4A, 0x4543, 0x5453, 0x5C44, 0x4D5C, 0x4E36, 0x345C,
    0x534F, 0x5552, 0x4345, 0x5C41, 0x495C, 0x454E, 0x454D, 0x4945, 0x535C, 0x5455, 0x5252, 0x4554,
    0x4149, 0x2E43, 0x5050, 0x1554, 0x7572, 0x7265, 0x745F, 0x5370, 0x6563, 0x6961, 0x6C45, 0x6666,
    0x6563, 0x7473, 0x1200, 0x0000, 0x9611, 0x00D6, 0x0004, 0x0000, 0x0001, 0x0004, 0x0000, 0x0000,
    0x076D, 0x664C, 0x6F63, 0x616C, 0x1000, 0x0000, 0x9611, 0x0018, 0x007C, 0x0000, 0x0000, 0x000F,
    0x4341, 0x6E69, 0x6D4E, 0x6F64, 0x6549, 0x6E66, 0x6F5F, 0x740D, 0x7041, 0x6E69, 0x6D4E, 0x6F64,
    0x6549, 0x6E66, 0x6FF0, 0x3D20, 0x0090, 0x0100, 0x0000, 0x1100, 0x0000, 0x9604, 0x0018, 0x0074,
    0x0000, 0x0000, 0x0015, 0x4354, 0x7572, 0x7265, 0x7449, 0x6E74, 0x656C, 0x6C69, 0x6765, 0x6E63,
    0x655F, 0x7406, 0x7049, 0x6E74, 0x656C, 0x603E, 0x2000, 0x920F, 0x0000, 0x0078, 0x3E20, 0x008E,
    0x4501, 0x0000, 0x783E, 0x2000, 0x8C1D, 0x0018, 0x0000, 0x001F, 0x0000, 0x0000, 0x80F8, 0xFFFF,
    0xFF4A, 0x0100, 0x0031, 0x433A, 0x5C50, 0x524F, 0x4A45, 0x4354, 0x535C, 0x444D, 0x5C4E, 0x3634,
    0x5C53, 0x4F55, 0x5243, 0x455C, 0x4149, 0x5C45, 0x4E45, 0x4D49, 0x4553, 0x5C54, 0x5552, 0x5245,
    0x5441, 0x492E, 0x4350, 0x5015, 0x5475, 0x7272, 0x6574, 0x5F44, 0x6563, 0x7265, 0x6173, 0x6548,
    0x6561, 0x6C74, 0x6804, 0x0000, 0x0096, 0x1100, 0x1800, 0xE802, 0x0000, 0x0000, 0x1543, 0x4761,
    0x6D65, 0x4F62, 0x6A65, 0x6374, 0x496E, 0x7374, 0x616E, 0x6365, 0x5F74, 0x0570, 0x5468, 0x6973,
    0x0500, 0x0000, 0x9611, 0x0018, 0x0070, 0x0100, 0x0000, 0x0005, 0x4341, 0x495F, 0x7403, 0x7041,
    0x4906, 0x0000, 0x0096, 0x1100, 0x1800, 0x1400, 0x0000, 0x0000, 0x0D43, 0x4461, 0x6D61, 0x6765,
    0x496E, 0x666F, 0x5F74, 0x0570, 0x496E, 0x666F, 0xB03E, 0x2000, 0x8E4E, 0x0100, 0x00B0, 0x3E20,
    0x008C, 0x1D00, 0x0000, 0x0000, 0x1F00, 0x0000, 0x0000, 0x0000, 0x0000, 0x6602, 0x0000, 0x3143,
    0x3A5C, 0x5052, 0x4F4A, 0x4543, 0x5453, 0x5C44, 0x4D5C, 0x4E36, 0x345C, 0x534F, 0x5552, 0x4345,
    0x5C41, 0x495C, 0x454E, 0x454D, 0x4945, 0x535C, 0x5455, 0x5252, 0x4554, 0x4149, 0x2E43, 0x5050,
    0x1A41, 0x495F, 0x4479, 0x6E54, 0x7572, 0x7265, 0x744F, 0x7070, 0x6F73, 0x696E, 0x6750, 0x6C61,
    0x7965, 0x7204, 0x0000, 0x0096, 0x1100, 0x1800, 0xE802, 0x0000, 0x0000, 0x1543, 0x4761, 0x6D65,
    0x4F62, 0x6A65, 0x6374, 0x496E, 0x7374, 0x616E, 0x6365, 0x5F74, 0x0570, 0x5468, 0x6973, 0x0500,
    0x0000, 0x9611, 0x0018, 0x0070, 0x0100, 0x0000, 0x0005, 0x4341, 0x495F, 0x7403, 0x7041, 0x4906,
    0x0000, 0x0096, 0x1100, 0x1800, 0xE816, 0x0000, 0x0000, 0x0943, 0x506C, 0x6179, 0x6572, 0x5F74,
    0x0D70, 0x506C, 0x6179, 0x6572, 0x5461, 0x7267, 0x6574, 0xB03E, 0x2000, 0x9002, 0x0000, 0x0003,
    0x0000, 0x0096, 0x0400, 0x1800, 0xE816, 0x0000, 0x0000, 0x0943, 0x506C, 0x6179, 0x6572, 0x5F74,
    0x1270, 0x506C, 0x6179, 0x6572, 0x5475, 0x7272, 0x6574, 0x4F77, 0x6E65, 0x72FC, 0x3E20, 0x0092,
    0x2000, 0x0000, 0x043F, 0x2000, 0x8E85, 0x0200, 0x0004, 0x3F20, 0x009C, 0x1D00, 0x5800, 0x0000,
    0x1F00, 0x0000, 0x0780, 0xF4FF, 0xFFFF, 0x0000, 0x1000, 0xF8FF, 0xFFFF, 0x8B02, 0x0000, 0x3143,
    0x3A5C, 0x5052, 0x4F4A, 0x4543, 0x5453, 0x5C44, 0x4D5C, 0x4E36, 0x345C, 0x534F, 0x5552, 0x4345,
    0x5C41, 0x495C, 0x454E, 0x454D, 0x4945, 0x535C, 0x5455, 0x5252, 0x4554, 0x4149, 0x2E43, 0x5050,
    0x1841, 0x495F, 0x4479, 0x6E54, 0x7572, 0x7265, 0x7443, 0x616E, 0x5365, 0x6550, 0x6C61, 0x7965,
    0x7211, 0x0000, 0x0096, 0x1100, 0x1800, 0xE802, 0x0000, 0x0000, 0x1543, 0x4761, 0x6D65, 0x4F62,
    0x6A65, 0x6374, 0x496E, 0x7374, 0x616E, 0x6365, 0x5F74, 0x0570, 0x5468, 0x6973, 0x1000, 0x0000,
    0x9611, 0x0018, 0x0070, 0x0100, 0x0000, 0x0005, 0x4341, 0x495F, 0x7403, 0x7041, 0x4912, 0x0000,
    0x0096, 0x1100, 0x1800, 0xE816, 0x0000, 0x0000, 0x0943, 0x506C, 0x6179, 0x6572, 0x5F74, 0x0D70,
    0x506C, 0x6179, 0x6572, 0x5461, 0x7267, 0x6574, 0x043F, 0x2000, 0x9001, 0x0000, 0x00C8, 0xFFFF,
    0xFF96, 0x0100, 0x0800, 0x0C00, 0x0000, 0x0000, 0x0A43, 0x5665, 0x6374, 0x6F72, 0x335F, 0x740D,
    0x7654, 0x7572, 0x7265, 0x744F, 0x7269, 0x656E, 0x74D8, 0xFFFF, 0xFF96, 0x0100, 0x0800, 0x0C00,
    0x0000, 0x0000, 0x0A43, 0x5665, 0x6374, 0x6F72, 0x335F, 0x7412, 0x7654, 0x6172, 0x6765, 0x7452,
    0x656C, 0x6174, 0x6976, 0x654C, 0x6F63, 0x1040, 0x2000, 0x9226, 0x0000, 0x002C, 0x4020, 0x008E,
    0xB002, 0x0000, 0x3040, 0x2000, 0x8868, 0x0100, 0x0031, 0x433A, 0x5C50, 0x524F, 0x4A45, 0x4354,
    0x535C, 0x444D, 0x5C4E, 0x3634, 0x5C53, 0x4F55, 0x5243, 0x455C, 0x4149, 0x5C44, 0x4556, 0x4943,
    0x4553, 0x5C41, 0x4354, 0x494F, 0x4E41, 0x492E, 0x4350, 0x5050, 0x4020, 0x0080, 0x5440, 0x2000,
    0x8207, 0x5840, 0x2000, 0x8669, 0x0100, 0x005C, 0x4020, 0x0082, 0x0768, 0x4020, 0x0082, 0x037C,
    0x4020, 0x0082, 0x0290, 0x4020, 0x0082, 0x02A0, 0x4020, 0x0082, 0x03AC, 0x4020, 0x0082, 0x02C8,
    0x4020, 0x0082, 0x04CC, 0x4020, 0x0080, 0xD040, 0x2000, 0x8205, 0xD440, 0x2000, 0x8681, 0x0100,
    0x00D8, 0x4020, 0x0082, 0x02DC, 0x4020, 0x0082, 0x03E4, 0x4020, 0x0082, 0x05EC, 0x4020, 0x0086,
    0x7201, 0x0000, 0x0841, 0x2000, 0x8224, 0x1841, 0x2000, 0x8204, 0x2C41, 0x2000, 0x8202, 0x4441,
    0x2000, 0x8202, 0x5041, 0x2000, 0x8204, 0x5441, 0x2000, 0x869E, 0x0100, 0x0058, 0x4120, 0x0080,
    0x6441, 0x2000, 0x8203, 0x6841, 0x2000, 0x869F, 0x0100, 0x006C, 0x4120, 0x0080, 0x7841, 0x2000,
    0x8202, 0x8441, 0x2000, 0x8200, 0x9441, 0x2000, 0x8202, 0xB441, 0x2000, 0x8202, 0xB841, 0x2000,
    0x8200, 0xBC41, 0x2000, 0x80C8, 0x4120, 0x0080, 0xCC41, 0x2000, 0x80D0, 0x4120, 0x0086, 0xA801,
    0x0000, 0xD441, 0x2000, 0x80D8, 0x4120, 0x0086, 0xA801, 0x0000, 0xDC41, 0x2000, 0x80E4, 0x4120,
    0x0082, 0x02EC, 0x4120, 0x0080, 0xF041, 0x2000, 0x8202, 0x1842, 0x2000, 0x8204, 0x2042, 0x2000,
    0x8204, 0x2842, 0x2000, 0x8204, 0x3042, 0x2000, 0x8204, 0x3842, 0x2000, 0x8203, 0x4442, 0x2000,
    0x8208, 0x4C42, 0x2000, 0x8054, 0x4220, 0x0082, 0x0260, 0x4220, 0x0080, 0x7842, 0x2000, 0x8202,
    0x7C42, 0x2000, 0x8084, 0x4220, 0x0082, 0x0C90, 0x4220, 0x0082, 0x03A0, 0x4220, 0x0082, 0x02A8,
    0x4220, 0x0080, 0xB442, 0x2000, 0x8204, 0xC042, 0x2000, 0x80CC, 0x4220, 0x0082, 0x03DC, 0x4220,
    0x0082, 0x04E8, 0x4220, 0x0082, 0x0408, 0x4320, 0x0082, 0x0718, 0x4320, 0x0080, 0x2043, 0x2000,
    0x820A, 0x3843, 0x2000, 0x8204, 0x5443, 0x2000, 0x8206, 0x5843, 0x2000, 0x860A, 0x0200, 0x005C,
    0x4320, 0x0082, 0x0464, 0x4320, 0x0082, 0x0368, 0x4320, 0x0082, 0x0370, 0x4320, 0x0086, 0x1102,
    0x0000, 0x7843, 0x2000, 0x8206, 0xA843, 0x2000, 0x8206, 0xC443, 0x2000, 0x80CC, 0x4320, 0x0082,
    0x04D0, 0x4320, 0x0082, 0x06E0, 0x4320, 0x0086, 0xF200, 0x0000, 0xFC43, 0x2000, 0x8000, 0x4420,
    0x0082, 0x0404, 0x4420, 0x0082, 0x0018, 0x4420, 0x0082, 0x0320, 0x4420, 0x0082, 0x042C, 0x4420,
    0x0082, 0x0234, 0x4420, 0x0080, 0x3844, 0x2000, 0x8040, 0x4420, 0x0082, 0x0348, 0x4420, 0x0080,
    0x5044, 0x2000, 0x8202, 0x6844, 0x2000, 0x86AD, 0x0000, 0x0074, 0x4420, 0x0080, 0x8044, 0x2000,
    0x8084, 0x4420, 0x0080, 0x8844, 0x2000, 0x808C, 0x4420, 0x0082, 0x04A0, 0x4420, 0x0080, 0xB444,
    0x2000, 0x8202, 0xC844, 0x2000, 0x8204, 0xDC44, 0x2000, 0x8204, 0xE444, 0x2000, 0x86BC, 0x0000,
    0x00E8, 0x4420, 0x0082, 0x04F0, 0x4420, 0x0080, 0xFC44, 0x2000, 0x8203, 0x0845, 0x2000, 0x8203,
    0x4445, 0x2000, 0x8204, 0x5045, 0x2000, 0x8202, 0x5845, 0x2000, 0x8205, 0x6445, 0x2000, 0x8203,
    0x6C45, 0x2000, 0x8204, 0x7045, 0x2000, 0x86D8, 0x0000, 0x0078, 0x4520, 0x0080, 0x8045, 0x2000,
    0x8088, 0x4520, 0x0082, 0x029C, 0x4520, 0x0082, 0x39A4, 0x4520, 0x0082, 0x03AC, 0x4520, 0x0080,
    0xB845, 0x2000, 0x8202, 0xC445, 0x2000, 0x8203, 0xCC45, 0x2000, 0x8203, 0xE045, 0x2000, 0x8202,
    0xEC45, 0x2000, 0x8621, 0x0100, 0x00F0, 0x4520, 0x0082, 0x02F8, 0x4520, 0x0082, 0x0308, 0x4620,
    0x0082, 0x0320, 0x4620, 0x0082, 0x0D28, 0x4620, 0x0082, 0x0330, 0x4620, 0x0080, 0x3C46, 0x2000,
    0x8203, 0x4446, 0x2000, 0x8050, 0x4620, 0x0082, 0x0458, 0x4620, 0x0082, 0x0368, 0x4620, 0x0082,
    0x0478, 0x4620, 0x0086, 0x4501, 0x0000, 0x8046, 0x2000, 0x8084, 0x4620, 0x0082, 0x038C, 0x4620,
    0x0082, 0x039C, 0x4620, 0x0080, 0xA846, 0x2000, 0x8203, 0xB846, 0x2000, 0x8203, 0xC846, 0x2000,
    0x8203, 0xD446, 0x2000, 0x8204, 0xE446, 0x2000, 0x8202, 0xE846, 0x2000, 0x80F4, 0x4620, 0x0082,
    0x0404, 0x4720, 0x0080, 0x1047, 0x2000, 0x8203, 0x2847, 0x2000, 0x82DE, 0x3847, 0x2000, 0x8206,
    0x5447, 0x2000, 0x8202, 0x5C47, 0x2000, 0x8068, 0x4720, 0x0080, 0x7047, 0x2000, 0x8663, 0x0000,
    0x0074, 0x4720, 0x0082, 0x0078, 0x4720, 0x0082, 0x058C, 0x4720, 0x0082, 0x0494, 0x4720, 0x0082,
    0x039C, 0x4720, 0x0086, 0x6C00, 0x0000, 0xA047, 0x2000, 0x8203, 0xBC47, 0x2000, 0x820B, 0xC047,
    0x2000, 0x8200, 0xC447, 0x2000, 0x8204, 0xD847, 0x2000, 0x8204, 0xE047, 0x2000, 0x8203, 0xE847,
    0x2000, 0x8682, 0x0000, 0x00EC, 0x4720, 0x0082, 0x0308, 0x4820, 0x0084, 0xB101, 0x1048, 0x2000,
    0x8203, 0x3048, 0x2000, 0x8638, 0x0200, 0x003C, 0x4820, 0x0080, 0x5448, 0x2000, 0x8203, 0x6848,
    0x2000, 0x8200, 0x6848, 0x2000, 0x8A00, 0x0000, 0x0094, 0x0D00, 0x0C00, 0x0000, 0x0000, 0x0275,
    0x3800, 0x0000, 0x0094, 0x0D00, 0x0200, 0x0000, 0x0000, 0x0273, 0x3800, 0x0000, 0x0094, 0x0D00,
    0x0C00, 0x0000, 0x0000, 0x0376, 0x7538, 0x0000, 0x0000, 0x940D, 0x0002, 0x0000, 0x0000, 0x0003,
    0x7673, 0x3800, 0x0000, 0x0094, 0x0D00, 0x0D00, 0x0000, 0x0000, 0x0375, 0x3136, 0x0000, 0x0000,
    0x940D, 0x0003, 0x0000, 0x0000, 0x0003, 0x7331, 0x3600, 0x0000, 0x0094, 0x0D00, 0x0D00, 0x0000,
    0x0000, 0x0476, 0x7531, 0x3600, 0x0000, 0x0094, 0x0D00, 0x0300, 0x0000, 0x0000, 0x0476, 0x7331,
    0x3600, 0x0000, 0x0094, 0x0D00, 0x0F00, 0x0000, 0x0000, 0x0375, 0x3332, 0x0000, 0x0000, 0x940D,
    0x0005, 0x0000, 0x0000, 0x0003, 0x7333, 0x3200, 0x0000, 0x0094, 0x0D00, 0x0F00, 0x0000, 0x0000,
    0x0476, 0x7533, 0x3200, 0x0000, 0x0094, 0x0D00, 0x0500, 0x0000, 0x0000, 0x0476, 0x7333, 0x3200,
    0x0000, 0x0094, 0x0D00, 0x0F00, 0x0000, 0x0000, 0x0375, 0x3634, 0x0000, 0x0000, 0x940D, 0x0005,
    0x0000, 0x0000, 0x0003, 0x7336, 0x3400, 0x0000, 0x0094, 0x0D00, 0x0F00, 0x0000, 0x0000, 0x0476,
    0x7536, 0x3400, 0x0000, 0x0094, 0x0D00, 0x0500, 0x0000, 0x0000, 0x0476, 0x7336, 0x3400, 0x0000,
    0x0094, 0x0D00, 0x0600, 0x0000, 0x0000, 0x0366, 0x3332, 0x0000, 0x0000, 0x940D, 0x0007, 0x0000,
    0x0000, 0x0003, 0x6636, 0x3400, 0x0000, 0x0094, 0x0D00, 0x0500, 0x0000, 0x0000, 0x054F, 0x5350,
    0x7269, 0x0000, 0x0000, 0x940D, 0x0005, 0x0000, 0x0000, 0x0004, 0x4F53, 0x4964, 0x0000, 0x0000,
    0x940A, 0x0008, 0x0008, 0x0000, 0x0006, 0x2E30, 0x6661, 0x6B65, 0x0000, 0x0000, 0x9408, 0x0006,
    0x0000, 0x0000, 0x0005, 0x665F, 0x6F64, 0x6404, 0x0000, 0x0094, 0x0800, 0x0600, 0x0000, 0x0000,
    0x0666, 0x5F65, 0x7665, 0x6E08, 0x0000, 0x0096, 0x6600, 0x0000, 0x0800, 0x0000, 0x0000, 0x062E,
    0x3066, 0x616B, 0x6504, 0x2E65, 0x6F73, 0x0000, 0x0000, 0x940C, 0x0009, 0x0008, 0x0000, 0x0006,
    0x2E31, 0x6661, 0x6B65, 0x0000, 0x0000, 0x960B, 0x0008, 0x0008, 0x0000, 0x0000, 0x0006, 0x2E30,
    0x6661, 0x6B65, 0x0166, 0x0000, 0x0000, 0x940B, 0x0007, 0x0000, 0x0000, 0x0001, 0x6408, 0x0000,
    0x0096, 0x6600, 0x0000, 0x0800, 0x0000, 0x0000, 0x062E, 0x3166, 0x616B, 0x6504, 0x2E65, 0x6F73,
    0x0000, 0x0000, 0x960D, 0x0009, 0x0008, 0x0000, 0x0000, 0x0006, 0x2E31, 0x6661, 0x6B65, 0x065F,
    0x5F4F, 0x5366, 0x7000, 0x0000, 0x0094, 0x0A00, 0x0800, 0x1002, 0x0000, 0x062E, 0x3266, 0x616B,
    0x6500, 0x0000, 0x0094, 0x0800, 0x0F00, 0x0000, 0x0000, 0x0261, 0x7408, 0x0000, 0x0094, 0x0800,
    0x0F00, 0x0000, 0x0000, 0x0276, 0x3010, 0x0000, 0x0094, 0x0800, 0x0F00, 0x0000, 0x0000, 0x0276,
    0x3118, 0x0000, 0x0094, 0x0800, 0x0F00, 0x0000, 0x0000, 0x0261, 0x3020, 0x0000, 0x0094, 0x0800,
    0x0F00, 0x0000, 0x0000, 0x0261, 0x3128, 0x0000, 0x0094, 0x0800, 0x0F00, 0x0000, 0x0000, 0x0261,
    0x3230, 0x0000, 0x0094, 0x0800, 0x0F00, 0x0000, 0x0000, 0x0261, 0x3338, 0x0000, 0x0094, 0x0800,
    0x0F00, 0x0000, 0x0000, 0x0274, 0x3040, 0x0000, 0x0094, 0x0800, 0x0F00, 0x0000, 0x0000, 0x0274,
    0x3148, 0x0000, 0x0094, 0x0800, 0x0F00, 0x0000, 0x0000, 0x0274, 0x3250, 0x0000, 0x0094, 0x0800,
    0x0F00, 0x0000, 0x0000, 0x0274, 0x3358, 0x0000, 0x0094, 0x0800, 0x0F00, 0x0000, 0x0000, 0x0274,
    0x3460, 0x0000, 0x0094, 0x0800, 0x0F00, 0x0000, 0x0000, 0x0274, 0x3568, 0x0000, 0x0094, 0x0800,
    0x0F00, 0x0000, 0x0000, 0x0274, 0x3670, 0x0000, 0x0094, 0x0800, 0x0F00, 0x0000, 0x0000, 0x0274,
    0x3778, 0x0000, 0x0094, 0x0800, 0x0F00, 0x0000, 0x0000, 0x0273, 0x3080, 0x0000, 0x0094, 0x0800,
    0x0F00, 0x0000, 0x0000, 0x0273, 0x3188, 0x0000, 0x0094, 0x0800, 0x0F00, 0x0000, 0x0000, 0x0273,
    0x3290, 0x0000, 0x0094, 0x0800, 0x0F00, 0x0000, 0x0000, 0x0273, 0x3398, 0x0000, 0x0094, 0x0800,
    0x0F00, 0x0000, 0x0000, 0x0273, 0x34A0, 0x0000, 0x0094, 0x0800, 0x0F00, 0x0000, 0x0000, 0x0273,
    0x35A8, 0x0000, 0x0094, 0x0800, 0x0F00, 0x0000, 0x0000, 0x0273, 0x36B0, 0x0000, 0x0094, 0x0800,
    0x0F00, 0x0000, 0x0000, 0x0273, 0x37B8, 0x0000, 0x0094, 0x0800, 0x0F00, 0x0000, 0x0000, 0x0274,
    0x38C0, 0x0000, 0x0094, 0x0800, 0x0F00, 0x0000, 0x0000, 0x0274, 0x39C8, 0x0000, 0x0094, 0x0800,
    0x0F00, 0x0000, 0x0000, 0x0267, 0x70D0, 0x0000, 0x0094, 0x0800, 0x0F00, 0x0000, 0x0000, 0x0273,
    0x70D8, 0x0000, 0x0094, 0x0800, 0x0F00, 0x0000, 0x0000, 0x0273, 0x38E0, 0x0000, 0x0094, 0x0800,
    0x0F00, 0x0000, 0x0000, 0x0272, 0x61E8, 0x0000, 0x0094, 0x0800, 0x0F00, 0x0000, 0x0000, 0x026C,
    0x6FF0, 0x0000, 0x0094, 0x0800, 0x0F00, 0x0000, 0x0000, 0x0268, 0x69F8, 0x0000, 0x0094, 0x0800,
    0x0F00, 0x0000, 0x0000, 0x0273, 0x72FC, 0x0000, 0x0094, 0x0800, 0x0F00, 0x0000, 0x0000, 0x0270,
    0x6300, 0x0100, 0x0094, 0x0800, 0x0F00, 0x0000, 0x0000, 0x0563, 0x6175, 0x7365, 0x0401, 0x0000,
    0x9408, 0x000F, 0x0000, 0x0000, 0x0008, 0x6261, 0x6476, 0x6164, 0x6472, 0x0801, 0x0000, 0x9408,
    0x000F, 0x0000, 0x0000, 0x0003, 0x7263, 0x700C, 0x0100, 0x0094, 0x0800, 0x0F00, 0x0000, 0x0000,
    0x0566, 0x7063, 0x7372, 0x1001, 0x0000, 0x9608, 0x0009, 0x0008, 0x0000, 0x0000, 0x0006, 0x2E31,
    0x6661, 0x6B65, 0x0366, 0x7030, 0x1801, 0x0000, 0x9608, 0x0009, 0x0008, 0x0000, 0x0000, 0x0006,
    0x2E31, 0x6661, 0x6B65, 0x0366, 0x7032, 0x2001, 0x0000, 0x9608, 0x0009, 0x0008, 0x0000, 0x0000,
    0x0006, 0x2E31, 0x6661, 0x6B65, 0x0366, 0x7034, 0x2801, 0x0000, 0x9608, 0x0009, 0x0008, 0x0000,
    0x0000, 0x0006, 0x2E31, 0x6661, 0x6B65, 0x0366, 0x7036, 0x3001, 0x0000, 0x9608, 0x0009, 0x0008,
    0x0000, 0x0000, 0x0006, 0x2E31, 0x6661, 0x6B65, 0x0366, 0x7038, 0x3801, 0x0000, 0x9608, 0x0009,
    0x0008, 0x0000, 0x0000, 0x0006, 0x2E31, 0x6661, 0x6B65, 0x0466, 0x7031, 0x3040, 0x0100, 0x0096,
    0x0800, 0x0900, 0x0800, 0x0000, 0x0000, 0x062E, 0x3166, 0x616B, 0x6504, 0x6670, 0x3132, 0x4801,
    0x0000, 0x9608, 0x0009, 0x0008, 0x0000, 0x0000, 0x0006, 0x2E31, 0x6661, 0x6B65, 0x0466, 0x7031,
    0x3450, 0x0100, 0x0096, 0x0800, 0x0900, 0x0800, 0x0000, 0x0000, 0x062E, 0x3166, 0x616B, 0x6504,
    0x6670, 0x3136, 0x5801, 0x0000, 0x9608, 0x0009, 0x0008, 0x0000, 0x0000, 0x0006, 0x2E31, 0x6661,
    0x6B65, 0x0466, 0x7031, 0x3860, 0x0100, 0x0096, 0x0800, 0x0900, 0x0800, 0x0000, 0x0000, 0x062E,
    0x3166, 0x616B, 0x6504, 0x6670, 0x3230, 0x6801, 0x0000, 0x9608, 0x0009, 0x0008, 0x0000, 0x0000,
    0x0006, 0x2E31, 0x6661, 0x6B65, 0x0466, 0x7032, 0x3270, 0x0100, 0x0096, 0x0800, 0x0900, 0x0800,
    0x0000, 0x0000, 0x062E, 0x3166, 0x616B, 0x6504, 0x6670, 0x3234, 0x7801, 0x0000, 0x9608, 0x0009,
    0x0008, 0x0000, 0x0000, 0x0006, 0x2E31, 0x6661, 0x6B65, 0x0466, 0x7032, 0x3680, 0x0100, 0x0096,
    0x0800, 0x0900, 0x0800, 0x0000, 0x0000, 0x062E, 0x3166, 0x616B, 0x6504, 0x6670, 0x3238, 0x8801,
    0x0000, 0x9608, 0x0009, 0x0008, 0x0000, 0x0000, 0x0006, 0x2E31, 0x6661, 0x6B65, 0x0466, 0x7033,
    0x3090, 0x0100, 0x0096, 0x0800, 0x0900, 0x0800, 0x0000, 0x0000, 0x062E, 0x3166, 0x616B, 0x6503,
    0x6670, 0x3198, 0x0100, 0x0096, 0x0800, 0x0900, 0x0800, 0x0000, 0x0000, 0x062E, 0x3166, 0x616B,
    0x6503, 0x6670, 0x33A0, 0x0100, 0x0096, 0x0800, 0x0900, 0x0800, 0x0000, 0x0000, 0x062E, 0x3166,
    0x616B, 0x6503, 0x6670, 0x35A8, 0x0100, 0x0096, 0x0800, 0x0900, 0x0800, 0x0000, 0x0000, 0x062E,
    0x3166, 0x616B, 0x6503, 0x6670, 0x37B0, 0x0100, 0x0096, 0x0800, 0x0900, 0x0800, 0x0000, 0x0000,
    0x062E, 0x3166, 0x616B, 0x6503, 0x6670, 0x39B8, 0x0100, 0x0096, 0x0800, 0x0900, 0x0800, 0x0000,
    0x0000, 0x062E, 0x3166, 0x616B, 0x6504, 0x6670, 0x3131, 0xC001, 0x0000, 0x9608, 0x0009, 0x0008,
    0x0000, 0x0000, 0x0006, 0x2E31, 0x6661, 0x6B65, 0x0466, 0x7031, 0x33C8, 0x0100, 0x0096, 0x0800,
    0x0900, 0x0800, 0x0000, 0x0000, 0x062E, 0x3166, 0x616B, 0x6504, 0x6670, 0x3135, 0xD001, 0x0000,
    0x9608, 0x0009, 0x0008, 0x0000, 0x0000, 0x0006, 0x2E31, 0x6661, 0x6B65, 0x0466, 0x7031, 0x37D8,
    0x0100, 0x0096, 0x0800, 0x0900, 0x0800, 0x0000, 0x0000, 0x062E, 0x3166, 0x616B, 0x6504, 0x6670,
    0x3139, 0xE001, 0x0000, 0x9608, 0x0009, 0x0008, 0x0000, 0x0000, 0x0006, 0x2E31, 0x6661, 0x6B65,
    0x0466, 0x7032, 0x31E8, 0x0100, 0x0096, 0x0800, 0x0900, 0x0800, 0x0000, 0x0000, 0x062E, 0x3166,
    0x616B, 0x6504, 0x6670, 0x3233, 0xF001, 0x0000, 0x9608, 0x0009, 0x0008, 0x0000, 0x0000, 0x0006,
    0x2E31, 0x6661, 0x6B65, 0x0466, 0x7032, 0x35F8, 0x0100, 0x0096, 0x0800, 0x0900, 0x0800, 0x0000,
    0x0000, 0x062E, 0x3166, 0x616B, 0x6504, 0x6670, 0x3237, 0x0002, 0x0000, 0x9608, 0x0009, 0x0008,
    0x0000, 0x0000, 0x0006, 0x2E31, 0x6661, 0x6B65, 0x0466, 0x7032, 0x3908, 0x0200, 0x0096, 0x0800,
    0x0900, 0x0800, 0x0000, 0x0000, 0x062E, 0x3166, 0x616B, 0x6504, 0x6670, 0x3331, 0x1002, 0x0000,
    0x9666, 0x0000, 0x0010, 0x0200, 0x0000, 0x0006, 0x2E32, 0x6661, 0x6B65, 0x042E, 0x656F, 0x7300,
    0x0000, 0x0096, 0x0D00, 0x0800, 0x1002, 0x0000, 0x0000, 0x062E, 0x3266, 0x616B, 0x6511, 0x5F5F,
    0x4F53, 0x5468, 0x7265, 0x6164, 0x436F, 0x6E74, 0x6578, 0x7400, 0x0000, 0x0094, 0x0A00, 0x0800,
    0x3002, 0x0000, 0x0A4F, 0x5354, 0x6872, 0x6561, 0x645F, 0x7300, 0x0000, 0x0096, 0x0800, 0x1800,
    0x3002, 0x0000, 0x0000, 0x0A4F, 0x5354, 0x6872, 0x6561, 0x645F, 0x7304, 0x6E65, 0x7874, 0x0400,
    0x0000, 0x9408, 0x0005, 0x0000, 0x0000, 0x0008, 0x7072, 0x696F, 0x7269, 0x7479, 0x0800, 0x0000,
    0x9608, 0x0058, 0x0030, 0x0200, 0x0000, 0x000A, 0x4F53, 0x5468, 0x7265, 0x6164, 0x5F73, 0x0571,
    0x7565, 0x7565, 0x0C00, 0x0000, 0x9608, 0x0018, 0x0030, 0x0200, 0x0000, 0x000A, 0x4F53, 0x5468,
    0x7265, 0x6164, 0x5F73, 0x0674, 0x6C6E, 0x6578, 0x7410, 0x0000, 0x0094, 0x0800, 0x0D00, 0x0000,
    0x0000, 0x0573, 0x7461, 0x7465, 0x1200, 0x0000, 0x9408, 0x000D, 0x0000, 0x0000, 0x0005, 0x666C,
    0x6167, 0x7314, 0x0000, 0x0094, 0x0800, 0x0500, 0x0000, 0x0000, 0x0269, 0x6418, 0x0000, 0x0094,
    0x0800, 0x0400, 0x0000, 0x0000, 0x0266, 0x7020, 0x0000, 0x0096, 0x0800, 0x0800, 0x1002, 0x0000,
    0x0000, 0x062E, 0x3266, 0x616B, 0x6507, 0x636F, 0x6E74, 0x6578, 0x7430, 0x0200, 0x0096, 0x6600,
    0x0000, 0x3002, 0x0000, 0x0000, 0x0A4F, 0x5354, 0x6872, 0x6561, 0x645F, 0x7304, 0x2E65, 0x6F73,
    0x0000, 0x0000, 0x960D, 0x0008, 0x0030, 0x0200, 0x0000, 0x000A, 0x4F53, 0x5468, 0x7265, 0x6164,
    0x5F73, 0x084F, 0x5354, 0x6872, 0x6561, 0x6400, 0x0000, 0x0094, 0x0D00, 0x0F00, 0x0000, 0x0000,
    0x074F, 0x5345, 0x7665, 0x6E74, 0x0000, 0x0000, 0x940D, 0x000F, 0x0000, 0x0000, 0x0009, 0x4F53,
    0x496E, 0x744D, 0x6173, 0x6B00, 0x0000, 0x0094, 0x0D00, 0x0F00, 0x0000, 0x0000, 0x0A4F, 0x5350,
    0x6167, 0x654D, 0x6173, 0x6B00, 0x0000, 0x0094, 0x0D00, 0x0F00, 0x0000, 0x0000, 0x084F, 0x5348,
    0x5749, 0x6E74, 0x7200, 0x0000, 0x0094, 0x0D00, 0x1100, 0x0000, 0x0000, 0x064F, 0x534D, 0x6573,
    0x6700, 0x0000, 0x0094, 0x0A00, 0x0800, 0x1800, 0x0000, 0x0D4F, 0x534D, 0x6573, 0x6751, 0x7565,
    0x7565, 0x5F73, 0x0000, 0x0000, 0x9608, 0x0018, 0x0030, 0x0200, 0x0000, 0x000A, 0x4F53, 0x5468,
    0x7265, 0x6164, 0x5F73, 0x076D, 0x7471, 0x7565, 0x7565, 0x0400, 0x0000, 0x9608, 0x0018, 0x0030,
    0x0200, 0x0000, 0x000A, 0x4F53, 0x5468, 0x7265, 0x6164, 0x5F73, 0x0966, 0x756C, 0x6C71, 0x7565,
    0x7565, 0x0800, 0x0000, 0x9408, 0x0005, 0x0000, 0x0000, 0x000A, 0x7661, 0x6C69, 0x6443, 0x6F75,
    0x6E74, 0x0C00, 0x0000, 0x9408, 0x0005, 0x0000, 0x0000, 0x0005, 0x6669, 0x7273, 0x7410, 0x0000,
    0x0094, 0x0800, 0x0500, 0x0000, 0x0000, 0x086D, 0x7367, 0x436F, 0x756E, 0x7414, 0x0000, 0x0094,
    0x0800, 0x5100, 0x0000, 0x0000, 0x036D, 0x7367, 0x1800, 0x0000, 0x9666, 0x0000, 0x0018, 0x0000,
    0x0000, 0x000D, 0x4F53, 0x4D65, 0x7367, 0x5175, 0x6575, 0x655F, 0x7304, 0x2E65, 0x6F73, 0x0000,
    0x0000, 0x960D, 0x0008, 0x0018, 0x0000, 0x0000, 0x000D, 0x4F53, 0x4D65, 0x7367, 0x5175, 0x6575,
    0x655F, 0x730B, 0x4F53, 0x4D65, 0x7367, 0x5175, 0x6575, 0x6500, 0x0000, 0x0094, 0x0A00, 0x0800,
    0x2400, 0x0000, 0x062E, 0x3366, 0x616B, 0x6500, 0x0000, 0x0094, 0x0800, 0x0F00, 0x0000, 0x0000,
    0x0965, 0x7272, 0x5374, 0x6174, 0x7573, 0x0400, 0x0000, 0x9408, 0x0011, 0x0000, 0x0000, 0x0008,
    0x6472, 0x616D, 0x4164, 0x6472, 0x0800, 0x0000, 0x9408, 0x0011, 0x0000, 0x0000, 0x0006, 0x4332,
    0x4164, 0x6472, 0x0C00, 0x0000, 0x9408, 0x000F, 0x0000, 0x0000, 0x000A, 0x7365, 0x6374, 0x6F72,
    0x5369, 0x7A65, 0x1000, 0x0000, 0x9408, 0x000F, 0x0000, 0x0000, 0x0008, 0x4331, 0x4572, 0x724E,
    0x756D, 0x1400, 0x0000, 0x9608, 0x003F, 0x0010, 0x0000, 0x0001, 0x0004, 0x0000, 0x0000, 0x0B43,
    0x3145, 0x7272, 0x5365, 0x6374, 0x6F72, 0x2400, 0x0000, 0x9666, 0x0000, 0x0024, 0x0000, 0x0000,
    0x0006, 0x2E33, 0x6661, 0x6B65, 0x042E, 0x656F, 0x7300, 0x0000, 0x0096, 0x0D00, 0x0800, 0x2400,
    0x0000, 0x0000, 0x062E, 0x3366, 0x616B, 0x650D, 0x5F5F, 0x4F53, 0x426C, 0x6F63, 0x6B49, 0x6E66,
    0x6F00, 0x0000, 0x0094, 0x0A00, 0x0800, 0x6000, 0x0000, 0x062E, 0x3466, 0x616B, 0x6500, 0x0000,
    0x0094, 0x0800, 0x0F00, 0x0000, 0x0000, 0x0763, 0x6D64, 0x5479, 0x7065, 0x0400, 0x0000, 0x9408,
    0x000D, 0x0000, 0x0000, 0x000C, 0x7472, 0x616E, 0x7366, 0x6572, 0x4D6F, 0x6465, 0x0600, 0x0000,
    0x9408, 0x000D, 0x0000, 0x0000, 0x0008, 0x626C, 0x6F63, 0x6B4E, 0x756D, 0x0800, 0x0000, 0x9408,
    0x0005, 0x0000, 0x0000, 0x0009, 0x7365, 0x6374, 0x6F72, 0x4E75, 0x6D0C, 0x0000, 0x0094, 0x0800,
    0x0F00, 0x0000, 0x0000, 0x0764, 0x6576, 0x4164, 0x6472, 0x1000, 0x0000, 0x9408, 0x000F, 0x0000,
    0x0000, 0x000B, 0x626D, 0x4374, 0x6C53, 0x6861, 0x646F, 0x7714, 0x0000, 0x0094, 0x0800, 0x0F00,
    0x0000, 0x0000, 0x0C73, 0x6571, 0x4374, 0x6C53, 0x6861, 0x646F, 0x7718, 0x0000, 0x0096, 0x0800,
    0x3800, 0x4800, 0x0000, 0x0100, 0x0200, 0x0000, 0x062E, 0x3366, 0x616B, 0x6505, 0x626C, 0x6F63,
    0x6B60, 0x0000, 0x0096, 0x6600, 0x0000, 0x6000, 0x0000, 0x0000, 0x062E, 0x3466, 0x616B, 0x6504,
    0x2E65, 0x6F73, 0x0000, 0x0000, 0x960D, 0x0008, 0x0060, 0x0000, 0x0000, 0x0006, 0x2E34, 0x6661,
    0x6B65, 0x0D5F, 0x5F4F, 0x5354, 0x7261, 0x6E78, 0x496E, 0x666F, 0x0000, 0x0000, 0x940A, 0x0008,
    0x0074, 0x0000, 0x000C, 0x4F53, 0x5069, 0x4861, 0x6E64, 0x6C65, 0x5F73, 0x0000, 0x0000, 0x9608,
    0x0018, 0x0074, 0x0000, 0x0000, 0x000C, 0x4F53, 0x5069, 0x4861, 0x6E64, 0x6C65, 0x5F73, 0x046E,
    0x6578, 0x7404, 0x0000, 0x0094, 0x0800, 0x0C00, 0x0000, 0x0000, 0x0474, 0x7970, 0x6505, 0x0000,
    0x0094, 0x0800, 0x0C00, 0x0000, 0x0000, 0x076C, 0x6174, 0x656E, 0x6379, 0x0600, 0x0000, 0x9408,
    0x000C, 0x0000, 0x0000, 0x0008, 0x7061, 0x6765, 0x5369, 0x7A65, 0x0700, 0x0000, 0x9408, 0x000C,
    0x0000, 0x0000, 0x000B, 0x7265, 0x6C44, 0x7572, 0x6174, 0x696F, 0x6E08, 0x0000, 0x0094, 0x0800,
    0x0C00, 0x0000, 0x0000, 0x0570, 0x756C, 0x7365, 0x0900, 0x0000, 0x9408, 0x000C, 0x0000, 0x0000,
    0x0006, 0x646F, 0x6D61, 0x696E, 0x0C00, 0x0000, 0x9408, 0x000F, 0x0000, 0x0000, 0x000B, 0x6261,
    0x7365, 0x4164, 0x6472, 0x6573, 0x7310, 0x0000, 0x0094, 0x0800, 0x0F00, 0x0000, 0x0000, 0x0573,
    0x7065, 0x6564, 0x1400, 0x0000, 0x9608, 0x0008, 0x0060, 0x0000, 0x0000, 0x0006, 0x2E34, 0x6661,
    0x6B65, 0x0C74, 0x7261, 0x6E73, 0x6665, 0x7249, 0x6E66, 0x6F74, 0x0000, 0x0096, 0x6600, 0x0000,
    0x7400, 0x0000, 0x0000, 0x0C4F, 0x5350, 0x6948, 0x616E, 0x646C, 0x655F, 0x7304, 0x2E65, 0x6F73,
    0x0000, 0x0000, 0x960D, 0x0008, 0x0074, 0x0000, 0x0000, 0x000C, 0x4F53, 0x5069, 0x4861, 0x6E64,
    0x6C65, 0x5F73, 0x0A4F, 0x5350, 0x6948, 0x616E, 0x646C, 0x6500, 0x0000, 0x0094, 0x0A00, 0x0800,
    0x0800, 0x0000, 0x062E, 0x3566, 0x616B, 0x6500, 0x0000, 0x0094, 0x0800, 0x0C00, 0x0000, 0x0000,
    0x0474, 0x7970, 0x6504, 0x0000, 0x0094, 0x0800, 0x0F00, 0x0000, 0x0000, 0x0761, 0x6464, 0x7265,
    0x7373, 0x0800, 0x0000, 0x9666, 0x0000, 0x0008, 0x0000, 0x0000, 0x0006, 0x2E35, 0x6661, 0x6B65,
    0x042E, 0x656F, 0x7300, 0x0000, 0x0096, 0x0D00, 0x0800, 0x0800, 0x0000, 0x0000, 0x062E, 0x3566,
    0x616B, 0x6508, 0x4F53, 0x5069, 0x496E, 0x666F, 0x0000, 0x0000, 0x940A, 0x0008, 0x0008, 0x0000,
    0x0006, 0x2E36, 0x6661, 0x6B65, 0x0000, 0x0000, 0x9408, 0x000D, 0x0000, 0x0000, 0x0004, 0x7479,
    0x7065, 0x0200, 0x0000, 0x9408, 0x000C, 0x0000, 0x0000, 0x0003, 0x7072, 0x6903, 0x0000, 0x0094,
    0x0800, 0x0C00, 0x0000, 0x0000, 0x0673, 0x7461, 0x7475, 0x7304, 0x0000, 0x0096, 0x0800, 0x1800,
    0x1800, 0x0000, 0x0000, 0x0D4F, 0x534D, 0x6573, 0x6751, 0x7565, 0x7565, 0x5F73, 0x0872, 0x6574,
    0x5175, 0x6575, 0x6508, 0x0000, 0x0096, 0x6600, 0x0000, 0x0800, 0x0000, 0x0000, 0x062E, 0x3666,
    0x616B, 0x6504, 0x2E65, 0x6F73, 0x0000, 0x0000, 0x960D, 0x0008, 0x0008, 0x0000, 0x0000, 0x0006,
    0x2E36, 0x6661, 0x6B65, 0x0B4F, 0x5349, 0x6F4D, 0x6573, 0x6748, 0x6472, 0x0000, 0x0000, 0x940A,
    0x0008, 0x0018, 0x0000, 0x0006, 0x2E37, 0x6661, 0x6B65, 0x0000, 0x0000, 0x9608, 0x0008, 0x0008,
    0x0000, 0x0000, 0x0006, 0x2E36, 0x6661, 0x6B65, 0x0368, 0x6472, 0x0800, 0x0000, 0x9408, 0x0011,
    0x0000, 0x0000, 0x0008, 0x6472, 0x616D, 0x4164, 0x6472, 0x0C00, 0x0000, 0x9408, 0x000F, 0x0000,
    0x0000, 0x0007, 0x6465, 0x7641, 0x6464, 0x7210, 0x0000, 0x0094, 0x0800, 0x0F00, 0x0000, 0x0000,
    0x0473, 0x697A, 0x6514, 0x0000, 0x0096, 0x0800, 0x1800, 0x7400, 0x0000, 0x0000, 0x0C4F, 0x5350,
    0x6948, 0x616E, 0x646C, 0x655F, 0x7308, 0x7069, 0x4861, 0x6E64, 0x6C65, 0x1800, 0x0000, 0x9666,
    0x0000, 0x0018, 0x0000, 0x0000, 0x0006, 0x2E37, 0x6661, 0x6B65, 0x042E, 0x656F, 0x7300, 0x0000,
    0x0096, 0x0D00, 0x0800, 0x1800, 0x0000, 0x0000, 0x062E, 0x3766, 0x616B, 0x6508, 0x4F53, 0x496F,
    0x4D65, 0x7367, 0x0000, 0x0000, 0x940A, 0x0008, 0x001C, 0x0000, 0x0006, 0x2E38, 0x6661, 0x6B65,
    0x0000, 0x0000, 0x9408, 0x0005, 0x0000, 0x0000, 0x0006, 0x6163, 0x7469, 0x7665, 0x0400, 0x0000,
    0x9608, 0x0018, 0x0030, 0x0200, 0x0000, 0x000A, 0x4F53, 0x5468, 0x7265, 0x6164, 0x5F73, 0x0674,
    0x6872, 0x6561, 0x6408, 0x0000, 0x0096, 0x0800, 0x1800, 0x1800, 0x0000, 0x0000, 0x0D4F, 0x534D,
    0x6573, 0x6751, 0x7565, 0x7565, 0x5F73, 0x0863, 0x6D64, 0x5175, 0x6575, 0x650C, 0x0000, 0x0096,
    0x0800, 0x1800, 0x1800, 0x0000, 0x0000, 0x0D4F, 0x534D, 0x6573, 0x6751, 0x7565, 0x7565, 0x5F73,
    0x0865, 0x7674, 0x5175, 0x6575, 0x6510, 0x0000, 0x0096, 0x0800, 0x1800, 0x1800, 0x0000, 0x0000,
    0x0D4F, 0x534D, 0x6573, 0x6751, 0x7565, 0x7565, 0x5F73, 0x0861, 0x6373, 0x5175, 0x6575, 0x6514,
    0x0000, 0x0094, 0x0800, 0x9500, 0x0000, 0x0000, 0x0364, 0x6D61, 0x1800, 0x0000, 0x9408, 0x0095,
    0x0000, 0x0000, 0x0004, 0x6564, 0x6D61, 0x1C00, 0x0000, 0x9666, 0x0000, 0x001C, 0x0000, 0x0000,
    0x0006, 0x2E38, 0x6661, 0x6B65, 0x042E, 0x656F, 0x7300, 0x0000, 0x0096, 0x0D00, 0x0800, 0x1C00,
    0x0000, 0x0000, 0x062E, 0x3866, 0x616B, 0x6508, 0x4F53, 0x4465, 0x764D, 0x6772, 0x0000, 0x0000,
    0x940A, 0x0008, 0x0024, 0x0000, 0x0006, 0x2E39, 0x6661, 0x6B65, 0x0000, 0x0000, 0x9408, 0x000F,
    0x0000, 0x0000, 0x0004, 0x6374, 0x726C, 0x0400, 0x0000, 0x9408, 0x000F, 0x0000, 0x0000, 0x0005,
    0x7769, 0x6474, 0x6808, 0x0000, 0x0094, 0x0800, 0x0F00, 0x0000, 0x0000, 0x0562, 0x7572, 0x7374,
    0x0C00, 0x0000, 0x9408, 0x000F, 0x0000, 0x0000, 0x0005, 0x7653, 0x796E, 0x6310, 0x0000, 0x0094,
    0x0800, 0x0F00, 0x0000, 0x0000, 0x0568, 0x5379, 0x6E63, 0x1400, 0x0000, 0x9408, 0x000F, 0x0000,
    0x0000, 0x0004, 0x6C65, 0x6170, 0x1800, 0x0000, 0x9408, 0x000F, 0x0000, 0x0000, 0x0006, 0x6853,
    0x7461, 0x7274, 0x1C00, 0x0000, 0x9408, 0x000F, 0x0000, 0x0000, 0x0006, 0x7853, 0x6361, 0x6C65,
    0x2000, 0x0000, 0x9408, 0x000F, 0x0000, 0x0000, 0x0008, 0x7643, 0x7572, 0x7265, 0x6E74, 0x2400,
    0x0000, 0x9666, 0x0000, 0x0024, 0x0000, 0x0000, 0x0006, 0x2E39, 0x6661, 0x6B65, 0x042E, 0x656F,
    0x7300, 0x0000, 0x0096, 0x0D00, 0x0800, 0x2400, 0x0000, 0x0000, 0x062E, 0x3966, 0x616B, 0x650E,
    0x4F53, 0x5669, 0x436F, 0x6D6D, 0x6F6E, 0x5265, 0x6773, 0x0000, 0x0000, 0x940A, 0x0008, 0x0014,
    0x0000, 0x0007, 0x2E31, 0x3066, 0x616B, 0x6500, 0x0000, 0x0094, 0x0800, 0x0F00, 0x0000, 0x0000,
    0x066F, 0x7269, 0x6769, 0x6E04, 0x0000, 0x0094, 0x0800, 0x0F00, 0x0000, 0x0000, 0x0679, 0x5363,
    0x616C, 0x6508, 0x0000, 0x0094, 0x0800, 0x0F00, 0x0000, 0x0000, 0x0676, 0x5374, 0x6172, 0x740C,
    0x0000, 0x0094, 0x0800, 0x0F00, 0x0000, 0x0000, 0x0676, 0x4275, 0x7273, 0x7410, 0x0000, 0x0094,
    0x0800, 0x0F00, 0x0000, 0x0000, 0x0576, 0x496E, 0x7472, 0x1400, 0x0000, 0x9666, 0x0000, 0x0014,
    0x0000, 0x0000, 0x0007, 0x2E31, 0x3066, 0x616B, 0x6504, 0x2E65, 0x6F73, 0x0000, 0x0000, 0x960D,
    0x0008, 0x0014, 0x0000, 0x0000, 0x0007, 0x2E31, 0x3066, 0x616B, 0x650D, 0x4F53, 0x5669, 0x4669,
    0x656C, 0x6452, 0x6567, 0x7300, 0x0000, 0x0094, 0x0A00, 0x0800, 0x5000, 0x0000, 0x072E, 0x3131,
    0x6661, 0x6B65, 0x0000, 0x0000, 0x9408, 0x000C, 0x0000, 0x0000, 0x0004, 0x7479, 0x7065, 0x0400,
    0x0000, 0x9608, 0x0008, 0x0024, 0x0000, 0x0000, 0x0006, 0x2E39, 0x6661, 0x6B65, 0x0763, 0x6F6D,
    0x5265, 0x6773, 0x2800, 0x0000, 0x9608, 0x0038, 0x0028, 0x0000, 0x0001, 0x0002, 0x0000, 0x0007,
    0x2E31, 0x3066, 0x616B, 0x6507, 0x666C, 0x6452, 0x6567, 0x7350, 0x0000, 0x0096, 0x6600, 0x0000,
    0x5000, 0x0000, 0x0000, 0x072E, 0x3131, 0x6661, 0x6B65, 0x042E, 0x656F, 0x7300, 0x0000, 0x0096,
    0x0D00, 0x0800, 0x5000, 0x0000, 0x0000, 0x072E, 0x3131, 0x6661, 0x6B65, 0x084F, 0x5356, 0x694D,
    0x6F64, 0x6500, 0x0000, 0x0094, 0x0D00, 0x0F00, 0x0000, 0x0000, 0x064F, 0x5354, 0x696D, 0x6500,
    0x0000, 0x0094, 0x0A00, 0x0800, 0x2000, 0x0000, 0x094F, 0x5354, 0x696D, 0x6572, 0x5F73, 0x0000,
    0x0000, 0x9608, 0x0018, 0x0020, 0x0000, 0x0000, 0x0009, 0x4F53, 0x5469, 0x6D65, 0x725F, 0x7304,
    0x6E65, 0x7874, 0x0400, 0x0000, 0x9608, 0x0018, 0x0020, 0x0000, 0x0000, 0x0009, 0x4F53, 0x5469,
    0x6D65, 0x725F, 0x7304, 0x7072, 0x6576, 0x0800, 0x0000, 0x9408, 0x000F, 0x0000, 0x0000, 0x0008,
    0x696E, 0x7465, 0x7276, 0x616C, 0x1000, 0x0000, 0x9408, 0x000F, 0x0000, 0x0000, 0x0005, 0x7661,
    0x6C75, 0x6518, 0x0000, 0x0096, 0x0800, 0x1800, 0x1800, 0x0000, 0x0000, 0x0D4F, 0x534D, 0x6573,
    0x6751, 0x7565, 0x7565, 0x5F73, 0x026D, 0x711C, 0x0000, 0x0094, 0x0800, 0x1100, 0x0000, 0x0000,
    0x036D, 0x7367, 0x2000, 0x0000, 0x9666, 0x0000, 0x0020, 0x0000, 0x0000, 0x0009, 0x4F53, 0x5469,
    0x6D65, 0x725F, 0x7304, 0x2E65, 0x6F73, 0x0000, 0x0000, 0x960D, 0x0008, 0x0020, 0x0000, 0x0000,
    0x0009, 0x4F53, 0x5469, 0x6D65, 0x725F, 0x7307, 0x4F53, 0x5469, 0x6D65, 0x7200, 0x0000, 0x0094,
    0x0A00, 0x0800, 0x0400, 0x0000, 0x072E, 0x3132, 0x6661, 0x6B65, 0x0000, 0x0000, 0x9408, 0x000D,
    0x0000, 0x0000, 0x0004, 0x7479, 0x7065, 0x0200, 0x0000, 0x9408, 0x000C, 0x0000, 0x0000, 0x0006,
    0x7374, 0x6174, 0x7573, 0x0300, 0x0000, 0x9408, 0x000C, 0x0000, 0x0000, 0x0005, 0x6572, 0x726E,
    0x6F04, 0x0000, 0x0096, 0x6600, 0x0000, 0x0400, 0x0000, 0x0000, 0x072E, 0x3132, 0x6661, 0x6B65,
    0x042E, 0x656F, 0x7300, 0x0000, 0x0096, 0x0D00, 0x0800, 0x0400, 0x0000, 0x0000, 0x072E, 0x3132,
    0x6661, 0x6B65, 0x0C4F, 0x5343, 0x6F6E, 0x7453, 0x7461, 0x7475, 0x7300, 0x0000, 0x0094, 0x0A00,
    0x0800, 0x0600, 0x0000, 0x072E, 0x3133, 0x6661, 0x6B65, 0x0000, 0x0000, 0x9408, 0x000D, 0x0000,
    0x0000, 0x0006, 0x6275, 0x7474, 0x6F6E, 0x0200, 0x0000, 0x9408, 0x0002, 0x0000, 0x0000, 0x0007,
    0x7374, 0x6963, 0x6B5F, 0x7803, 0x0000, 0x0094, 0x0800, 0x0200, 0x0000, 0x0000, 0x0773, 0x7469,
    0x636B, 0x5F79, 0x0400, 0x0000, 0x9408, 0x000C, 0x0000, 0x0000, 0x0005, 0x6572, 0x726E, 0x6F06,
    0x0000, 0x0096, 0x6600, 0x0000, 0x0600, 0x0000, 0x0000, 0x072E, 0x3133, 0x6661, 0x6B65, 0x042E,
    0x656F, 0x7300, 0x0000, 0x0096, 0x0D00, 0x0800, 0x0600, 0x0000, 0x0000, 0x072E, 0x3133, 0x6661,
    0x6B65, 0x094F, 0x5343, 0x6F6E, 0x7450, 0x6164, 0x0000, 0x0000, 0x940A, 0x0008, 0x0028, 0x0000,
    0x0007, 0x2E31, 0x3466, 0x616B, 0x6500, 0x0000, 0x0094, 0x0800, 0x1100, 0x0000, 0x0000, 0x0761,
    0x6464, 0x7265, 0x7373, 0x0400, 0x0000, 0x9608, 0x003C, 0x0020, 0x0000, 0x0001, 0x0020, 0x0000,
    0x0000, 0x0A64, 0x6174, 0x6162, 0x7566, 0x6665, 0x7224, 0x0000, 0x0094, 0x0800, 0x0C00, 0x0000,
    0x0000, 0x0A61, 0x6464, 0x7265, 0x7373, 0x4372, 0x6325, 0x0000, 0x0094, 0x0800, 0x0C00, 0x0000,
    0x0000, 0x0764, 0x6174, 0x6143, 0x7263, 0x2600, 0x0000, 0x9408, 0x000C, 0x0000, 0x0000, 0x0005,
    0x6572, 0x726E, 0x6F28, 0x0000, 0x0096, 0x6600, 0x0000, 0x2800, 0x0000, 0x0000, 0x072E, 0x3134,
    0x6661, 0x6B65, 0x042E, 0x656F, 0x7300, 0x0000, 0x0096, 0x0D00, 0x0800, 0x2800, 0x0000, 0x0000,
    0x072E, 0x3134, 0x6661, 0x6B65, 0x0B4F, 0x5343, 0x6F6E, 0x7452, 0x616D, 0x496F, 0x0000, 0x0000,
    0x940A, 0x0008, 0x0068, 0x0000, 0x0007, 0x2E31, 0x3566, 0x616B, 0x6500, 0x0000, 0x0094, 0x0800,
    0x0400, 0x0000, 0x0000, 0x0673, 0x7461, 0x7475, 0x7304, 0x0000, 0x0096, 0x0800, 0x1800, 0x1800,
    0x0000, 0x0000, 0x0D4F, 0x534D, 0x6573, 0x6751, 0x7565, 0x7565, 0x5F73, 0x0571, 0x7565, 0x7565,
    0x0800, 0x0000, 0x9408, 0x0004, 0x0000, 0x0000, 0x0007, 0x6368, 0x616E, 0x6E65, 0x6C0C, 0x0000,
    0x0096, 0x0800, 0x3C00, 0x2000, 0x0000, 0x0100, 0x2000, 0x0000, 0x0002, 0x6964, 0x2C00, 0x0000,
    0x9608, 0x003C, 0x0020, 0x0000, 0x0001, 0x0020, 0x0000, 0x0000, 0x056C, 0x6162, 0x656C, 0x4C00,
    0x0000, 0x9408, 0x0004, 0x0000, 0x0000, 0x0007, 0x7665, 0x7273, 0x696F, 0x6E50, 0x0000, 0x0094,
    0x0800, 0x0400, 0x0000, 0x0000, 0x0864, 0x6972, 0x5F73, 0x697A, 0x6554, 0x0000, 0x0094, 0x0800,
    0x0400, 0x0000, 0x0000, 0x0B69, 0x6E6F, 0x6465, 0x5F74, 0x6162, 0x6C65, 0x5800, 0x0000, 0x9408,
    0x0004, 0x0000, 0x0000, 0x000C, 0x6D69, 0x6E6F, 0x6465, 0x5F74, 0x6162, 0x6C65, 0x5C00, 0x0000,
    0x9408, 0x0004, 0x0000, 0x0000, 0x0009, 0x6469, 0x725F, 0x7461, 0x626C, 0x6560, 0x0000, 0x0094,
    0x0800, 0x0400, 0x0000, 0x0000, 0x1069, 0x6E6F, 0x6465, 0x5F73, 0x7461, 0x7274, 0x5F70, 0x6167,
    0x6564, 0x0000, 0x0094, 0x0800, 0x0C00, 0x0000, 0x0000, 0x0562, 0x616E, 0x6B73, 0x6500, 0x0000,
    0x9408, 0x000C, 0x0000, 0x0000, 0x000A, 0x6163, 0x7469, 0x7665, 0x6261, 0x6E6B, 0x6800, 0x0000,
    0x9666, 0x0000, 0x0068, 0x0000, 0x0000, 0x0007, 0x2E31, 0x3566, 0x616B, 0x6504, 0x2E65, 0x6F73,
    0x0000, 0x0000, 0x960D, 0x0008, 0x0068, 0x0000, 0x0000, 0x0007, 0x2E31, 0x3566, 0x616B, 0x6505,
    0x4F53, 0x5066, 0x7300, 0x0000, 0x0094, 0x0A00, 0x0800, 0x2000, 0x0000, 0x072E, 0x3136, 0x6661,
    0x6B65, 0x0000, 0x0000, 0x9408, 0x000F, 0x0000, 0x0000, 0x0009, 0x6669, 0x6C65, 0x5F73, 0x697A,
    0x6504, 0x0000, 0x0094, 0x0800, 0x0F00, 0x0000, 0x0000, 0x0967, 0x616D, 0x655F, 0x636F, 0x6465,
    0x0800, 0x0000, 0x9408, 0x000D, 0x0000, 0x0000, 0x000C, 0x636F, 0x6D70, 0x616E, 0x795F, 0x636F,
    0x6465, 0x0A00, 0x0000, 0x9608, 0x0032, 0x0004, 0x0000, 0x0001, 0x0004, 0x0000, 0x0000, 0x0865,
    0x7874, 0x5F6E, 0x616D, 0x650E, 0x0000, 0x0096, 0x0800, 0x3200, 0x1000, 0x0000, 0x0100, 0x1000,
    0x0000, 0x0009, 0x6761, 0x6D65, 0x5F6E, 0x616D, 0x6520, 0x0000, 0x0096, 0x6600, 0x0000, 0x2000,
    0x0000, 0x0000, 0x072E, 0x3136, 0x6661, 0x6B65, 0x042E, 0x656F, 0x7300, 0x0000, 0x0096, 0x0D00,
    0x0800, 0x2000, 0x0000, 0x0000, 0x072E, 0x3136, 0x6661, 0x6B65, 0x0A4F, 0x5350, 0x6673, 0x5374,
    0x6174, 0x6500, 0x0000, 0x0094, 0x0A00, 0x0800, 0x1000, 0x0000, 0x072E, 0x3137, 0x6661, 0x6B65,
    0x0000, 0x0000, 0x9408, 0x001D, 0x0000, 0x0000, 0x000A, 0x6869, 0x7374, 0x6F5F, 0x6261, 0x7365,
    0x0400, 0x0000, 0x9408, 0x000F, 0x0000, 0x0000, 0x000A, 0x6869, 0x7374, 0x6F5F, 0x7369, 0x7A65,
    0x0800, 0x0000, 0x9408, 0x001F, 0x0000, 0x0000, 0x000A, 0x7465, 0x7874, 0x5F73, 0x7461, 0x7274,
    0x0C00, 0x0000, 0x9408, 0x001F, 0x0000, 0x0000, 0x0008, 0x7465, 0x7874, 0x5F65, 0x6E64, 0x1000,
    0x0000, 0x9666, 0x0000, 0x0010, 0x0000, 0x0000, 0x0007, 0x2E31, 0x3766, 0x616B, 0x6504, 0x2E65,
    0x6F73, 0x0000, 0x0000, 0x960D, 0x0008, 0x0010, 0x0000, 0x0000, 0x0007, 0x2E31, 0x3766, 0x616B,
    0x6506, 0x4F53, 0x5072, 0x6F66, 0x0000, 0x0000, 0x940A, 0x0008, 0x0014, 0x0000, 0x0009, 0x5F52,
    0x6567, 0x696F, 0x6E5F, 0x7300, 0x0000, 0x0094, 0x0800, 0x1C00, 0x0000, 0x0000, 0x1472, 0x5F73,
    0x7461, 0x7274, 0x4275, 0x6666, 0x6572, 0x4164, 0x6472, 0x6573, 0x7304, 0x0000, 0x0094, 0x0800,
    0x1C00, 0x0000, 0x0000, 0x0C72, 0x5F65, 0x6E64, 0x4164, 0x6472, 0x6573, 0x7308, 0x0000, 0x0094,
    0x0800, 0x0500, 0x0000, 0x0000, 0x0C72, 0x5F62, 0x7566, 0x6665, 0x7253, 0x697A, 0x650C, 0x0000,
    0x0094, 0x0800, 0x0500, 0x0000, 0x0000, 0x0D72, 0x5F62, 0x7566, 0x6665, 0x7243, 0x6F75, 0x6E74,
    0x1000, 0x0000, 0x9408, 0x000D, 0x0000, 0x0000, 0x000A, 0x725F, 0x6672, 0x6565, 0x4C69, 0x7374,
    0x1200, 0x0000, 0x9408, 0x000D, 0x0000, 0x0000, 0x000B, 0x725F, 0x616C, 0x6967, 0x6E53, 0x697A,
    0x6514, 0x0000, 0x0096, 0x6600, 0x0000, 0x1400, 0x0000, 0x0000, 0x095F, 0x5265, 0x6769, 0x6F6E,
    0x5F73, 0x042E, 0x656F, 0x7300, 0x0000, 0x0096, 0x0D00, 0x0800, 0x1400, 0x0000, 0x0000, 0x095F,
    0x5265, 0x6769, 0x6F6E, 0x5F73, 0x084F, 0x5352, 0x6567, 0x696F, 0x6E00, 0x0000, 0x0094, 0x0A00,
    0x0800, 0x4000, 0x0000, 0x072E, 0x3138, 0x6661, 0x6B65, 0x0000, 0x0000, 0x9408, 0x000F, 0x0000,
    0x0000, 0x0004, 0x7479, 0x7065, 0x0400, 0x0000, 0x9408, 0x000F, 0x0000, 0x0000, 0x0005, 0x666C,
    0x6167, 0x7308, 0x0000, 0x0094, 0x0800, 0x1F00, 0x0000, 0x0000, 0x0A75, 0x636F, 0x6465, 0x5F62,
    0x6F6F, 0x740C, 0x0000, 0x0094, 0x0800, 0x0F00, 0x0000, 0x0000, 0x0F75, 0x636F, 0x6465, 0x5F62,
    0x6F6F, 0x745F, 0x7369, 0x7A65, 0x1000, 0x0000, 0x9408, 0x001F, 0x0000, 0x0000, 0x0005, 0x7563,
    0x6F64, 0x6514, 0x0000, 0x0094, 0x0800, 0x0F00, 0x0000, 0x0000, 0x0A75, 0x636F, 0x6465, 0x5F73,
    0x697A, 0x6518, 0x0000, 0x0094, 0x0800, 0x1F00, 0x0000, 0x0000, 0x0A75, 0x636F, 0x6465, 0x5F64,
    0x6174, 0x611C, 0x0000, 0x0094, 0x0800, 0x0F00, 0x0000, 0x0000, 0x0F75, 0x636F, 0x6465, 0x5F64,
    0x6174, 0x615F, 0x7369, 0x7A65, 0x2000, 0x0000, 0x9408, 0x001F, 0x0000, 0x0000, 0x000A, 0x6472,
    0x616D, 0x5F73, 0x7461, 0x636B, 0x2400, 0x0000, 0x9408, 0x000F, 0x0000, 0x0000, 0x000F, 0x6472,
    0x616D, 0x5F73, 0x7461, 0x636B, 0x5F73, 0x697A, 0x6528, 0x0000, 0x0094, 0x0800, 0x1F00, 0x0000,
    0x0000, 0x0B6F, 0x7574, 0x7075, 0x745F, 0x6275, 0x6666, 0x2C00, 0x0000, 0x9408, 0x001F, 0x0000,
    0x0000, 0x0010, 0x6F75, 0x7470, 0x7574, 0x5F62, 0x7566, 0x665F, 0x7369, 0x7A65, 0x3000, 0x0000,
    0x9408, 0x001F, 0x0000, 0x0000, 0x0008, 0x6461, 0x7461, 0x5F70, 0x7472, 0x3400, 0x0000, 0x9408,
    0x000F, 0x0000, 0x0000, 0x0009, 0x6461, 0x7461, 0x5F73, 0x697A, 0x6538, 0x0000, 0x0094, 0x0800,
    0x1F00, 0x0000, 0x0000, 0x0E79, 0x6965, 0x6C64, 0x5F64, 0x6174, 0x615F, 0x7074, 0x723C, 0x0000,
    0x0094, 0x0800, 0x0F00, 0x0000, 0x0000, 0x0F79, 0x6965, 0x6C64, 0x5F64, 0x6174, 0x615F, 0x7369,
    0x7A65, 0x4000, 0x0000, 0x9666, 0x0000, 0x0040, 0x0000, 0x0000, 0x0007, 0x2E31, 0x3866, 0x616B,
    0x6504, 0x2E65, 0x6F73, 0x0000, 0x0000, 0x960D, 0x0008, 0x0040, 0x0000, 0x0000, 0x0007, 0x2E31,
    0x3866, 0x616B, 0x6508, 0x4F53, 0x5461, 0x736B, 0x5F74, 0x0000, 0x0000, 0x940C, 0x0009, 0x0040,
    0x0000, 0x0007, 0x2E31, 0x3966, 0x616B, 0x6500, 0x0000, 0x0096, 0x0B00, 0x0800, 0x4000, 0x0000,
    0x0000, 0x072E, 0x3138, 0x6661, 0x6B65, 0x0174, 0x0000, 0x0000, 0x940B, 0x0005, 0x0000, 0x0000,
    0x0019, 0x666F, 0x7263, 0x655F, 0x7374, 0x7275, 0x6374, 0x7572, 0x655F, 0x616C, 0x6967, 0x6E6D,
    0x656E, 0x7440, 0x0000, 0x0096, 0x6600, 0x0000, 0x4000, 0x0000, 0x0000, 0x072E, 0x3139, 0x6661,
    0x6B65, 0x042E, 0x656F, 0x7300, 0x0000, 0x0096, 0x0D00, 0x0900, 0x4000, 0x0000, 0x0000, 0x072E,
    0x3139, 0x6661, 0x6B65, 0x064F, 0x5354, 0x6173, 0x6B00, 0x0000, 0x0094, 0x0D00, 0x0F00, 0x0000,
    0x0000, 0x0D4F, 0x5359, 0x6965, 0x6C64, 0x5265, 0x7375, 0x6C74, 0x0000, 0x0000, 0x940A, 0x0008,
    0x0010, 0x0000, 0x0007, 0x2E32, 0x3066, 0x616B, 0x6500, 0x0000, 0x0096, 0x0800, 0x3300, 0x0600,
    0x0000, 0x0100, 0x0300, 0x0000, 0x0002, 0x6F62, 0x0600, 0x0000, 0x9408, 0x000D, 0x0000, 0x0000,
    0x0004, 0x666C, 0x6167, 0x0800, 0x0000, 0x9608, 0x0033, 0x0004, 0x0000, 0x0001, 0x0002, 0x0000,
    0x0000, 0x0274, 0x630C, 0x0000, 0x0096, 0x0800, 0x3C00, 0x0400, 0x0000, 0x0100, 0x0400, 0x0000,
    0x0002, 0x636E, 0x1000, 0x0000, 0x9666, 0x0000, 0x0010, 0x0000, 0x0000, 0x0007, 0x2E32, 0x3066,
    0x616B, 0x6504, 0x2E65, 0x6F73, 0x0000, 0x0000, 0x960D, 0x0008, 0x0010, 0x0000, 0x0000, 0x0007,
    0x2E32, 0x3066, 0x616B, 0x6505, 0x5674, 0x785F, 0x7400, 0x0000, 0x0094, 0x0A00, 0x0800, 0x1000,
    0x0000, 0x072E, 0x3231, 0x6661, 0x6B65, 0x0000, 0x0000, 0x9608, 0x0033, 0x0006, 0x0000, 0x0001,
    0x0003, 0x0000, 0x0000, 0x026F, 0x6206, 0x0000, 0x0094, 0x0800, 0x0D00, 0x0000, 0x0000, 0x0466,
    0x6C61, 0x6708, 0x0000, 0x0096, 0x0800, 0x3300, 0x0400, 0x0000, 0x0100, 0x0200, 0x0000, 0x0002,
    0x7463, 0x0C00, 0x0000, 0x9608, 0x0032, 0x0003, 0x0000, 0x0001, 0x0003, 0x0000, 0x0000, 0x016E,
    0x0F00, 0x0000, 0x9408, 0x000C, 0x0000, 0x0000, 0x0001, 0x6110, 0x0000, 0x0096, 0x6600, 0x0000,
    0x1000, 0x0000, 0x0000, 0x072E, 0x3231, 0x6661, 0x6B65, 0x042E, 0x656F, 0x7300, 0x0000, 0x0096,
    0x0D00, 0x0800, 0x1000, 0x0000, 0x0000, 0x072E, 0x3231, 0x6661, 0x6B65, 0x0656, 0x7478, 0x5F74,
    0x6E00, 0x0000, 0x0094, 0x0C00, 0x0900, 0x1000, 0x0000, 0x072E, 0x3232, 0x6661, 0x6B65, 0x0000,
    0x0000, 0x960B, 0x0008, 0x0010, 0x0000, 0x0000, 0x0007, 0x2E32, 0x3066, 0x616B, 0x6501, 0x7600,
    0x0000, 0x0096, 0x0B00, 0x0800, 0x1000, 0x0000, 0x0000, 0x072E, 0x3231, 0x6661, 0x6B65, 0x016E,
    0x0000, 0x0000, 0x940B, 0x0005, 0x0000, 0x0000, 0x0019, 0x666F, 0x7263, 0x655F, 0x7374, 0x7275,
    0x6374, 0x7572, 0x655F, 0x616C, 0x6967, 0x6E6D, 0x656E, 0x7410, 0x0000, 0x0096, 0x6600, 0x0000,
    0x1000, 0x0000, 0x0000, 0x072E, 0x3232, 0x6661, 0x6B65, 0x042E, 0x656F, 0x7300, 0x0000, 0x0096,
    0x0D00, 0x0900, 0x1000, 0x0000, 0x0000, 0x072E, 0x3232, 0x6661, 0x6B65, 0x0356, 0x7478, 0x0000,
    0x0000, 0x940A, 0x0008, 0x0018, 0x0000, 0x0007, 0x2E32, 0x3366, 0x616B, 0x6500, 0x0000, 0x0094,
    0x0800, 0x1100, 0x0000, 0x0000, 0x1253, 0x6F75, 0x7263, 0x6549, 0x6D61, 0x6765, 0x506F, 0x696E,
    0x7465, 0x7204, 0x0000, 0x0094, 0x0800, 0x1100, 0x0000, 0x0000, 0x0B54, 0x6C75, 0x7450, 0x6F69,
    0x6E74, 0x6572, 0x0800, 0x0000, 0x9408, 0x0003, 0x0000, 0x0000, 0x0006, 0x5374, 0x7269, 0x6465,
    0x0A00, 0x0000, 0x9408, 0x0003, 0x0000, 0x0000, 0x000D, 0x5375, 0x6249, 0x6D61, 0x6765, 0x5769,
    0x6474, 0x680C, 0x0000, 0x0094, 0x0800, 0x0300, 0x0000, 0x0000, 0x0E53, 0x7562, 0x496D, 0x6167,
    0x6548, 0x6569, 0x6768, 0x740E, 0x0000, 0x0094, 0x0800, 0x0200, 0x0000, 0x0000, 0x0F53, 0x6F75,
    0x7263, 0x6549, 0x6D61, 0x6765, 0x5479, 0x7065, 0x0F00, 0x0000, 0x9408, 0x0002, 0x0000, 0x0000,
    0x0012, 0x536F, 0x7572, 0x6365, 0x496D, 0x6167, 0x6542, 0x6974, 0x5369, 0x7A65, 0x1000, 0x0000,
    0x9408, 0x0003, 0x0000, 0x0000, 0x0012, 0x536F, 0x7572, 0x6365, 0x496D, 0x6167, 0x654F, 0x6666,
    0x7365, 0x7453, 0x1200, 0x0000, 0x9408, 0x0003, 0x0000, 0x0000, 0x0012, 0x536F, 0x7572, 0x6365,
    0x496D, 0x6167, 0x654F, 0x6666, 0x7365, 0x7454, 0x1400, 0x0000, 0x9608, 0x0032, 0x0004, 0x0000,
    0x0001, 0x0004, 0x0000, 0x0000, 0x0564, 0x756D, 0x6D79, 0x1800, 0x0000, 0x9666, 0x0000, 0x0018,
    0x0000, 0x0000, 0x0007, 0x2E32, 0x3366, 0x616B, 0x6504, 0x2E65, 0x6F73, 0x0000, 0x0000, 0x960D,
    0x0008, 0x0018, 0x0000, 0x0000, 0x0007, 0x2E32, 0x3366, 0x616B, 0x6509, 0x7553, 0x7072, 0x6974,
    0x655F, 0x7400, 0x0000, 0x0094, 0x0C00, 0x0900, 0x1800, 0x0000, 0x072E, 0x3234, 0x6661, 0x6B65,
    0x0000, 0x0000, 0x960B, 0x0008, 0x0018, 0x0000, 0x0000, 0x0007, 0x2E32, 0x3366, 0x616B, 0x6501,
    0x7300, 0x0000, 0x0096, 0x0B00, 0x3500, 0x1800, 0x0000, 0x0100, 0x0300, 0x0000, 0x001A, 0x666F,
    0x7263, 0x655F, 0x7374, 0x7275, 0x6374, 0x7572, 0x655F, 0x616C, 0x6C69, 0x676E, 0x6D65, 0x6E74,
    0x1800, 0x0000, 0x9666, 0x0000, 0x0018, 0x0000, 0x0000, 0x0007, 0x2E32, 0x3466, 0x616B, 0x6504,
    0x2E65, 0x6F73, 0x0000, 0x0000, 0x960D, 0x0009, 0x0018, 0x0000, 0x0000, 0x0007, 0x2E32, 0x3466,
    0x616B, 0x6507, 0x7553, 0x7072, 0x6974, 0x6500, 0x0000, 0x0094, 0x0A00, 0x0800, 0x0400, 0x0000,
    0x072E, 0x3235, 0x6661, 0x6B65, 0x0000, 0x0000, 0x9408, 0x000C, 0x0000, 0x0000, 0x0004, 0x666C,
    0x6167, 0x0100, 0x0000, 0x9608, 0x003C, 0x0003, 0x0000, 0x0001, 0x0003, 0x0000, 0x0000, 0x0176,
    0x0400, 0x0000, 0x9666, 0x0000, 0x0004, 0x0000, 0x0000, 0x0007, 0x2E32, 0x3566, 0x616B, 0x6504,
    0x2E65, 0x6F73, 0x0000, 0x0000, 0x960D, 0x0008, 0x0004, 0x0000, 0x0000, 0x0007, 0x2E32, 0x3566,
    0x616B, 0x6503, 0x5472, 0x6900, 0x0000, 0x0096, 0x0D00, 0xF500, 0x4000, 0x0000, 0x0200, 0x0400,
    0x0000, 0x0400, 0x0000, 0x0005, 0x4D74, 0x785F, 0x7400, 0x0000, 0x0094, 0x0C00, 0x0900, 0x4000,
    0x0000, 0x072E, 0x3236, 0x6661, 0x6B65, 0x0000, 0x0000, 0x960B, 0x00F5, 0x0040, 0x0000, 0x0002,
    0x0004, 0x0000, 0x0004, 0x0000, 0x0000, 0x016D, 0x0000, 0x0000, 0x940B, 0x0005, 0x0000, 0x0000,
    0x0019, 0x666F, 0x7263, 0x655F, 0x7374, 0x7275, 0x6374, 0x7572, 0x655F, 0x616C, 0x6967, 0x6E6D,
    0x656E, 0x7440, 0x0000, 0x0096, 0x6600, 0x0000, 0x4000, 0x0000, 0x0000, 0x072E, 0x3236, 0x6661,
    0x6B65, 0x042E, 0x656F, 0x7300, 0x0000, 0x0096, 0x0D00, 0x0900, 0x4000, 0x0000, 0x0000, 0x072E,
    0x3236, 0x6661, 0x6B65, 0x034D, 0x7478, 0x0000, 0x0000, 0x940A, 0x0008, 0x0010, 0x0000, 0x0007,
    0x2E32, 0x3766, 0x616B, 0x6500, 0x0000, 0x0096, 0x0800, 0x3300, 0x0800, 0x0000, 0x0100, 0x0400,
    0x0000, 0x0006, 0x7673, 0x6361, 0x6C65, 0x0800, 0x0000, 0x9608, 0x0033, 0x0008, 0x0000, 0x0001,
    0x0004, 0x0000, 0x0000, 0x0676, 0x7472, 0x616E, 0x7310, 0x0000, 0x0096, 0x6600, 0x0000, 0x1000,
    0x0000, 0x0000, 0x072E, 0x3237, 0x6661, 0x6B65, 0x042E, 0x656F, 0x7300, 0x0000, 0x0096, 0x0D00,
    0x0800, 0x1000, 0x0000, 0x0000, 0x072E, 0x3237, 0x6661, 0x6B65, 0x0456, 0x705F, 0x7400, 0x0000,
    0x0094, 0x0C00, 0x0900, 0x1000, 0x0000, 0x072E, 0x3238, 0x6661, 0x6B65, 0x0000, 0x0000, 0x960B,
    0x0008, 0x0010, 0x0000, 0x0000, 0x0007, 0x2E32, 0x3766, 0x616B, 0x6502, 0x7670, 0x0000, 0x0000,
    0x940B, 0x0005, 0x0000, 0x0000, 0x0019, 0x666F, 0x7263, 0x655F, 0x7374, 0x7275, 0x6374, 0x7572,
    0x655F, 0x616C, 0x6967, 0x6E6D, 0x656E, 0x7410, 0x0000, 0x0096, 0x6600, 0x0000, 0x1000, 0x0000,
    0x0000, 0x072E, 0x3238, 0x6661, 0x6B65, 0x042E, 0x656F, 0x7300, 0x0000, 0x0096, 0x0D00, 0x0900,
    0x1000, 0x0000, 0x0000, 0x072E, 0x3238, 0x6661, 0x6B65, 0x0256, 0x7000, 0x0000, 0x0094, 0x0A00,
    0x0800, 0x0C00, 0x0000, 0x072E, 0x3239, 0x6661, 0x6B65, 0x0000, 0x0000, 0x9608, 0x003C, 0x0003,
    0x0000, 0x0001, 0x0003, 0x0000, 0x0000, 0x0363, 0x6F6C, 0x0300, 0x0000, 0x9408, 0x0002, 0x0000,
    0x0000, 0x0004, 0x7061, 0x6431, 0x0400, 0x0000, 0x9608, 0x003C, 0x0003, 0x0000, 0x0001, 0x0003,
    0x0000, 0x0000, 0x0463, 0x6F6C, 0x6307, 0x0000, 0x0094, 0x0800, 0x0200, 0x0000, 0x0000, 0x0470,
    0x6164, 0x3208, 0x0000, 0x0096, 0x0800, 0x3200, 0x0300, 0x0000, 0x0100, 0x0300, 0x0000, 0x0003,
    0x6469, 0x720B, 0x0000, 0x0094, 0x0800, 0x0200, 0x0000, 0x0000, 0x0470, 0x6164, 0x330C, 0x0000,
    0x0096, 0x6600, 0x0000, 0x0C00, 0x0000, 0x0000, 0x072E, 0x3239, 0x6661, 0x6B65, 0x042E, 0x656F,
    0x7300, 0x0000, 0x0096, 0x0D00, 0x0800, 0x0C00, 0x0000, 0x0000, 0x072E, 0x3239, 0x6661, 0x6B65,
    0x074C, 0x6967, 0x6874, 0x5F74, 0x0000, 0x0000, 0x940A, 0x0008, 0x0008, 0x0000, 0x0007, 0x2E33,
    0x3066, 0x616B, 0x6500, 0x0000, 0x0096, 0x0800, 0x3C00, 0x0300, 0x0000, 0x0100, 0x0300, 0x0000,
    0x0003, 0x636F, 0x6C03, 0x0000, 0x0094, 0x0800, 0x0200, 0x0000, 0x0000, 0x0470, 0x6164, 0x3104,
    0x0000, 0x0096, 0x0800, 0x3C00, 0x0300, 0x0000, 0x0100, 0x0300, 0x0000, 0x0004, 0x636F, 0x6C63,
    0x0700, 0x0000, 0x9408, 0x0002, 0x0000, 0x0000, 0x0004, 0x7061, 0x6432, 0x0800, 0x0000, 0x9666,
    0x0000, 0x0008, 0x0000, 0x0000, 0x0007, 0x2E33, 0x3066, 0x616B, 0x6504, 0x2E65, 0x6F73, 0x0000,
    0x0000, 0x960D, 0x0008, 0x0008, 0x0000, 0x0000, 0x0007, 0x2E33, 0x3066, 0x616B, 0x6509, 0x416D,
    0x6269, 0x656E, 0x745F, 0x7400, 0x0000, 0x0094, 0x0A00, 0x0800, 0x1000, 0x0000, 0x072E, 0x3331,
    0x6661, 0x6B65, 0x0000, 0x0000, 0x9408, 0x0004, 0x0000, 0x0000, 0x0002, 0x7831, 0x0400, 0x0000,
    0x9408, 0x0004, 0x0000, 0x0000, 0x0002, 0x7931, 0x0800, 0x0000, 0x9408, 0x0004, 0x0000, 0x0000,
    0x0002, 0x7832, 0x0C00, 0x0000, 0x9408, 0x0004, 0x0000, 0x0000, 0x0002, 0x7932, 0x1000, 0x0000,
    0x9666, 0x0000, 0x0010, 0x0000, 0x0000, 0x0007, 0x2E33, 0x3166, 0x616B, 0x6504, 0x2E65, 0x6F73,
    0x0000, 0x0000, 0x960D, 0x0008, 0x0010, 0x0000, 0x0000, 0x0007, 0x2E33, 0x3166, 0x616B, 0x6508,
    0x4869, 0x6C69, 0x7465, 0x5F74, 0x0000, 0x0000, 0x940C, 0x0009, 0x0010, 0x0000, 0x0007, 0x2E33,
    0x3266, 0x616B, 0x6500, 0x0000, 0x0096, 0x0B00, 0x0800, 0x0C00, 0x0000, 0x0000, 0x072E, 0x3239,
    0x6661, 0x6B65, 0x016C, 0x0000, 0x0000, 0x960B, 0x0035, 0x0010, 0x0000, 0x0001, 0x0002, 0x0000,
    0x0000, 0x1966, 0x6F72, 0x6365, 0x5F73, 0x7472, 0x7563, 0x7475, 0x7265, 0x5F61, 0x6C69, 0x676E,
    0x6D65, 0x6E74, 0x1000, 0x0000, 0x9666, 0x0000, 0x0010, 0x0000, 0x0000, 0x0007, 0x2E33, 0x3266,
    0x616B, 0x6504, 0x2E65, 0x6F73, 0x0000, 0x0000, 0x960D, 0x0009, 0x0010, 0x0000, 0x0000, 0x0007,
    0x2E33, 0x3266, 0x616B, 0x6505, 0x4C69, 0x6768, 0x7400, 0x0000, 0x0094, 0x0C00, 0x0900, 0x0800,
    0x0000, 0x072E, 0x3333, 0x6661, 0x6B65, 0x0000, 0x0000, 0x960B, 0x0008, 0x0008, 0x0000, 0x0000,
    0x0007, 0x2E33, 0x3066, 0x616B, 0x6501, 0x6C00, 0x0000, 0x0096, 0x0B00, 0x3500, 0x0800, 0x0000,
    0x0100, 0x0100, 0x0000, 0x0019, 0x666F, 0x7263, 0x655F, 0x7374, 0x7275, 0x6374, 0x7572, 0x655F,
    0x616C, 0x6967, 0x6E6D, 0x656E, 0x7408, 0x0000, 0x0096, 0x6600, 0x0000, 0x0800, 0x0000, 0x0000,
    0x072E, 0x3333, 0x6661, 0x6B65, 0x042E, 0x656F, 0x7300, 0x0000, 0x0096, 0x0D00, 0x0900, 0x0800,
    0x0000, 0x0000, 0x072E, 0x3333, 0x6661, 0x6B65, 0x0741, 0x6D62, 0x6965, 0x6E74, 0x0000, 0x0000,
    0x940A, 0x0008, 0x0078, 0x0000, 0x0007, 0x2E33, 0x3466, 0x616B, 0x6500, 0x0000, 0x0096, 0x0800,
    0x0900, 0x0800, 0x0000, 0x0000, 0x072E, 0x3333, 0x6661, 0x6B65, 0x0161, 0x0800, 0x0000, 0x9608,
    0x0039, 0x0070, 0x0000, 0x0001, 0x0007, 0x0000, 0x0007, 0x2E33, 0x3266, 0x616B, 0x6501, 0x6C78,
    0x0000, 0x0096, 0x6600, 0x0000, 0x7800, 0x0000, 0x0000, 0x072E, 0x3334, 0x6661, 0x6B65, 0x042E,
    0x656F, 0x7300, 0x0000, 0x0096, 0x0D00, 0x0800, 0x7800, 0x0000, 0x0000, 0x072E, 0x3334, 0x6661,
    0x6B65, 0x074C, 0x6967, 0x6874, 0x736E, 0x0000, 0x0000, 0x940A, 0x0008, 0x0018, 0x0000, 0x0007,
    0x2E33, 0x3566, 0x616B, 0x6500, 0x0000, 0x0096, 0x0800, 0x0900, 0x0800, 0x0000, 0x0000, 0x072E,
    0x3333, 0x6661, 0x6B65, 0x0161, 0x0800, 0x0000, 0x9608, 0x0039, 0x0010, 0x0000, 0x0001, 0x0001,
    0x0000, 0x0007, 0x2E33, 0x3266, 0x616B, 0x6501, 0x6C18, 0x0000, 0x0096, 0x6600, 0x0000, 0x1800,
    0x0000, 0x0000, 0x072E, 0x3335, 0x6661, 0x6B65, 0x042E, 0x656F, 0x7300, 0x0000, 0x0096, 0x0D00,
    0x0800, 0x1800, 0x0000, 0x0000, 0x072E, 0x3335, 0x6661, 0x6B65, 0x074C, 0x6967, 0x6874, 0x7330,
    0x0000, 0x0000, 0x940A, 0x0008, 0x0018, 0x0000, 0x0007, 0x2E33, 0x3666, 0x616B, 0x6500, 0x0000,
    0x0096, 0x0800, 0x0900, 0x0800, 0x0000, 0x0000, 0x072E, 0x3333, 0x6661, 0x6B65, 0x0161, 0x0800,
    0x0000, 0x9608, 0x0039, 0x0010, 0x0000, 0x0001, 0x0001, 0x0000, 0x0007, 0x2E33, 0x3266, 0x616B,
    0x6501, 0x6C18, 0x0000, 0x0096, 0x6600, 0x0000, 0x1800, 0x0000, 0x0000, 0x072E, 0x3336, 0x6661,
    0x6B65, 0x042E, 0x656F, 0x7300, 0x0000, 0x0096, 0x0D00, 0x0800, 0x1800, 0x0000, 0x0000, 0x072E,
    0x3336, 0x6661, 0x6B65, 0x074C, 0x6967, 0x6874, 0x7331, 0x0000, 0x0000, 0x940A, 0x0008, 0x0028,
    0x0000, 0x0007, 0x2E33, 0x3766, 0x616B, 0x6500, 0x0000, 0x0096, 0x0800, 0x0900, 0x0800, 0x0000,
    0x0000, 0x072E, 0x3333, 0x6661, 0x6B65, 0x0161, 0x0800, 0x0000, 0x9608, 0x0039, 0x0020, 0x0000,
    0x0001, 0x0002, 0x0000, 0x0007, 0x2E33, 0x3266, 0x616B, 0x6501, 0x6C28, 0x0000, 0x0096, 0x6600,
    0x0000, 0x2800, 0x0000, 0x0000, 0x072E, 0x3337, 0x6661, 0x6B65, 0x042E, 0x656F, 0x7300, 0x0000,
    0x0096, 0x0D00, 0x0800, 0x2800, 0x0000, 0x0000, 0x072E, 0x3337, 0x6661, 0x6B65, 0x074C, 0x6967,
    0x6874, 0x7332, 0x0000, 0x0000, 0x940A, 0x0008, 0x0038, 0x0000, 0x0007, 0x2E33, 0x3866, 0x616B,
    0x6500, 0x0000, 0x0096, 0x0800, 0x0900, 0x0800, 0x0000, 0x0000, 0x072E, 0x3333, 0x6661, 0x6B65,
    0x0161, 0x0800, 0x0000, 0x9608, 0x0039, 0x0030, 0x0000, 0x0001, 0x0003, 0x0000, 0x0007, 0x2E33,
    0x3266, 0x616B, 0x6501, 0x6C38, 0x0000, 0x0096, 0x6600, 0x0000, 0x3800, 0x0000, 0x0000, 0x072E,
    0x3338, 0x6661, 0x6B65, 0x042E, 0x656F, 0x7300, 0x0000, 0x0096, 0x0D00, 0x0800, 0x3800, 0x0000,
    0x0000, 0x072E, 0x3338, 0x6661, 0x6B65, 0x074C, 0x6967, 0x6874, 0x7333, 0x0000, 0x0000, 0x940A,
    0x0008, 0x0048, 0x0000, 0x0007, 0x2E33, 0x3966, 0x616B, 0x6500, 0x0000, 0x0096, 0x0800, 0x0900,
    0x0800, 0x0000, 0x0000, 0x072E, 0x3333, 0x6661, 0x6B65, 0x0161, 0x0800, 0x0000, 0x9608, 0x0039,
    0x0040, 0x0000, 0x0001, 0x0004, 0x0000, 0x0007, 0x2E33, 0x3266, 0x616B, 0x6501, 0x6C48, 0x0000,
    0x0096, 0x6600, 0x0000, 0x4800, 0x0000, 0x0000, 0x072E, 0x3339, 0x6661, 0x6B65, 0x042E, 0x656F,
    0x7300, 0x0000, 0x0096, 0x0D00, 0x0800, 0x4800, 0x0000, 0x0000, 0x072E, 0x3339, 0x6661, 0x6B65,
    0x074C, 0x6967, 0x6874, 0x7334, 0x0000, 0x0000, 0x940A, 0x0008, 0x0058, 0x0000, 0x0007, 0x2E34,
    0x3066, 0x616B, 0x6500, 0x0000, 0x0096, 0x0800, 0x0900, 0x0800, 0x0000, 0x0000, 0x072E, 0x3333,
    0x6661, 0x6B65, 0x0161, 0x0800, 0x0000, 0x9608, 0x0039, 0x0050, 0x0000, 0x0001, 0x0005, 0x0000,
    0x0007, 0x2E33, 0x3266, 0x616B, 0x6501, 0x6C58, 0x0000, 0x0096, 0x6600, 0x0000, 0x5800, 0x0000,
    0x0000, 0x072E, 0x3430, 0x6661, 0x6B65, 0x042E, 0x656F, 0x7300, 0x0000, 0x0096, 0x0D00, 0x0800,
    0x5800, 0x0000, 0x0000, 0x072E, 0x3430, 0x6661, 0x6B65, 0x074C, 0x6967, 0x6874, 0x7335, 0x0000,
    0x0000, 0x940A, 0x0008, 0x0068, 0x0000, 0x0007, 0x2E34, 0x3166, 0x616B, 0x6500, 0x0000, 0x0096,
    0x0800, 0x0900, 0x0800, 0x0000, 0x0000, 0x072E, 0x3333, 0x6661, 0x6B65, 0x0161, 0x0800, 0x0000,
    0x9608, 0x0039, 0x0060, 0x0000, 0x0001, 0x0006, 0x0000, 0x0007, 0x2E33, 0x3266, 0x616B, 0x6501,
    0x6C68, 0x0000, 0x0096, 0x6600, 0x0000, 0x6800, 0x0000, 0x0000, 0x072E, 0x3431, 0x6661, 0x6B65,
    0x042E, 0x656F, 0x7300, 0x0000, 0x0096, 0x0D00, 0x0800, 0x6800, 0x0000, 0x0000, 0x072E, 0x3431,
    0x6661, 0x6B65, 0x074C, 0x6967, 0x6874, 0x7336, 0x0000, 0x0000, 0x940A, 0x0008, 0x0078, 0x0000,
    0x0007, 0x2E34, 0x3266, 0x616B, 0x6500, 0x0000, 0x0096, 0x0800, 0x0900, 0x0800, 0x0000, 0x0000,
    0x072E, 0x3333, 0x6661, 0x6B65, 0x0161, 0x0800, 0x0000, 0x9608, 0x0039, 0x0070, 0x0000, 0x0001,
    0x0007, 0x0000, 0x0007, 0x2E33, 0x3266, 0x616B, 0x6501, 0x6C78, 0x0000, 0x0096, 0x6600, 0x0000,
    0x7800, 0x0000, 0x0000, 0x072E, 0x3432, 0x6661, 0x6B65, 0x042E, 0x656F, 0x7300, 0x0000, 0x0096,
    0x0D00, 0x0800, 0x7800, 0x0000, 0x0000, 0x072E, 0x3432, 0x6661, 0x6B65, 0x074C, 0x6967, 0x6874,
    0x7337, 0x0000, 0x0000, 0x940A, 0x0008, 0x0020, 0x0000, 0x0007, 0x2E34, 0x3366, 0x616B, 0x6500,
    0x0000, 0x0096, 0x0800, 0x3900, 0x2000, 0x0000, 0x0100, 0x0200, 0x0000, 0x072E, 0x3332, 0x6661,
    0x6B65, 0x016C, 0x2000, 0x0000, 0x9666, 0x0000, 0x0020, 0x0000, 0x0000, 0x0007, 0x2E34, 0x3366,
    0x616B, 0x6504, 0x2E65, 0x6F73, 0x0000, 0x0000, 0x960D, 0x0008, 0x0020, 0x0000, 0x0000, 0x0007,
    0x2E34, 0x3366, 0x616B, 0x6506, 0x4C6F, 0x6F6B, 0x4174, 0x0000, 0x0000, 0x940C, 0x0009, 0x0010,
    0x0000, 0x0007, 0x2E34, 0x3466, 0x616B, 0x6500, 0x0000, 0x0096, 0x0B00, 0x0800, 0x1000, 0x0000,
    0x0000, 0x072E, 0x3331, 0x6661, 0x6B65, 0x0168, 0x0000, 0x0000, 0x960B, 0x0035, 0x0010, 0x0000,
    0x0001, 0x0004, 0x0000, 0x0000, 0x1966, 0x6F72, 0x6365, 0x5F73, 0x7472, 0x7563, 0x7475, 0x7265,
    0x5F61, 0x6C69, 0x676E, 0x6D65, 0x6E74, 0x1000, 0x0000, 0x9666, 0x0000, 0x0010, 0x0000, 0x0000,
    0x0007, 0x2E34, 0x3466, 0x616B, 0x6504, 0x2E65, 0x6F73, 0x0000, 0x0000, 0x960D, 0x0009, 0x0010,
    0x0000, 0x0000, 0x0007, 0x2E34, 0x3466, 0x616B, 0x6506, 0x4869, 0x6C69, 0x7465, 0x0000, 0x0000,
    0x940A, 0x0008, 0x0008, 0x0000, 0x0007, 0x2E34, 0x3566, 0x616B, 0x6500, 0x0000, 0x0094, 0x1200,
    0x0400, 0x0800, 0x0000, 0x0363, 0x6D64, 0x0800, 0x0000, 0x9412, 0x000E, 0x0008, 0x0000, 0x0003,
    0x7061, 0x7210, 0x0000, 0x0094, 0x1200, 0x0E00, 0x1000, 0x0000, 0x036C, 0x656E, 0x0400, 0x0000,
    0x9408, 0x000E, 0x0000, 0x0000, 0x0004, 0x6164, 0x6472, 0x0800, 0x0000, 0x9666, 0x0000, 0x0008,
    0x0000, 0x0000, 0x0007, 0x2E34, 0x3566, 0x616B, 0x6504, 0x2E65, 0x6F73, 0x0000, 0x0000, 0x960D,
    0x0008, 0x0008, 0x0000, 0x0000, 0x0007, 0x2E34, 0x3566, 0x616B, 0x6504, 0x4764, 0x6D61, 0x0000,
    0x0000, 0x940A, 0x0008, 0x0008, 0x0000, 0x0007, 0x2E34, 0x3666, 0x616B, 0x6500, 0x0000, 0x0094,
    0x1200, 0x0400, 0x0800, 0x0000, 0x0363, 0x6D64, 0x0800, 0x0000, 0x9412, 0x0004, 0x0018, 0x0000,
    0x0003, 0x7061, 0x6404, 0x0000, 0x0096, 0x0800, 0x0800, 0x0400, 0x0000, 0x0000, 0x072E, 0x3235,
    0x6661, 0x6B65, 0x0374, 0x7269, 0x0800, 0x0000, 0x9666, 0x0000, 0x0008, 0x0000, 0x0000, 0x0007,
    0x2E34, 0x3666, 0x616B, 0x6504, 0x2E65, 0x6F73, 0x0000, 0x0000, 0x960D, 0x0008, 0x0008, 0x0000,
    0x0000, 0x0007, 0x2E34, 0x3666, 0x616B, 0x6504, 0x4774, 0x7269, 0x0000, 0x0000, 0x940A, 0x0008,
    0x0008, 0x0000, 0x0007, 0x2E34, 0x3766, 0x616B, 0x6500, 0x0000, 0x0094, 0x1200, 0x0400, 0x0800,
    0x0000, 0x0363, 0x6D64, 0x0800, 0x0000, 0x9412, 0x0004, 0x0018, 0x0000, 0x0004, 0x7061, 0x6431,
    0x2000, 0x0000, 0x9412, 0x0004, 0x0018, 0x0000, 0x0004, 0x7061, 0x6432, 0x3800, 0x0000, 0x9412,
    0x000C, 0x0008, 0x0000, 0x0005, 0x7061, 0x7261, 0x6D08, 0x0000, 0x0096, 0x6600, 0x0000, 0x0800,
    0x0000, 0x0000, 0x072E, 0x3437, 0x6661, 0x6B65, 0x042E, 0x656F, 0x7300, 0x0000, 0x0096, 0x0D00,
    0x0800, 0x0800, 0x0000, 0x0000, 0x072E, 0x3437, 0x6661, 0x6B65, 0x0747, 0x706F, 0x706D, 0x7478,
    0x0000, 0x0000, 0x940A, 0x0008, 0x0008, 0x0000, 0x0007, 0x2E34, 0x3866, 0x616B, 0x6500, 0x0000,
    0x0094, 0x1200, 0x0400, 0x0800, 0x0000, 0x0363, 0x6D64, 0x0800, 0x0000, 0x9412, 0x0004, 0x0008,
    0x0000, 0x0004, 0x7061, 0x6430, 0x1000, 0x0000, 0x9412, 0x0004, 0x0008, 0x0000, 0x0008, 0x6D77,
    0x5F69, 0x6E64, 0x6578, 0x1800, 0x0000, 0x9412, 0x0004, 0x0008, 0x0000, 0x0006, 0x6E75, 0x6D62,
    0x6572, 0x2000, 0x0000, 0x9412, 0x0004, 0x0008, 0x0000, 0x0004, 0x7061, 0x6431, 0x2800, 0x0000,
    0x9412, 0x0004, 0x0018, 0x0000, 0x0004, 0x6261, 0x7365, 0x0800, 0x0000, 0x9666, 0x0000, 0x0008,
    0x0000, 0x0000, 0x0007, 0x2E34, 0x3866, 0x616B, 0x6504, 0x2E65, 0x6F73, 0x0000, 0x0000, 0x960D,
    0x0008, 0x0008, 0x0000, 0x0000, 0x0007, 0x2E34, 0x3866, 0x616B, 0x6508, 0x4773, 0x6567, 0x6D65,
    0x6E74, 0x0000, 0x0000, 0x940A, 0x0008, 0x0008, 0x0000, 0x0007, 0x2E34, 0x3966, 0x616B, 0x6500,
    0x0000, 0x0094, 0x1200, 0x0400, 0x0800, 0x0000, 0x0363, 0x6D64, 0x0800, 0x0000, 0x9412, 0x0004,
    0x0008, 0x0000, 0x0004, 0x7061, 0x6430, 0x1000, 0x0000, 0x9412, 0x0004, 0x0008, 0x0000, 0x0003,
    0x7366, 0x7418, 0x0000, 0x0094, 0x1200, 0x0400, 0x0800, 0x0000, 0x036C, 0x656E, 0x2000, 0x0000,
    0x9412, 0x000E, 0x0020, 0x0000, 0x0004, 0x6461, 0x7461, 0x0800, 0x0000, 0x9666, 0x0000, 0x0008,
    0x0000, 0x0000, 0x0007, 0x2E34, 0x3966, 0x616B, 0x6504, 0x2E65, 0x6F73, 0x0000, 0x0000, 0x960D,
    0x0008, 0x0008, 0x0000, 0x0000, 0x0007, 0x2E34, 0x3966, 0x616B, 0x650E, 0x4773, 0x6574, 0x6F74,
    0x6865, 0x726D, 0x6F64, 0x654C, 0x0000, 0x0000, 0x940A, 0x0008, 0x0008, 0x0000, 0x0007, 0x2E35,
    0x3066, 0x616B, 0x6500, 0x0000, 0x0094, 0x1200, 0x0400, 0x0800, 0x0000, 0x0363, 0x6D64, 0x0800,
    0x0000, 0x9412, 0x0004, 0x0008, 0x0000, 0x0004, 0x7061, 0x6430, 0x1000, 0x0000, 0x9412, 0x0004,
    0x0008, 0x0000, 0x0003, 0x7366, 0x7418, 0x0000, 0x0094, 0x1200, 0x0400, 0x0800, 0x0000, 0x036C,
    0x656E, 0x2000, 0x0000, 0x9412, 0x000E, 0x0020, 0x0000, 0x0004, 0x6461, 0x7461, 0x0800, 0x0000,
    0x9666, 0x0000, 0x0008, 0x0000, 0x0000, 0x0007, 0x2E35, 0x3066, 0x616B, 0x6504, 0x2E65, 0x6F73,
    0x0000, 0x0000, 0x960D, 0x0008, 0x0008, 0x0000, 0x0000, 0x0007, 0x2E35, 0x3066, 0x616B, 0x650E,
    0x4773, 0x6574, 0x6F74, 0x6865, 0x726D, 0x6F64, 0x6548, 0x0000, 0x0000, 0x940A, 0x0008, 0x0008,
    0x0000, 0x0007, 0x2E35, 0x3166, 0x616B, 0x6500, 0x0000, 0x0094, 0x0800, 0x0C00, 0x0000, 0x0000,
    0x0363, 0x6D64, 0x0100, 0x0000, 0x9408, 0x000C, 0x0000, 0x0000, 0x0008, 0x6C6F, 0x6473, 0x6361,
    0x6C65, 0x0200, 0x0000, 0x9408, 0x000C, 0x0000, 0x0000, 0x0004, 0x7469, 0x6C65, 0x0300, 0x0000,
    0x9408, 0x000C, 0x0000, 0x0000, 0x0002, 0x6F6E, 0x0400, 0x0000, 0x9408, 0x000D, 0x0000, 0x0000,
    0x0001, 0x7306, 0x0000, 0x0094, 0x0800, 0x0D00, 0x0000, 0x0000, 0x0174, 0x0800, 0x0000, 0x9666,
    0x0000, 0x0008, 0x0000, 0x0000, 0x0007, 0x2E35, 0x3166, 0x616B, 0x6504, 0x2E65, 0x6F73, 0x0000,
    0x0000, 0x960D, 0x0008, 0x0008, 0x0000, 0x0000, 0x0007, 0x2E35, 0x3166, 0x616B, 0x6508, 0x4774,
    0x6578, 0x7475, 0x7265, 0x0000, 0x0000, 0x940A, 0x0008, 0x0008, 0x0000, 0x0007, 0x2E35, 0x3266,
    0x616B, 0x6500, 0x0000, 0x0094, 0x1200, 0x0400, 0x0800, 0x0000, 0x0363, 0x6D64, 0x0800, 0x0000,
    0x9412, 0x0004, 0x0018, 0x0000, 0x0003, 0x7061, 0x6404, 0x0000, 0x0096, 0x0800, 0x0800, 0x0400,
    0x0000, 0x0000, 0x072E, 0x3235, 0x6661, 0x6B65, 0x046C, 0x696E, 0x6508, 0x0000, 0x0096, 0x6600,
    0x0000, 0x0800, 0x0000, 0x0000, 0x072E, 0x3532, 0x6661, 0x6B65, 0x042E, 0x656F, 0x7300, 0x0000,
    0x0096, 0x0D00, 0x0800, 0x0800, 0x0000, 0x0000, 0x072E, 0x3532, 0x6661, 0x6B65, 0x0747, 0x6C69,
    0x6E65, 0x3344, 0x0000, 0x0000, 0x940A, 0x0008, 0x0008, 0x0000, 0x0007, 0x2E35, 0x3366, 0x616B,
    0x6500, 0x0000, 0x0094, 0x1200, 0x0400, 0x0800, 0x0000, 0x0363, 0x6D64, 0x0800, 0x0000, 0x9412,
    0x0004, 0x0018, 0x0000, 0x0004, 0x7061, 0x6431, 0x0400, 0x0000, 0x9408, 0x0003, 0x0000, 0x0000,
    0x0004, 0x7061, 0x6432, 0x0600, 0x0000, 0x9408, 0x0003, 0x0000, 0x0000, 0x0005, 0x7363, 0x616C,
    0x6508, 0x0000, 0x0096, 0x6600, 0x0000, 0x0800, 0x0000, 0x0000, 0x072E, 0x3533, 0x6661, 0x6B65,
    0x042E, 0x656F, 0x7300, 0x0000, 0x0096, 0x0D00, 0x0800, 0x0800, 0x0000, 0x0000, 0x072E, 0x3533,
    0x6661, 0x6B65, 0x0A47, 0x7065, 0x7273, 0x706E, 0x6F72, 0x6D00, 0x0000, 0x0094, 0x0A00, 0x0800,
    0x0800, 0x0000, 0x072E, 0x3534, 0x6661, 0x6B65, 0x0000, 0x0000, 0x9412, 0x0004, 0x0008, 0x0000,
    0x0003, 0x636D, 0x6408, 0x0000, 0x0094, 0x1200, 0x0E00, 0x0300, 0x0000, 0x0366, 0x6D74, 0x0B00,
    0x0000, 0x9412, 0x000E, 0x0002, 0x0000, 0x0003, 0x7369, 0x7A0D, 0x0000, 0x0094, 0x1200, 0x0E00,
    0x0700, 0x0000, 0x0370, 0x6164, 0x1400, 0x0000, 0x9412, 0x000E, 0x000C, 0x0000, 0x0002, 0x7764,
    0x0400, 0x0000, 0x9408, 0x000E, 0x0000, 0x0000, 0x0004, 0x6472, 0x616D, 0x0800, 0x0000, 0x9666,
    0x0000, 0x0008, 0x0000, 0x0000, 0x0007, 0x2E35, 0x3466, 0x616B, 0x6504, 0x2E65, 0x6F73, 0x0000,
    0x0000, 0x960D, 0x0008, 0x0008, 0x0000, 0x0000, 0x0007, 0x2E35, 0x3466, 0x616B, 0x6507, 0x4773,
    0x6574, 0x696D, 0x6700, 0x0000, 0x0094, 0x0A00, 0x0800, 0x0800, 0x0000, 0x072E, 0x3535, 0x6661,
    0x6B65, 0x0000, 0x0000, 0x9412, 0x0004, 0x0008, 0x0000, 0x0003, 0x636D, 0x6408, 0x0000, 0x0094,
    0x1200, 0x0E00, 0x1800, 0x0000, 0x056D, 0x7578, 0x7330, 0x2000, 0x0000, 0x9412, 0x000E, 0x0020,
    0x0000, 0x0005, 0x6D75, 0x7873, 0x3108, 0x0000, 0x0096, 0x6600, 0x0000, 0x0800, 0x0000, 0x0000,
    0x072E, 0x3535, 0x6661, 0x6B65, 0x042E, 0x656F, 0x7300, 0x0000, 0x0096, 0x0D00, 0x0800, 0x0800,
    0x0000, 0x0000, 0x072E, 0x3535, 0x6661, 0x6B65, 0x0B47, 0x7365, 0x7463, 0x6F6D, 0x6269, 0x6E65,
    0x0000, 0x0000, 0x940A, 0x0008, 0x0008, 0x0000, 0x0007, 0x2E35, 0x3666, 0x616B, 0x6500, 0x0000,
    0x0094, 0x1200, 0x0400, 0x0800, 0x0000, 0x0363, 0x6D64, 0x0100, 0x0000, 0x9408, 0x000C, 0x0000,
    0x0000, 0x0003, 0x7061, 0x6402, 0x0000, 0x0094, 0x0800, 0x0C00, 0x0000, 0x0000, 0x0E70, 0x7269,
    0x6D5F, 0x6D69, 0x6E5F, 0x6C65, 0x7665, 0x6C03, 0x0000, 0x0094, 0x0800, 0x0C00, 0x0000, 0x0000,
    0x0A70, 0x7269, 0x6D5F, 0x6C65, 0x7665, 0x6C04, 0x0000, 0x0094, 0x0800, 0x0F00, 0x0000, 0x0000,
    0x0563, 0x6F6C, 0x6F72, 0x0800, 0x0000, 0x9666, 0x0000, 0x0008, 0x0000, 0x0000, 0x0007, 0x2E35,
    0x3666, 0x616B, 0x6504, 0x2E65, 0x6F73, 0x0000, 0x0000, 0x960D, 0x0008, 0x0008, 0x0000, 0x0000,
    0x0007, 0x2E35, 0x3666, 0x616B, 0x6509, 0x4773, 0x6574, 0x636F, 0x6C6F, 0x7200, 0x0000, 0x0094,
    0x0A00, 0x0800, 0x0800, 0x0000, 0x072E, 0x3537, 0x6661, 0x6B65, 0x0000, 0x0000, 0x9412, 0x0004,
    0x0008, 0x0000, 0x0003, 0x636D, 0x6408, 0x0000, 0x0094, 0x1200, 0x0400, 0x0A00, 0x0000, 0x0278,
    0x3012, 0x0000, 0x0094, 0x1200, 0x0400, 0x0200, 0x0000, 0x0678, 0x3066, 0x7261, 0x6314, 0x0000,
    0x0094, 0x1200, 0x0400, 0x0A00, 0x0000, 0x0279, 0x301E, 0x0000, 0x0094, 0x1200, 0x0400, 0x0200,
    0x0000, 0x0679, 0x3066, 0x7261, 0x6320, 0x0000, 0x0094, 0x1200, 0x0E00, 0x0800, 0x0000, 0x0370,
    0x6164, 0x2800, 0x0000, 0x9412, 0x0004, 0x000A, 0x0000, 0x0002, 0x7831, 0x3200, 0x0000, 0x9412,
    0x0004, 0x0002, 0x0000, 0x0006, 0x7831, 0x6672, 0x6163, 0x3400, 0x0000, 0x9412, 0x0004, 0x000A,
    0x0000, 0x0002, 0x7931, 0x3E00, 0x0000, 0x9412, 0x0004, 0x0002, 0x0000, 0x0006, 0x7931, 0x6672,
    0x6163, 0x0800, 0x0000, 0x9666, 0x0000, 0x0008, 0x0000, 0x0000, 0x0007, 0x2E35, 0x3766, 0x616B,
    0x6504, 0x2E65, 0x6F73, 0x0000, 0x0000, 0x960D, 0x0008, 0x0008, 0x0000, 0x0000, 0x0007, 0x2E35,
    0x3766, 0x616B, 0x6509, 0x4766, 0x696C, 0x6C72, 0x6563, 0x7400, 0x0000, 0x0094, 0x0A00, 0x0800,
    0x0800, 0x0000, 0x072E, 0x3538, 0x6661, 0x6B65, 0x0000, 0x0000, 0x9412, 0x0004, 0x0008, 0x0000,
    0x0003, 0x636D, 0x6408, 0x0000, 0x0094, 0x1200, 0x0E00, 0x0300, 0x0000, 0x0366, 0x6D74, 0x0B00,
    0x0000, 0x9412, 0x000E, 0x0002, 0x0000, 0x0003, 0x7369, 0x7A0D, 0x0000, 0x0094, 0x1200, 0x0E00,
    0x0100, 0x0000, 0x0470, 0x6164, 0x300E, 0x0000, 0x0094, 0x1200, 0x0E00, 0x0900, 0x0000, 0x046C,
    0x696E, 0x6517, 0x0000, 0x0094, 0x1200, 0x0E00, 0x0900, 0x0000, 0x0474, 0x6D65, 0x6D20, 0x0000,
    0x0094, 0x1200, 0x0E00, 0x0500, 0x0000, 0x0470, 0x6164, 0x3125, 0x0000, 0x0094, 0x1200, 0x0E00,
    0x0300, 0x0000, 0x0474, 0x696C, 0x6528, 0x0000, 0x0094, 0x1200, 0x0E00, 0x0400, 0x0000, 0x0770,
    0x616C, 0x6574, 0x7465, 0x2C00, 0x0000, 0x9412, 0x000E, 0x0001, 0x0000, 0x0002, 0x6374, 0x2D00,
    0x0000, 0x9412, 0x000E, 0x0001, 0x0000, 0x0002, 0x6D74, 0x2E00, 0x0000, 0x9412, 0x000E, 0x0004,
    0x0000, 0x0005, 0x6D61, 0x736B, 0x7432, 0x0000, 0x0094, 0x1200, 0x0E00, 0x0400, 0x0000, 0x0673,
    0x6869, 0x6674, 0x7436, 0x0000, 0x0094, 0x1200, 0x0E00, 0x0100, 0x0000, 0x0263, 0x7337, 0x0000,
    0x0094, 0x1200, 0x0E00, 0x0100, 0x0000, 0x026D, 0x7338, 0x0000, 0x0094, 0x1200, 0x0E00, 0x0400,
    0x0000, 0x056D, 0x6173, 0x6B73, 0x3C00, 0x0000, 0x9412, 0x000E, 0x0004, 0x0000, 0x0006, 0x7368,
    0x6966, 0x7473, 0x0800, 0x0000, 0x9666, 0x0000, 0x0008, 0x0000, 0x0000, 0x0007, 0x2E35, 0x3866,
    0x616B, 0x6504, 0x2E65, 0x6F73, 0x0000, 0x0000, 0x960D, 0x0008, 0x0008, 0x0000, 0x0000, 0x0007,
    0x2E35, 0x3866, 0x616B, 0x6508, 0x4773, 0x6574, 0x7469, 0x6C65, 0x0000, 0x0000, 0x940A, 0x0008,
    0x0008, 0x0000, 0x0007, 0x2E35, 0x3966, 0x616B, 0x6500, 0x0000, 0x0094, 0x1200, 0x0400, 0x0800,
    0x0000, 0x0363, 0x6D64, 0x0800, 0x0000, 0x9412, 0x000E, 0x000C, 0x0000, 0x0002, 0x736C, 0x1400,
    0x0000, 0x9412, 0x000E, 0x000C, 0x0000, 0x0002, 0x746C, 0x2000, 0x0000, 0x9412, 0x0004, 0x0005,
    0x0000, 0x0003, 0x7061, 0x6425, 0x0000, 0x0094, 0x1200, 0x0E00, 0x0300, 0x0000, 0x0474, 0x696C,
    0x6528, 0x0000, 0x0094, 0x1200, 0x0E00, 0x0C00, 0x0000, 0x0273, 0x6834, 0x0000, 0x0094, 0x1200,
    0x0E00, 0x0C00, 0x0000, 0x0274, 0x6808, 0x0000, 0x0096, 0x6600, 0x0000, 0x0800, 0x0000, 0x0000,
    0x072E, 0x3539, 0x6661, 0x6B65, 0x042E, 0x656F, 0x7300, 0x0000, 0x0096, 0x0D00, 0x0800, 0x0800,
    0x0000, 0x0000, 0x072E, 0x3539, 0x6661, 0x6B65, 0x0947, 0x6C6F, 0x6164, 0x7469, 0x6C65, 0x0000,
    0x0000, 0x960D, 0x0008, 0x0008, 0x0000, 0x0000, 0x0007, 0x2E35, 0x3966, 0x616B, 0x650A, 0x476C,
    0x6F61, 0x6462, 0x6C6F, 0x636B, 0x0000, 0x0000, 0x960D, 0x0008, 0x0008, 0x0000, 0x0000, 0x0007,
    0x2E35, 0x3966, 0x616B, 0x650C, 0x4773, 0x6574, 0x7469, 0x6C65, 0x7369, 0x7A65, 0x0000, 0x0000,
    0x960D, 0x0008, 0x0008, 0x0000, 0x0000, 0x0007, 0x2E35, 0x3966, 0x616B, 0x6509, 0x476C, 0x6F61,
    0x6474, 0x6C75, 0x7400, 0x0000, 0x0094, 0x0A00, 0x0800, 0x1000, 0x0000, 0x072E, 0x3630, 0x6661,
    0x6B65, 0x0000, 0x0000, 0x9412, 0x000E, 0x0008, 0x0000, 0x0003, 0x636D, 0x6408, 0x0000, 0x0094,
    0x1200, 0x0E00, 0x0C00, 0x0000, 0x0278, 0x6C14, 0x0000, 0x0094, 0x1200, 0x0E00, 0x0C00, 0x0000,
    0x0279, 0x6C20, 0x0000, 0x0094, 0x1200, 0x0E00, 0x0500, 0x0000, 0x0470, 0x6164, 0x3125, 0x0000,
    0x0094, 0x1200, 0x0E00, 0x0300, 0x0000, 0x0474, 0x696C, 0x6528, 0x0000, 0x0094, 0x1200, 0x0E00,
    0x0C00, 0x0000, 0x0278, 0x6834, 0x0000, 0x0094, 0x1200, 0x0E00, 0x0C00, 0x0000, 0x0279, 0x6840,
    0x0000, 0x0094, 0x1200, 0x0E00, 0x1000, 0x0000, 0x0173, 0x5000, 0x0000, 0x9412, 0x000E, 0x0010,
    0x0000, 0x0001, 0x7460, 0x0000, 0x0094, 0x1200, 0x0E00, 0x1000, 0x0000, 0x0464, 0x7364, 0x7870,
    0x0000, 0x0094, 0x1200, 0x0E00, 0x1000, 0x0000, 0x0464, 0x7464, 0x7910, 0x0000, 0x0096, 0x6600,
    0x0000, 0x1000, 0x0000, 0x0000, 0x072E, 0x3630, 0x6661, 0x6B65, 0x042E, 0x656F, 0x7300, 0x0000,
    0x0096, 0x0D00, 0x0800, 0x1000, 0x0000, 0x0000, 0x072E, 0x3630, 0x6661, 0x6B65, 0x0847, 0x7465,
    0x7872, 0x6563, 0x7400, 0x0000, 0x0094, 0x0A00, 0x0800, 0x1000, 0x0000, 0x072E, 0x3631, 0x6661,
    0x6B65, 0x0000, 0x0000, 0x9408, 0x000F, 0x0000, 0x0000, 0x0002, 0x7730, 0x0400, 0x0000, 0x9408,
    0x000F, 0x0000, 0x0000, 0x0002, 0x7731, 0x0800, 0x0000, 0x9408, 0x000F, 0x0000, 0x0000, 0x0002,
    0x7732, 0x0C00, 0x0000, 0x9408, 0x000F, 0x0000, 0x0000, 0x0002, 0x7733, 0x1000, 0x0000, 0x9666,
    0x0000, 0x0010, 0x0000, 0x0000, 0x0007, 0x2E36, 0x3166, 0x616B, 0x6504, 0x2E65, 0x6F73, 0x0000,
    0x0000, 0x960D, 0x0008, 0x0010, 0x0000, 0x0000, 0x0007, 0x2E36, 0x3166, 0x616B, 0x6507, 0x5465,
    0x7852, 0x6563, 0x7400, 0x0000, 0x0094, 0x0A00, 0x0800, 0x0800, 0x0000, 0x072E, 0x3632, 0x6661,
    0x6B65, 0x0000, 0x0000, 0x9408, 0x000E, 0x0000, 0x0000, 0x0002, 0x7730, 0x0400, 0x0000, 0x9408,
    0x000E, 0x0000, 0x0000, 0x0002, 0x7731, 0x0800, 0x0000, 0x9666, 0x0000, 0x0008, 0x0000, 0x0000,
    0x0007, 0x2E36, 0x3266, 0x616B, 0x6504, 0x2E65, 0x6F73, 0x0000, 0x0000, 0x960D, 0x0008, 0x0008,
    0x0000, 0x0000, 0x0007, 0x2E36, 0x3266, 0x616B, 0x6506, 0x4777, 0x6F72, 0x6473, 0x0000, 0x0000,
    0x940C, 0x0009, 0x0008, 0x0000, 0x0007, 0x2E36, 0x3366, 0x616B, 0x6500, 0x0000, 0x0096, 0x0B00,
    0x0800, 0x0800, 0x0000, 0x0000, 0x072E, 0x3632, 0x6661, 0x6B65, 0x0577, 0x6F72, 0x6473, 0x0000,
    0x0000, 0x960B, 0x0008, 0x0008, 0x0000, 0x0000, 0x0007, 0x2E34, 0x3566, 0x616B, 0x6503, 0x646D,
    0x6100, 0x0000, 0x0096, 0x0B00, 0x0800, 0x0800, 0x0000, 0x0000, 0x072E, 0x3436, 0x6661, 0x6B65,
    0x0374, 0x7269, 0x0000, 0x0000, 0x960B, 0x0008, 0x0008, 0x0000, 0x0000, 0x0007, 0x2E35, 0x3266,
    0x616B, 0x6504, 0x6C69, 0x6E65, 0x0000, 0x0000, 0x960B, 0x0008, 0x0008, 0x0000, 0x0000, 0x0007,
    0x2E34, 0x3766, 0x616B, 0x6506, 0x706F, 0x706D, 0x7478, 0x0000, 0x0000, 0x960B, 0x0008, 0x0008,
    0x0000, 0x0000, 0x0007, 0x2E34, 0x3866, 0x616B, 0x6507, 0x7365, 0x676D, 0x656E, 0x7400, 0x0000,
    0x0096, 0x0B00, 0x0800, 0x0800, 0x0000, 0x0000, 0x072E, 0x3530, 0x6661, 0x6B65, 0x0D73, 0x6574,
    0x6F74, 0x6865, 0x726D, 0x6F64, 0x6548, 0x0000, 0x0000, 0x960B, 0x0008, 0x0008, 0x0000, 0x0000,
    0x0007, 0x2E34, 0x3966, 0x616B, 0x650D, 0x7365, 0x746F, 0x7468, 0x6572, 0x6D6F, 0x6465, 0x4C00,
    0x0000, 0x0096, 0x0B00, 0x0800, 0x0800, 0x0000, 0x0000, 0x072E, 0x3531, 0x6661, 0x6B65, 0x0774,
    0x6578, 0x7475, 0x7265, 0x0000, 0x0000, 0x960B, 0x0008, 0x0008, 0x0000, 0x0000, 0x0007, 0x2E35,
    0x3366, 0x616B, 0x6509, 0x7065, 0x7273, 0x706E, 0x6F72, 0x6D00, 0x0000, 0x0096, 0x0B00, 0x0800,
    0x0800, 0x0000, 0x0000, 0x072E, 0x3534, 0x6661, 0x6B65, 0x0673, 0x6574, 0x696D, 0x6700, 0x0000,
    0x0096, 0x0B00, 0x0800, 0x0800, 0x0000, 0x0000, 0x072E, 0x3535, 0x6661, 0x6B65, 0x0A73, 0x6574,
    0x636F, 0x6D62, 0x696E, 0x6500, 0x0000, 0x0096, 0x0B00, 0x0800, 0x0800, 0x0000, 0x0000, 0x072E,
    0x3536, 0x6661, 0x6B65, 0x0873, 0x6574, 0x636F, 0x6C6F, 0x7200, 0x0000, 0x0096, 0x0B00, 0x0800,
    0x0800, 0x0000, 0x0000, 0x072E, 0x3537, 0x6661, 0x6B65, 0x0866, 0x696C, 0x6C72, 0x6563, 0x7400,
    0x0000, 0x0096, 0x0B00, 0x0800, 0x0800, 0x0000, 0x0000, 0x072E, 0x3538, 0x6661, 0x6B65, 0x0773,
    0x6574, 0x7469, 0x6C65, 0x0000, 0x0000, 0x960B, 0x0008, 0x0008, 0x0000, 0x0000, 0x0007, 0x2E35,
    0x3966, 0x616B, 0x6508, 0x6C6F, 0x6164, 0x7469, 0x6C65, 0x0000, 0x0000, 0x960B, 0x0008, 0x0008,
    0x0000, 0x0000, 0x0007, 0x2E35, 0x3966, 0x616B, 0x650B, 0x7365, 0x7474, 0x696C, 0x6573, 0x697A,
    0x6500, 0x0000, 0x0096, 0x0B00, 0x0800, 0x0800, 0x0000, 0x0000, 0x072E, 0x3539, 0x6661, 0x6B65,
    0x086C, 0x6F61, 0x6474, 0x6C75, 0x7400, 0x0000, 0x0094, 0x0B00, 0x0500, 0x0000, 0x0000, 0x1966,
    0x6F72, 0x6365, 0x5F73, 0x7472, 0x7563, 0x7475, 0x7265, 0x5F61, 0x6C69, 0x676E, 0x6D65, 0x6E74,
    0x0800, 0x0000, 0x9666, 0x0000, 0x0008, 0x0000, 0x0000, 0x0007, 0x2E36, 0x3366, 0x616B, 0x6504,
    0x2E65, 0x6F73, 0x0000, 0x0000, 0x960D, 0x0009, 0x0008, 0x0000, 0x0000, 0x0007, 0x2E36, 0x3366,
    0x616B, 0x6503, 0x4766, 0x7800, 0x0000, 0x0094, 0x0A00, 0x0800, 0x0800, 0x0000, 0x072E, 0x3634,
    0x6661, 0x6B65, 0x0000, 0x0000, 0x9412, 0x000E, 0x0008, 0x0000, 0x0003, 0x636D, 0x6408, 0x0000,
    0x0094, 0x1200, 0x0E00, 0x0800, 0x0000, 0x0566, 0x6C61, 0x6773, 0x1000, 0x0000, 0x9412, 0x000E,
    0x0010, 0x0000, 0x0004, 0x6761, 0x696E, 0x0400, 0x0000, 0x9408, 0x000E, 0x0000, 0x0000, 0x0004,
    0x6164, 0x6472, 0x0800, 0x0000, 0x9666, 0x0000, 0x0008, 0x0000, 0x0000, 0x0007, 0x2E36, 0x3466,
    0x616B, 0x6504, 0x2E65, 0x6F73, 0x0000, 0x0000, 0x960D, 0x0008, 0x0008, 0x0000, 0x0000, 0x0007,
    0x2E36, 0x3466, 0x616B, 0x6506, 0x4161, 0x6470, 0x636D, 0x0000, 0x0000, 0x940A, 0x0008, 0x0008,
    0x0000, 0x0007, 0x2E36, 0x3566, 0x616B, 0x6500, 0x0000, 0x0094, 0x1200, 0x0E00, 0x0800, 0x0000,
    0x0363, 0x6D64, 0x0800, 0x0000, 0x9412, 0x000E, 0x0008, 0x0000, 0x0005, 0x666C, 0x6167, 0x7310,
    0x0000, 0x0094, 0x1200, 0x0E00, 0x1000, 0x0000, 0x0467, 0x6169, 0x6E04, 0x0000, 0x0094, 0x0800,
    0x0E00, 0x0000, 0x0000, 0x0461, 0x6464, 0x7208, 0x0000, 0x0096, 0x6600, 0x0000, 0x0800, 0x0000,
    0x0000, 0x072E, 0x3635, 0x6661, 0x6B65, 0x042E, 0x656F, 0x7300, 0x0000, 0x0096, 0x0D00, 0x0800,
    0x0800, 0x0000, 0x0000, 0x072E, 0x3635, 0x6661, 0x6B65, 0x0641, 0x706F, 0x6C65, 0x6600, 0x0000,
    0x0094, 0x0A00, 0x0800, 0x0800, 0x0000, 0x072E, 0x3636, 0x6661, 0x6B65, 0x0000, 0x0000, 0x9412,
    0x000E, 0x0008, 0x0000, 0x0003, 0x636D, 0x6408, 0x0000, 0x0094, 0x1200, 0x0E00, 0x0800, 0x0000,
    0x0566, 0x6C61, 0x6773, 0x1000, 0x0000, 0x9412, 0x000E, 0x0010, 0x0000, 0x0004, 0x7061, 0x6431,
    0x0400, 0x0000, 0x9408, 0x000E, 0x0000, 0x0000, 0x0004, 0x6164, 0x6472, 0x0800, 0x0000, 0x9666,
    0x0000, 0x0008, 0x0000, 0x0000, 0x0007, 0x2E36, 0x3666, 0x616B, 0x6504, 0x2E65, 0x6F73, 0x0000,
    0x0000, 0x960D, 0x0008, 0x0008, 0x0000, 0x0000, 0x0007, 0x2E36, 0x3666, 0x616B, 0x6509, 0x4165,
    0x6E76, 0x656C, 0x6F70, 0x6500, 0x0000, 0x0094, 0x0A00, 0x0800, 0x0800, 0x0000, 0x072E, 0x3637,
    0x6661, 0x6B65, 0x0000, 0x0000, 0x9412, 0x000E, 0x0008, 0x0000, 0x0003, 0x636D, 0x6408, 0x0000,
    0x0094, 0x1200, 0x0E00, 0x0800, 0x0000, 0x0470, 0x6164, 0x3110, 0x0000, 0x0094, 0x1200, 0x0E00,
    0x1000, 0x0000, 0x0464, 0x6D65, 0x6D20, 0x0000, 0x0094, 0x1200, 0x0E00, 0x1000, 0x0000, 0x0470,
    0x6164, 0x3230, 0x0000, 0x0094, 0x1200, 0x0E00, 0x1000, 0x0000, 0x0563, 0x6F75, 0x6E74, 0x0800,
    0x0000, 0x9666, 0x0000, 0x0008, 0x0000, 0x0000, 0x0007, 0x2E36, 0x3766, 0x616B, 0x6504, 0x2E65,
    0x6F73, 0x0000, 0x0000, 0x960D, 0x0008, 0x0008, 0x0000, 0x0000, 0x0007, 0x2E36, 0x3766, 0x616B,
    0x650A, 0x4163, 0x6C65, 0x6172, 0x6275, 0x6666, 0x0000, 0x0000, 0x940A, 0x0008, 0x0008, 0x0000,
    0x0007, 0x2E36, 0x3866, 0x616B, 0x6500, 0x0000, 0x0094, 0x1200, 0x0E00, 0x0800, 0x0000, 0x0363,
    0x6D64, 0x0800, 0x0000, 0x9412, 0x000E, 0x0008, 0x0000, 0x0004, 0x7061, 0x6431, 0x1000, 0x0000,
    0x9412, 0x000E, 0x0010, 0x0000, 0x0004, 0x7061, 0x6432, 0x2000, 0x0000, 0x9412, 0x000E, 0x0010,
    0x0000, 0x0003, 0x696E, 0x4C30, 0x0000, 0x0094, 0x1200, 0x0E00, 0x1000, 0x0000, 0x0369, 0x6E52,
    0x0800, 0x0000, 0x9666, 0x0000, 0x0008, 0x0000, 0x0000, 0x0007, 0x2E36, 0x3866, 0x616B, 0x6504,
    0x2E65, 0x6F73, 0x0000, 0x0000, 0x960D, 0x0008, 0x0008, 0x0000, 0x0000, 0x0007, 0x2E36, 0x3866,
    0x616B, 0x650B, 0x4169, 0x6E74, 0x6572, 0x6C65, 0x6176, 0x6500, 0x0000, 0x0094, 0x0A00, 0x0800,
    0x0800, 0x0000, 0x072E, 0x3639, 0x6661, 0x6B65, 0x0000, 0x0000, 0x9412, 0x000E, 0x0008, 0x0000,
    0x0003, 0x636D, 0x6408, 0x0000, 0x0094, 0x1200, 0x0E00, 0x1800, 0x0000, 0x0470, 0x6164, 0x3104,
    0x0000, 0x0094, 0x0800, 0x0E00, 0x0000, 0x0000, 0x0461, 0x6464, 0x7208, 0x0000, 0x0096, 0x6600,
    0x0000, 0x0800, 0x0000, 0x0000, 0x072E, 0x3639, 0x6661, 0x6B65, 0x042E, 0x656F, 0x7300, 0x0000,
    0x0096, 0x0D00, 0x0800, 0x0800, 0x0000, 0x0000, 0x072E, 0x3639, 0x6661, 0x6B65, 0x0941, 0x6C6F,
    0x6164, 0x6275, 0x6666, 0x0000, 0x0000, 0x940A, 0x0008, 0x0008, 0x0000, 0x0007, 0x2E37, 0x3066,
    0x616B, 0x6500, 0x0000, 0x0094, 0x1200, 0x0E00, 0x0800, 0x0000, 0x0363, 0x6D64, 0x0800, 0x0000,
    0x9412, 0x000E, 0x0008, 0x0000, 0x0005, 0x666C, 0x6167, 0x7310, 0x0000, 0x0094, 0x1200, 0x0E00,
    0x1000, 0x0000, 0x0470, 0x6164, 0x3104, 0x0000, 0x0094, 0x0800, 0x0E00, 0x0000, 0x0000, 0x0461,
    0x6464, 0x7208, 0x0000, 0x0096, 0x6600, 0x0000, 0x0800, 0x0000, 0x0000, 0x072E, 0x3730, 0x6661,
    0x6B65, 0x042E, 0x656F, 0x7300, 0x0000, 0x0096, 0x0D00, 0x0800, 0x0800, 0x0000, 0x0000, 0x072E,
    0x3730, 0x6661, 0x6B65, 0x0941, 0x656E, 0x766D, 0x6978, 0x6572, 0x0000, 0x0000, 0x940A, 0x0008,
    0x0008, 0x0000, 0x0007, 0x2E37, 0x3166, 0x616B, 0x6500, 0x0000, 0x0094, 0x1200, 0x0E00, 0x0800,
    0x0000, 0x0363, 0x6D64, 0x0800, 0x0000, 0x9412, 0x000E, 0x0008, 0x0000, 0x0005, 0x666C, 0x6167,
    0x7310, 0x0000, 0x0094, 0x1200, 0x0E00, 0x1000, 0x0000, 0x0467, 0x6169, 0x6E20, 0x0000, 0x0094,
    0x1200, 0x0E00, 0x1000, 0x0000, 0x0564, 0x6D65, 0x6D69, 0x3000, 0x0000, 0x9412, 0x000E, 0x0010,
    0x0000, 0x0005, 0x646D, 0x656D, 0x6F08, 0x0000, 0x0096, 0x6600, 0x0000, 0x0800, 0x0000, 0x0000,
    0x072E, 0x3731, 0x6661, 0x6B65, 0x042E, 0x656F, 0x7300, 0x0000, 0x0096, 0x0D00, 0x0800, 0x0800,
    0x0000, 0x0000, 0x072E, 0x3731, 0x6661, 0x6B65, 0x0641, 0x6D69, 0x7865, 0x7200, 0x0000, 0x0094,
    0x0A00, 0x0800, 0x0800, 0x0000, 0x072E, 0x3732, 0x6661, 0x6B65, 0x0000, 0x0000, 0x9412, 0x000E,
    0x0008, 0x0000, 0x0003, 0x636D, 0x6408, 0x0000, 0x0094, 0x1200, 0x0E00, 0x0800, 0x0000, 0x0566,
    0x6C61, 0x6773, 0x1000, 0x0000, 0x9412, 0x000E, 0x0010, 0x0000, 0x0005, 0x646D, 0x656D, 0x3204,
    0x0000, 0x0094, 0x0800, 0x0E00, 0x0000, 0x0000, 0x0461, 0x6464, 0x7208, 0x0000, 0x0096, 0x6600,
    0x0000, 0x0800, 0x0000, 0x0000, 0x072E, 0x3732, 0x6661, 0x6B65, 0x042E, 0x656F, 0x7300, 0x0000,
    0x0096, 0x0D00, 0x0800, 0x0800, 0x0000, 0x0000, 0x072E, 0x3732, 0x6661, 0x6B65, 0x0441, 0x7061,
    0x6E00, 0x0000, 0x0094, 0x0A00, 0x0800, 0x0800, 0x0000, 0x072E, 0x3733, 0x6661, 0x6B65, 0x0000,
    0x0000, 0x9412, 0x000E, 0x0008, 0x0000, 0x0003, 0x636D, 0x6408, 0x0000, 0x0094, 0x1200, 0x0E00,
    0x0800, 0x0000, 0x0566, 0x6C61, 0x6773, 0x1000, 0x0000, 0x9412, 0x000E, 0x0010, 0x0000, 0x0005,
    0x7069, 0x7463, 0x6804, 0x0000, 0x0094, 0x0800, 0x0E00, 0x0000, 0x0000, 0x0461, 0x6464, 0x7208,
    0x0000, 0x0096, 0x6600, 0x0000, 0x0800, 0x0000, 0x0000, 0x072E, 0x3733, 0x6661, 0x6B65, 0x042E,
    0x656F, 0x7300, 0x0000, 0x0096, 0x0D00, 0x0800, 0x0800, 0x0000, 0x0000, 0x072E, 0x3733, 0x6661,
    0x6B65, 0x0941, 0x7265, 0x7361, 0x6D70, 0x6C65, 0x0000, 0x0000, 0x940A, 0x0008, 0x0008, 0x0000,
    0x0007, 0x2E37, 0x3466, 0x616B, 0x6500, 0x0000, 0x0094, 0x1200, 0x0E00, 0x0800, 0x0000, 0x0363,
    0x6D64, 0x0800, 0x0000, 0x9412, 0x000E, 0x0008, 0x0000, 0x0005, 0x666C, 0x6167, 0x7310, 0x0000,
    0x0094, 0x1200, 0x0E00, 0x1000, 0x0000, 0x0470, 0x6164, 0x3104, 0x0000, 0x0094, 0x0800, 0x0E00,
    0x0000, 0x0000, 0x0461, 0x6464, 0x7208, 0x0000, 0x0096, 0x6600, 0x0000, 0x0800, 0x0000, 0x0000,
    0x072E, 0x3734, 0x6661, 0x6B65, 0x042E, 0x656F, 0x7300, 0x0000, 0x0096, 0x0D00, 0x0800, 0x0800,
    0x0000, 0x0000, 0x072E, 0x3734, 0x6661, 0x6B65, 0x0741, 0x7265, 0x7665, 0x7262, 0x0000, 0x0000,
    0x940A, 0x0008, 0x0008, 0x0000, 0x0007, 0x2E37, 0x3566, 0x616B, 0x6500, 0x0000, 0x0094, 0x1200,
    0x0E00, 0x0800, 0x0000, 0x0363, 0x6D64, 0x0800, 0x0000, 0x9412, 0x000E, 0x0018, 0x0000, 0x0004,
    0x7061, 0x6431, 0x0400, 0x0000, 0x9408, 0x000E, 0x0000, 0x0000, 0x0004, 0x6164, 0x6472, 0x0800,
    0x0000, 0x9666, 0x0000, 0x0008, 0x0000, 0x0000, 0x0007, 0x2E37, 0x3566, 0x616B, 0x6504, 0x2E65,
    0x6F73, 0x0000, 0x0000, 0x960D, 0x0008, 0x0008, 0x0000, 0x0000, 0x0007, 0x2E37, 0x3566, 0x616B,
    0x6509, 0x4173, 0x6176, 0x6562, 0x7566, 0x6600, 0x0000, 0x0094, 0x0A00, 0x0800, 0x0800, 0x0000,
    0x072E, 0x3736, 0x6661, 0x6B65, 0x0000, 0x0000, 0x9412, 0x000E, 0x0008, 0x0000, 0x0003, 0x636D,
    0x6408, 0x0000, 0x0094, 0x1200, 0x0E00, 0x1800, 0x0000, 0x0470, 0x6164, 0x3120, 0x0000, 0x0094,
    0x1200, 0x0E00, 0x0200, 0x0000, 0x0470, 0x6164, 0x3222, 0x0000, 0x0094, 0x1200, 0x0E00, 0x0400,
    0x0000, 0x066E, 0x756D, 0x6265, 0x7226, 0x0000, 0x0094, 0x1200, 0x0E00, 0x1800, 0x0000, 0x0462,
    0x6173, 0x6508, 0x0000, 0x0096, 0x6600, 0x0000, 0x0800, 0x0000, 0x0000, 0x072E, 0x3736, 0x6661,
    0x6B65, 0x042E, 0x656F, 0x7300, 0x0000, 0x0096, 0x0D00, 0x0800, 0x0800, 0x0000, 0x0000, 0x072E,
    0x3736, 0x6661, 0x6B65, 0x0841, 0x7365, 0x676D, 0x656E, 0x7400, 0x0000, 0x0094, 0x0A00, 0x0800,
    0x0800, 0x0000, 0x072E, 0x3737, 0x6661, 0x6B65, 0x0000, 0x0000, 0x9412, 0x000E, 0x0008, 0x0000,
    0x0003, 0x636D, 0x6408, 0x0000, 0x0094, 0x1200, 0x0E00, 0x0800, 0x0000, 0x0566, 0x6C61, 0x6773,
    0x1000, 0x0000, 0x9412, 0x000E, 0x0010, 0x0000, 0x0006, 0x646D, 0x656D, 0x696E, 0x2000, 0x0000,
    0x9412, 0x000E, 0x0010, 0x0000, 0x0007, 0x646D, 0x656D, 0x6F75, 0x7430, 0x0000, 0x0094, 0x1200,
    0x0E00, 0x1000, 0x0000, 0x0563, 0x6F75, 0x6E74, 0x0800, 0x0000, 0x9666, 0x0000, 0x0008, 0x0000,
    0x0000, 0x0007, 0x2E37, 0x3766, 0x616B, 0x6504, 0x2E65, 0x6F73, 0x0000, 0x0000, 0x960D, 0x0008,
    0x0008, 0x0000, 0x0000, 0x0007, 0x2E37, 0x3766, 0x616B, 0x6508, 0x4173, 0x6574, 0x6275, 0x6666,
    0x0000, 0x0000, 0x940A, 0x0008, 0x0008, 0x0000, 0x0007, 0x2E37, 0x3866, 0x616B, 0x6500, 0x0000,
    0x0094, 0x1200, 0x0E00, 0x0800, 0x0000, 0x0363, 0x6D64, 0x0800, 0x0000, 0x9412, 0x000E, 0x0008,
    0x0000, 0x0005, 0x666C, 0x6167, 0x7310, 0x0000, 0x0094, 0x1200, 0x0E00, 0x1000, 0x0000, 0x0376,
    0x6F6C, 0x2000, 0x0000, 0x9412, 0x000E, 0x0010, 0x0000, 0x0006, 0x766F, 0x6C74, 0x6774, 0x3000,
    0x0000, 0x9412, 0x000E, 0x0010, 0x0000, 0x0007, 0x766F, 0x6C72, 0x6174, 0x6508, 0x0000, 0x0096,
    0x6600, 0x0000, 0x0800, 0x0000, 0x0000, 0x072E, 0x3738, 0x6661, 0x6B65, 0x042E, 0x656F, 0x7300,
    0x0000, 0x0096, 0x0D00, 0x0800, 0x0800, 0x0000, 0x0000, 0x072E, 0x3738, 0x6661, 0x6B65, 0x0741,
    0x7365, 0x7476, 0x6F6C, 0x0000, 0x0000, 0x940A, 0x0008, 0x0008, 0x0000, 0x0007, 0x2E37, 0x3966,
    0x616B, 0x6500, 0x0000, 0x0094, 0x1200, 0x0E00, 0x0800, 0x0000, 0x0363, 0x6D64, 0x0800, 0x0000,
    0x9412, 0x000E, 0x0008, 0x0000, 0x0004, 0x7061, 0x6431, 0x1000, 0x0000, 0x9412, 0x000E, 0x0010,
    0x0000, 0x0006, 0x646D, 0x656D, 0x696E, 0x2000, 0x0000, 0x9412, 0x000E, 0x0010, 0x0000, 0x0007,
    0x646D, 0x656D, 0x6F75, 0x7430, 0x0000, 0x0094, 0x1200, 0x0E00, 0x1000, 0x0000, 0x0563, 0x6F75,
    0x6E74, 0x0800, 0x0000, 0x9666, 0x0000, 0x0008, 0x0000, 0x0000, 0x0007, 0x2E37, 0x3966, 0x616B,
    0x6504, 0x2E65, 0x6F73, 0x0000, 0x0000, 0x960D, 0x0008, 0x0008, 0x0000, 0x0000, 0x0007, 0x2E37,
    0x3966, 0x616B, 0x6509, 0x4164, 0x6D65, 0x6D6D, 0x6F76, 0x6500, 0x0000, 0x0094, 0x0A00, 0x0800,
    0x0800, 0x0000, 0x072E, 0x3830, 0x6661, 0x6B65, 0x0000, 0x0000, 0x9412, 0x000E, 0x0008, 0x0000,
    0x0003, 0x636D, 0x6408, 0x0000, 0x0094, 0x1200, 0x0E00, 0x0800, 0x0000, 0x0470, 0x6164, 0x3110,
    0x0000, 0x0094, 0x1200, 0x0E00, 0x1000, 0x0000, 0x0563, 0x6F75, 0x6E74, 0x0400, 0x0000, 0x9408,
    0x000E, 0x0000, 0x0000, 0x0004, 0x6164, 0x6472, 0x0800, 0x0000, 0x9666, 0x0000, 0x0008, 0x0000,
    0x0000, 0x0007, 0x2E38, 0x3066, 0x616B, 0x6504, 0x2E65, 0x6F73, 0x0000, 0x0000, 0x960D, 0x0008,
    0x0008, 0x0000, 0x0000, 0x0007, 0x2E38, 0x3066, 0x616B, 0x650A, 0x416C, 0x6F61, 0x6461, 0x6470,
    0x636D, 0x0000, 0x0000, 0x940A, 0x0008, 0x0008, 0x0000, 0x0007, 0x2E38, 0x3166, 0x616B, 0x6500,
    0x0000, 0x0094, 0x1200, 0x0E00, 0x0800, 0x0000, 0x0363, 0x6D64, 0x0800, 0x0000, 0x9412, 0x000E,
    0x0008, 0x0000, 0x0004, 0x7061, 0x6431, 0x1000, 0x0000, 0x9412, 0x000E, 0x0010, 0x0000, 0x0004,
    0x7061, 0x6432, 0x0400, 0x0000, 0x9408, 0x000E, 0x0000, 0x0000, 0x0004, 0x6164, 0x6472, 0x0800,
    0x0000, 0x9666, 0x0000, 0x0008, 0x0000, 0x0000, 0x0007, 0x2E38, 0x3166, 0x616B, 0x6504, 0x2E65,
    0x6F73, 0x0000, 0x0000, 0x960D, 0x0008, 0x0008, 0x0000, 0x0000, 0x0007, 0x2E38, 0x3166, 0x616B,
    0x6508, 0x4173, 0x6574, 0x6C6F, 0x6F70, 0x0000, 0x0000, 0x940A, 0x0008, 0x0008, 0x0000, 0x0007,
    0x2E38, 0x3266, 0x616B, 0x6500, 0x0000, 0x0094, 0x0800, 0x0E00, 0x0000, 0x0000, 0x0277, 0x3004,
    0x0000, 0x0094, 0x0800, 0x0E00, 0x0000, 0x0000, 0x0277, 0x3108, 0x0000, 0x0096, 0x6600, 0x0000,
    0x0800, 0x0000, 0x0000, 0x072E, 0x3832, 0x6661, 0x6B65, 0x042E, 0x656F, 0x7300, 0x0000, 0x0096,
    0x0D00, 0x0800, 0x0800, 0x0000, 0x0000, 0x072E, 0x3832, 0x6661, 0x6B65, 0x0641, 0x776F, 0x7264,
    0x7300, 0x0000, 0x0094, 0x0C00, 0x0900, 0x0800, 0x0000, 0x072E, 0x3833, 0x6661, 0x6B65, 0x0000,
    0x0000, 0x960B, 0x0008, 0x0008, 0x0000, 0x0000, 0x0007, 0x2E38, 0x3266, 0x616B, 0x6505, 0x776F,
    0x7264, 0x7300, 0x0000, 0x0096, 0x0B00, 0x0800, 0x0800, 0x0000, 0x0000, 0x072E, 0x3634, 0x6661,
    0x6B65, 0x0561, 0x6470, 0x636D, 0x0000, 0x0000, 0x960B, 0x0008, 0x0008, 0x0000, 0x0000, 0x0007,
    0x2E36, 0x3566, 0x616B, 0x6505, 0x706F, 0x6C65, 0x6600, 0x0000, 0x0096, 0x0B00, 0x0800, 0x0800,
    0x0000, 0x0000, 0x072E, 0x3637, 0x6661, 0x6B65, 0x0963, 0x6C65, 0x6172, 0x6275, 0x6666, 0x0000,
    0x0000, 0x960B, 0x0008, 0x0008, 0x0000, 0x0000, 0x0007, 0x2E36, 0x3666, 0x616B, 0x6508, 0x656E,
    0x7665, 0x6C6F, 0x7065, 0x0000, 0x0000, 0x960B, 0x0008, 0x0008, 0x0000, 0x0000, 0x0007, 0x2E36,
    0x3866, 0x616B, 0x650A, 0x696E, 0x7465, 0x726C, 0x6561, 0x7665, 0x0000, 0x0000, 0x960B, 0x0008,
    0x0008, 0x0000, 0x0000, 0x0007, 0x2E36, 0x3966, 0x616B, 0x6508, 0x6C6F, 0x6164, 0x6275, 0x6666,
    0x0000, 0x0000, 0x960B, 0x0008, 0x0008, 0x0000, 0x0000, 0x0007, 0x2E37, 0x3066, 0x616B, 0x6508,
    0x656E, 0x766D, 0x6978, 0x6572, 0x0000, 0x0000, 0x960B, 0x0008, 0x0008, 0x0000, 0x0000, 0x0007,
    0x2E37, 0x3366, 0x616B, 0x6508, 0x7265, 0x7361, 0x6D70, 0x6C65, 0x0000, 0x0000, 0x960B, 0x0008,
    0x0008, 0x0000, 0x0000, 0x0007, 0x2E37, 0x3466, 0x616B, 0x6506, 0x7265, 0x7665, 0x7262, 0x0000,
    0x0000, 0x960B, 0x0008, 0x0008, 0x0000, 0x0000, 0x0007, 0x2E37, 0x3566, 0x616B, 0x6508, 0x7361,
    0x7665, 0x6275, 0x6666, 0x0000, 0x0000, 0x960B, 0x0008, 0x0008, 0x0000, 0x0000, 0x0007, 0x2E37,
    0x3666, 0x616B, 0x6507, 0x7365, 0x676D, 0x656E, 0x7400, 0x0000, 0x0096, 0x0B00, 0x0800, 0x0800,
    0x0000, 0x0000, 0x072E, 0x3737, 0x6661, 0x6B65, 0x0773, 0x6574, 0x6275, 0x6666, 0x0000, 0x0000,
    0x960B, 0x0008, 0x0008, 0x0000, 0x0000, 0x0007, 0x2E37, 0x3866, 0x616B, 0x6506, 0x7365, 0x7476,
    0x6F6C, 0x0000, 0x0000, 0x960B, 0x0008, 0x0008, 0x0000, 0x0000, 0x0007, 0x2E37, 0x3966, 0x616B,
    0x6508, 0x646D, 0x656D, 0x6D6F, 0x7665, 0x0000, 0x0000, 0x960B, 0x0008, 0x0008, 0x0000, 0x0000,
    0x0007, 0x2E38, 0x3066, 0x616B, 0x6509, 0x6C6F, 0x6164, 0x6164, 0x7063, 0x6D00, 0x0000, 0x0096,
    0x0B00, 0x0800, 0x0800, 0x0000, 0x0000, 0x072E, 0x3731, 0x6661, 0x6B65, 0x056D, 0x6978, 0x6572,
    0x0000, 0x0000, 0x960B, 0x0008, 0x0008, 0x0000, 0x0000, 0x0007, 0x2E38, 0x3166, 0x616B, 0x6507,
    0x7365, 0x746C, 0x6F6F, 0x7000, 0x0000, 0x0094, 0x0B00, 0x0500, 0x0000, 0x0000, 0x1166, 0x6F72,
    0x6365, 0x5F75, 0x6E69, 0x6F6E, 0x5F61, 0x6C69, 0x676E, 0x0800, 0x0000, 0x9666, 0x0000, 0x0008,
    0x0000, 0x0000, 0x0007, 0x2E38, 0x3366, 0x616B, 0x6504, 0x2E65, 0x6F73, 0x0000, 0x0000, 0x960D,
    0x0009, 0x0008, 0x0000, 0x0000, 0x0007, 0x2E38, 0x3366, 0x616B, 0x6504, 0x4163, 0x6D64, 0x0000,
    0x0000, 0x960D, 0x0033, 0x0020, 0x0000, 0x0001, 0x0010, 0x0000, 0x0000, 0x0B41, 0x4450, 0x434D,
    0x5F53, 0x5441, 0x5445, 0x0000, 0x0000, 0x960D, 0x0033, 0x0008, 0x0000, 0x0001, 0x0004, 0x0000,
    0x0000, 0x0B50, 0x4F4C, 0x4546, 0x5F53, 0x5441, 0x5445, 0x0000, 0x0000, 0x960D, 0x0033, 0x0020,
    0x0000, 0x0001, 0x0010, 0x0000, 0x0000, 0x0E52, 0x4553, 0x414D, 0x504C, 0x455F, 0x5354, 0x4154,
    0x4500, 0x0000, 0x0096, 0x0D00, 0x3300, 0x5000, 0x0000, 0x0100, 0x2800, 0x0000, 0x000C, 0x454E,
    0x564D, 0x4958, 0x5F53, 0x5441, 0x5445, 0x0000, 0x0000, 0x940D, 0x0005, 0x0000, 0x0000, 0x000B,
    0x414C, 0x4D69, 0x6372, 0x6F54, 0x696D, 0x6500, 0x0000, 0x0094, 0x0D00, 0x0C00, 0x0000, 0x0000,
    0x0541, 0x4C50, 0x616E, 0x0000, 0x0000, 0x940A, 0x0008, 0x0008, 0x0000, 0x0008, 0x414C, 0x4C69,
    0x6E6B, 0x5F73, 0x0000, 0x0000, 0x9608, 0x0018, 0x0008, 0x0000, 0x0000, 0x0008, 0x414C, 0x4C69,
    0x6E6B, 0x5F73, 0x046E, 0x6578, 0x7404, 0x0000, 0x0096, 0x0800, 0x1800, 0x0800, 0x0000, 0x0000,
    0x0841, 0x4C4C, 0x696E, 0x6B5F, 0x7304, 0x7072, 0x6576, 0x0800, 0x0000, 0x9666, 0x0000, 0x0008,
    0x0000, 0x0000, 0x0008, 0x414C, 0x4C69, 0x6E6B, 0x5F73, 0x042E, 0x656F, 0x7300, 0x0000, 0x0096,
    0x0D00, 0x0800, 0x0800, 0x0000, 0x0000, 0x0841, 0x4C4C, 0x696E, 0x6B5F, 0x7306, 0x414C, 0x4C69,
    0x6E6B, 0x0000, 0x0000, 0x940D, 0x0095, 0x0000, 0x0000, 0x0009, 0x414C, 0x444D, 0x4170, 0x726F,
    0x6300, 0x0000, 0x0094, 0x0D00, 0x9509, 0x0000, 0x0000, 0x0841, 0x4C44, 0x4D41, 0x4E65, 0x7700,
    0x0000, 0x0094, 0x0A00, 0x0800, 0x1000, 0x0000, 0x072E, 0x3834, 0x6661, 0x6B65, 0x0000, 0x0000,
    0x9408, 0x001C, 0x0000, 0x0000, 0x0004, 0x6261, 0x7365, 0x0400, 0x0000, 0x9408, 0x001C, 0x0000,
    0x0000, 0x0003, 0x6375, 0x7208, 0x0000, 0x0094, 0x0800, 0x0500, 0x0000, 0x0000, 0x036C, 0x656E,
    0x0C00, 0x0000, 0x9408, 0x0005, 0x0000, 0x0000, 0x0005, 0x636F, 0x756E, 0x7410, 0x0000, 0x0096,
    0x6600, 0x0000, 0x1000, 0x0000, 0x0000, 0x072E, 0x3834, 0x6661, 0x6B65, 0x042E, 0x656F, 0x7300,
    0x0000, 0x0096, 0x0D00, 0x0800, 0x1000, 0x0000, 0x0000, 0x072E, 0x3834, 0x6661, 0x6B65, 0x0641,
    0x4C48, 0x6561, 0x7000, 0x0000, 0x0094, 0x0D00, 0x0C00, 0x0000, 0x0000, 0x0641, 0x4C46, 0x7849,
    0x6400, 0x0000, 0x0094, 0x0D00, 0x1100, 0x0000, 0x0000, 0x0741, 0x4C46, 0x7852, 0x6566, 0x0000,
    0x0000, 0x940F, 0x000A, 0x0004, 0x0000, 0x0007, 0x2E38, 0x3566, 0x616B, 0x6500, 0x0000, 0x0094,
    0x1000, 0x0B00, 0x0000, 0x0000, 0x0D41, 0x4C5F, 0x4144, 0x5043, 0x4D5F, 0x5741, 0x5645, 0x0100,
    0x0000, 0x9410, 0x000B, 0x0000, 0x0000, 0x000D, 0x414C, 0x5F52, 0x4157, 0x3136, 0x5F57, 0x4156,
    0x4502, 0x0000, 0x0094, 0x1000, 0x0B00, 0x0000, 0x0000, 0x0B41, 0x4C5F, 0x5241, 0x585F, 0x5741,
    0x5645, 0x0400, 0x0000, 0x9666, 0x0000, 0x0004, 0x0000, 0x0000, 0x0007, 0x2E38, 0x3566, 0x616B,
    0x6504, 0x2E65, 0x6F73, 0x0000, 0x0000, 0x940A, 0x0008, 0x000C, 0x0000, 0x0007, 0x2E38, 0x3666,
    0x616B, 0x6500, 0x0000, 0x0094, 0x0800, 0x0500, 0x0000, 0x0000, 0x056F, 0x7264, 0x6572, 0x0400,
    0x0000, 0x9408, 0x0005, 0x0000, 0x0000, 0x000B, 0x6E70, 0x7265, 0x6469, 0x6374, 0x6F72, 0x7308,
    0x0000, 0x0096, 0x0800, 0x3300, 0x0200, 0x0000, 0x0100, 0x0100, 0x0000, 0x0004, 0x626F, 0x6F6B,
    0x0C00, 0x0000, 0x9666, 0x0000, 0x000C, 0x0000, 0x0000, 0x0007, 0x2E38, 0x3666, 0x616B, 0x6504,
    0x2E65, 0x6F73, 0x0000, 0x0000, 0x960D, 0x0008, 0x000C, 0x0000, 0x0000, 0x0007, 0x2E38, 0x3666,
    0x616B, 0x650B, 0x414C, 0x4144, 0x5043, 0x4D42, 0x6F6F, 0x6B00, 0x0000, 0x0094, 0x0A00, 0x0800,
    0x2C00, 0x0000, 0x072E, 0x3837, 0x6661, 0x6B65, 0x0000, 0x0000, 0x9408, 0x000F, 0x0000, 0x0000,
    0x0005, 0x7374, 0x6172, 0x7404, 0x0000, 0x0094, 0x0800, 0x0F00, 0x0000, 0x0000, 0x0365, 0x6E64,
    0x0800, 0x0000, 0x9408, 0x000F, 0x0000, 0x0000, 0x0005, 0x636F, 0x756E, 0x740C, 0x0000, 0x0096,
    0x0800, 0x3300, 0x2000, 0x0000, 0x0100, 0x1000, 0x0000, 0x0005, 0x7374, 0x6174, 0x652C, 0x0000,
    0x0096, 0x6600, 0x0000, 0x2C00, 0x0000, 0x0000, 0x072E, 0x3837, 0x6661, 0x6B65, 0x042E, 0x656F,
    0x7300, 0x0000, 0x0096, 0x0D00, 0x0800, 0x2C00, 0x0000, 0x0000, 0x072E, 0x3837, 0x6661, 0x6B65,
    0x0B41, 0x4C41, 0x4450, 0x434D, 0x6C6F, 0x6F70, 0x0000, 0x0000, 0x940A, 0x0008, 0x000C, 0x0000,
    0x0007, 0x2E38, 0x3866, 0x616B, 0x6500, 0x0000, 0x0094, 0x0800, 0x0F00, 0x0000, 0x0000, 0x0573,
    0x7461, 0x7274, 0x0400, 0x0000, 0x9408, 0x000F, 0x0000, 0x0000, 0x0003, 0x656E, 0x6408, 0x0000,
    0x0094, 0x0800, 0x0F00, 0x0000, 0x0000, 0x0563, 0x6F75, 0x6E74, 0x0C00, 0x0000, 0x9666, 0x0000,
    0x000C, 0x0000, 0x0000, 0x0007, 0x2E38, 0x3866, 0x616B, 0x6504, 0x2E65, 0x6F73, 0x0000, 0x0000,
    0x960D, 0x0008, 0x000C, 0x0000, 0x0000, 0x0007, 0x2E38, 0x3866, 0x616B, 0x6509, 0x414C, 0x5261,
    0x774C, 0x6F6F, 0x7000, 0x0000, 0x0094, 0x0A00, 0x0800, 0x0C00, 0x0000, 0x072E, 0x3839, 0x6661,
    0x6B65, 0x0000, 0x0000, 0x9408, 0x000F, 0x0000, 0x0000, 0x0005, 0x7374, 0x6172, 0x7404, 0x0000,
    0x0094, 0x0800, 0x0F00, 0x0000, 0x0000, 0x0365, 0x6E64, 0x0800, 0x0000, 0x9408, 0x000F, 0x0000,
    0x0000, 0x0005, 0x636F, 0x756E, 0x740C, 0x0000, 0x0096, 0x6600, 0x0000, 0x0C00, 0x0000, 0x0000,
    0x072E, 0x3839, 0x6661, 0x6B65, 0x042E, 0x656F, 0x7300, 0x0000, 0x0096, 0x0D00, 0x0800, 0x0C00,
    0x0000, 0x0000, 0x072E, 0x3839, 0x6661, 0x6B65, 0x0941, 0x4C52, 0x6178, 0x4C6F, 0x6F70, 0x0000,
    0x0000, 0x940A, 0x0008, 0x0010, 0x0000, 0x0007, 0x2E39, 0x3066, 0x616B, 0x6500, 0x0000, 0x0094,
    0x0800, 0x0500, 0x0000, 0x0000, 0x0A61, 0x7474, 0x6163, 0x6B54, 0x696D, 0x6504, 0x0000, 0x0094,
    0x0800, 0x0500, 0x0000, 0x0000, 0x0964, 0x6563, 0x6179, 0x5469, 0x6D65, 0x0800, 0x0000, 0x9408,
    0x0005, 0x0000, 0x0000, 0x000B, 0x7265, 0x6C65, 0x6173, 0x6554, 0x696D, 0x650C, 0x0000, 0x0094,
    0x0800, 0x0C00, 0x0000, 0x0000, 0x0C61, 0x7474, 0x6163, 0x6B56, 0x6F6C, 0x756D, 0x650D, 0x0000,
    0x0094, 0x0800, 0x0C00, 0x0000, 0x0000, 0x0B64, 0x6563, 0x6179, 0x566F, 0x6C75, 0x6D65, 0x1000,
    0x0000, 0x9666, 0x0000, 0x0010, 0x0000, 0x0000, 0x0007, 0x2E39, 0x3066, 0x616B, 0x6504, 0x2E65,
    0x6F73, 0x0000, 0x0000, 0x960D, 0x0008, 0x0010, 0x0000, 0x0000, 0x0007, 0x2E39, 0x3066, 0x616B,
    0x650A, 0x414C, 0x456E, 0x7665, 0x6C6F, 0x7065, 0x0000, 0x0000, 0x940A, 0x0008, 0x0006, 0x0000,
    0x0007, 0x2E39, 0x3166, 0x616B, 0x6500, 0x0000, 0x0094, 0x0800, 0x0C00, 0x0000, 0x0000, 0x0B76,
    0x656C, 0x6F63, 0x6974, 0x794D, 0x696E, 0x0100, 0x0000, 0x9408, 0x000C, 0x0000, 0x0000, 0x000B,
    0x7665, 0x6C6F, 0x6369, 0x7479, 0x4D61, 0x7802, 0x0000, 0x0094, 0x0800, 0x0C00, 0x0000, 0x0000,
    0x066B, 0x6579, 0x4D69, 0x6E03, 0x0000, 0x0094, 0x0800, 0x0C00, 0x0000, 0x0000, 0x066B, 0x6579,
    0x4D61, 0x7804, 0x0000, 0x0094, 0x0800, 0x0C00, 0x0000, 0x0000, 0x076B, 0x6579, 0x4261, 0x7365,
    0x0500, 0x0000, 0x9408, 0x0002, 0x0000, 0x0000, 0x0006, 0x6465, 0x7475, 0x6E65, 0x0600, 0x0000,
    0x9666, 0x0000, 0x0006, 0x0000, 0x0000, 0x0007, 0x2E39, 0x3166, 0x616B, 0x6504, 0x2E65, 0x6F73,
    0x0000, 0x0000, 0x960D, 0x0008, 0x0006, 0x0000, 0x0000, 0x0007, 0x2E39, 0x3166, 0x616B, 0x6508,
    0x414C, 0x4B65, 0x794D, 0x6170, 0x0000, 0x0000, 0x940A, 0x0008, 0x0008, 0x0000, 0x0007, 0x2E39,
    0x3266, 0x616B, 0x6500, 0x0000, 0x0096, 0x0800, 0x1800, 0x2C00, 0x0000, 0x0000, 0x072E, 0x3837,
    0x6661, 0x6B65, 0x046C, 0x6F6F, 0x7004, 0x0000, 0x0096, 0x0800, 0x1800, 0x0C00, 0x0000, 0x0000,
    0x072E, 0x3836, 0x6661, 0x6B65, 0x0462, 0x6F6F, 0x6B08, 0x0000, 0x0096, 0x6600, 0x0000, 0x0800,
    0x0000, 0x0000, 0x072E, 0x3932, 0x6661, 0x6B65, 0x042E, 0x656F, 0x7300, 0x0000, 0x0096, 0x0D00,
    0x0800, 0x0800, 0x0000, 0x0000, 0x072E, 0x3932, 0x6661, 0x6B65, 0x0F41, 0x4C41, 0x4450, 0x434D,
    0x5761, 0x7665, 0x496E, 0x666F, 0x0000, 0x0000, 0x940A, 0x0008, 0x0004, 0x0000, 0x0007, 0x2E39,
    0x3366, 0x616B, 0x6500, 0x0000, 0x0096, 0x0800, 0x1800, 0x0C00, 0x0000, 0x0000, 0x072E, 0x3838,
    0x6661, 0x6B65, 0x046C, 0x6F6F, 0x7004, 0x0000, 0x0096, 0x6600, 0x0000, 0x0400, 0x0000, 0x0000,
    0x072E, 0x3933, 0x6661, 0x6B65, 0x042E, 0x656F, 0x7300, 0x0000, 0x0096, 0x0D00, 0x0800, 0x0400,
    0x0000, 0x0000, 0x072E, 0x3933, 0x6661, 0x6B65, 0x0D41, 0x4C52, 0x4157, 0x5761, 0x7665, 0x496E,
    0x666F, 0x0000, 0x0000, 0x940A, 0x0008, 0x0004, 0x0000, 0x0007, 0x2E39, 0x3466, 0x616B, 0x6500,
    0x0000, 0x0096, 0x0800, 0x1800, 0x0C00, 0x0000, 0x0000, 0x072E, 0x3839, 0x6661, 0x6B65, 0x046C,
    0x6F6F, 0x7004, 0x0000, 0x0096, 0x6600, 0x0000, 0x0400, 0x0000, 0x0000, 0x072E, 0x3934, 0x6661,
    0x6B65, 0x042E, 0x656F, 0x7300, 0x0000, 0x0096, 0x0D00, 0x0800, 0x0400, 0x0000, 0x0000, 0x072E,
    0x3934, 0x6661, 0x6B65, 0x0D41, 0x4C52, 0x6178, 0x5761, 0x7665, 0x496E, 0x666F, 0x0000, 0x0000,
    0x940C, 0x0009, 0x0008, 0x0000, 0x0007, 0x2E39, 0x3566, 0x616B, 0x6500, 0x0000, 0x0096, 0x0B00,
    0x0800, 0x0800, 0x0000, 0x0000, 0x072E, 0x3932, 0x6661, 0x6B65, 0x0961, 0x6470, 0x636D, 0x5761,
    0x7665, 0x0000, 0x0000, 0x960B, 0x0008, 0x0004, 0x0000, 0x0000, 0x0007, 0x2E39, 0x3366, 0x616B,
    0x6507, 0x7261, 0x7757, 0x6176, 0x6500, 0x0000, 0x0096, 0x0B00, 0x0800, 0x0400, 0x0000, 0x0000,
    0x072E, 0x3934, 0x6661, 0x6B65, 0x0772, 0x6178, 0x5761, 0x7665, 0x0800, 0x0000, 0x9666, 0x0000,
    0x0008, 0x0000, 0x0000, 0x0007, 0x2E39, 0x3566, 0x616B, 0x6504, 0x2E65, 0x6F73, 0x0000, 0x0000,
    0x940A, 0x0008, 0x0014, 0x0000, 0x000D, 0x414C, 0x5761, 0x7665, 0x5461, 0x626C, 0x655F, 0x7300,
    0x0000, 0x0094, 0x0800, 0x1C00, 0x0000, 0x0000, 0x0462, 0x6173, 0x6504, 0x0000, 0x0094, 0x0800,
    0x0500, 0x0000, 0x0000, 0x036C, 0x656E, 0x0800, 0x0000, 0x9408, 0x000C, 0x0000, 0x0000, 0x0004,
    0x7479, 0x7065, 0x0900, 0x0000, 0x9408, 0x000C, 0x0000, 0x0000, 0x0005, 0x666C, 0x6167, 0x730C,
    0x0000, 0x0096, 0x0800, 0x0900, 0x0800, 0x0000, 0x0000, 0x072E, 0x3935, 0x6661, 0x6B65, 0x0877,
    0x6176, 0x6549, 0x6E66, 0x6F14, 0x0000, 0x0096, 0x6600, 0x0000, 0x1400, 0x0000, 0x0000, 0x0D41,
    0x4C57, 0x6176, 0x6554, 0x6162, 0x6C65, 0x5F73, 0x042E, 0x656F, 0x7300, 0x0000, 0x0096, 0x0D00,
    0x0800, 0x1400, 0x0000, 0x0000, 0x0D41, 0x4C57, 0x6176, 0x6554, 0x6162, 0x6C65, 0x5F73, 0x0B41,
    0x4C57, 0x6176, 0x6554, 0x6162, 0x6C65, 0x0000, 0x0000, 0x940A, 0x0008, 0x0010, 0x0000, 0x0009,
    0x414C, 0x536F, 0x756E, 0x645F, 0x7300, 0x0000, 0x0096, 0x0800, 0x1800, 0x1000, 0x0000, 0x0000,
    0x072E, 0x3930, 0x6661, 0x6B65, 0x0865, 0x6E76, 0x656C, 0x6F70, 0x6504, 0x0000, 0x0096, 0x0800,
    0x1800, 0x0600, 0x0000, 0x0000, 0x072E, 0x3931, 0x6661, 0x6B65, 0x066B, 0x6579, 0x4D61, 0x7008,
    0x0000, 0x0096, 0x0800, 0x1800, 0x1400, 0x0000, 0x0000, 0x0D41, 0x4C57, 0x6176, 0x6554, 0x6162,
    0x6C65, 0x5F73, 0x0977, 0x6176, 0x6574, 0x6162, 0x6C65, 0x0C00, 0x0000, 0x9408, 0x000C, 0x0000,
    0x0000, 0x0009, 0x7361, 0x6D70, 0x6C65, 0x5061, 0x6E0D, 0x0000, 0x0094, 0x0800, 0x0C00, 0x0000,
    0x0000, 0x0C73, 0x616D, 0x706C, 0x6556, 0x6F6C, 0x756D, 0x650E, 0x0000, 0x0094, 0x0800, 0x0C00,
    0x0000, 0x0000, 0x0566, 0x6C61, 0x6773, 0x1000, 0x0000, 0x9666, 0x0000, 0x0010, 0x0000, 0x0000,
    0x0009, 0x414C, 0x536F, 0x756E, 0x645F, 0x7304, 0x2E65, 0x6F73, 0x0000, 0x0000, 0x960D, 0x0008,
    0x0010, 0x0000, 0x0000, 0x0009, 0x414C, 0x536F, 0x756E, 0x645F, 0x7307, 0x414C, 0x536F, 0x756E,
    0x6400, 0x0000, 0x0094, 0x0A00, 0x0800, 0x1400, 0x0000, 0x072E, 0x3936, 0x6661, 0x6B65, 0x0000,
    0x0000, 0x9408, 0x000C, 0x0000, 0x0000, 0x0006, 0x766F, 0x6C75, 0x6D65, 0x0100, 0x0000, 0x9408,
    0x000C, 0x0000, 0x0000, 0x0003, 0x7061, 0x6E02, 0x0000, 0x0094, 0x0800, 0x0C00, 0x0000, 0x0000,
    0x0870, 0x7269, 0x6F72, 0x6974, 0x7903, 0x0000, 0x0094, 0x0800, 0x0C00, 0x0000, 0x0000, 0x0566,
    0x6C61, 0x6773, 0x0400, 0x0000, 0x9408, 0x000C, 0x0000, 0x0000, 0x0008, 0x7472, 0x656D, 0x5479,
    0x7065, 0x0500, 0x0000, 0x9408, 0x000C, 0x0000, 0x0000, 0x0008, 0x7472, 0x656D, 0x5261, 0x7465,
    0x0600, 0x0000, 0x9408, 0x000C, 0x0000, 0x0000, 0x0009, 0x7472, 0x656D, 0x4465, 0x7074, 0x6807,
    0x0000, 0x0094, 0x0800, 0x0C00, 0x0000, 0x0000, 0x0974, 0x7265, 0x6D44, 0x656C, 0x6179, 0x0800,
    0x0000, 0x9408, 0x000C, 0x0000, 0x0000, 0x0007, 0x7669, 0x6254, 0x7970, 0x6509, 0x0000, 0x0094,
    0x0800, 0x0C00, 0x0000, 0x0000, 0x0776, 0x6962, 0x5261, 0x7465, 0x0A00, 0x0000, 0x9408, 0x000C,
    0x0000, 0x0000, 0x0008, 0x7669, 0x6244, 0x6570, 0x7468, 0x0B00, 0x0000, 0x9408, 0x000C, 0x0000,
    0x0000, 0x0008, 0x7669, 0x6244, 0x656C, 0x6179, 0x0C00, 0x0000, 0x9408, 0x0003, 0x0000, 0x0000,
    0x0009, 0x6265, 0x6E64, 0x5261, 0x6E67, 0x650E, 0x0000, 0x0094, 0x0800, 0x0300, 0x0000, 0x0000,
    0x0A73, 0x6F75, 0x6E64, 0x436F, 0x756E, 0x7410, 0x0000, 0x0096, 0x0800, 0x7800, 0x0400, 0x0000,
    0x0100, 0x0100, 0x0000, 0x0941, 0x4C53, 0x6F75, 0x6E64, 0x5F73, 0x0A73, 0x6F75, 0x6E64, 0x4172,
    0x7261, 0x7914, 0x0000, 0x0096, 0x6600, 0x0000, 0x1400, 0x0000, 0x0000, 0x072E, 0x3936, 0x6661,
    0x6B65, 0x042E, 0x656F, 0x7300, 0x0000, 0x0096, 0x0D00, 0x0800, 0x1400, 0x0000, 0x0000, 0x072E,
    0x3936, 0x6661, 0x6B65, 0x0C41, 0x4C49, 0x6E73, 0x7472, 0x756D, 0x656E, 0x7400, 0x0000, 0x0094,
    0x0A00, 0x0800, 0x1000, 0x0000, 0x0841, 0x4C42, 0x616E, 0x6B5F, 0x7300, 0x0000, 0x0094, 0x0800,
    0x0300, 0x0000, 0x0000, 0x0969, 0x6E73, 0x7443, 0x6F75, 0x6E74, 0x0200, 0x0000, 0x9408, 0x000C,
    0x0000, 0x0000, 0x0005, 0x666C, 0x6167, 0x7303, 0x0000, 0x0094, 0x0800, 0x0C00, 0x0000, 0x0000,
    0x0370, 0x6164, 0x0400, 0x0000, 0x9408, 0x0005, 0x0000, 0x0000, 0x000A, 0x7361, 0x6D70, 0x6C65,
    0x5261, 0x7465, 0x0800, 0x0000, 0x9608, 0x0018, 0x0014, 0x0000, 0x0000, 0x0007, 0x2E39, 0x3666,
    0x616B, 0x650A, 0x7065, 0x7263, 0x7573, 0x7369, 0x6F6E, 0x0C00, 0x0000, 0x9608, 0x0078, 0x0004,
    0x0000, 0x0001, 0x0001, 0x0000, 0x0007, 0x2E39, 0x3666, 0x616B, 0x6509, 0x696E, 0x7374, 0x4172,
    0x7261, 0x7910, 0x0000, 0x0096, 0x6600, 0x0000, 0x1000, 0x0000, 0x0000, 0x0841, 0x4C42, 0x616E,
    0x6B5F, 0x7304, 0x2E65, 0x6F73, 0x0000, 0x0000, 0x960D, 0x0008, 0x0010, 0x0000, 0x0000, 0x0008,
    0x414C, 0x4261, 0x6E6B, 0x5F73, 0x0641, 0x4C42, 0x616E, 0x6B00, 0x0000, 0x0094, 0x0A00, 0x0800,
    0x0800, 0x0000, 0x072E, 0x3937, 0x6661, 0x6B65, 0x0000, 0x0000, 0x9408, 0x0003, 0x0000, 0x0000,
    0x0008, 0x7265, 0x7669, 0x7369, 0x6F6E, 0x0200, 0x0000, 0x9408, 0x0003, 0x0000, 0x0000, 0x0009,
    0x6261, 0x6E6B, 0x436F, 0x756E, 0x7404, 0x0000, 0x0096, 0x0800, 0x7800, 0x0400, 0x0000, 0x0100,
    0x0100, 0x0000, 0x0841, 0x4C42, 0x616E, 0x6B5F, 0x7309, 0x6261, 0x6E6B, 0x4172, 0x7261, 0x7908,
    0x0000, 0x0096, 0x6600, 0x0000, 0x0800, 0x0000, 0x0000, 0x072E, 0x3937, 0x6661, 0x6B65, 0x042E,
    0x656F, 0x7300, 0x0000, 0x0096, 0x0D00, 0x0800, 0x0800, 0x0000, 0x0000, 0x072E, 0x3937, 0x6661,
    0x6B65, 0x0A41, 0x4C42, 0x616E, 0x6B46, 0x696C, 0x6500, 0x0000, 0x0094, 0x0A00, 0x0800, 0x0800,
    0x0000, 0x072E, 0x3938, 0x6661, 0x6B65, 0x0000, 0x0000, 0x9408, 0x001C, 0x0000, 0x0000, 0x0006,
    0x6F66, 0x6673, 0x6574, 0x0400, 0x0000, 0x9408, 0x0005, 0x0000, 0x0000, 0x0003, 0x6C65, 0x6E08,
    0x0000, 0x0096, 0x6600, 0x0000, 0x0800, 0x0000, 0x0000, 0x072E, 0x3938, 0x6661, 0x6B65, 0x042E,
    0x656F, 0x7300, 0x0000, 0x0096, 0x0D00, 0x0800, 0x0800, 0x0000, 0x0000, 0x072E, 0x3938, 0x6661,
    0x6B65, 0x0941, 0x4C53, 0x6571, 0x4461, 0x7461, 0x0000, 0x0000, 0x940A, 0x0008, 0x000C, 0x0000,
    0x0007, 0x2E39, 0x3966, 0x616B, 0x6500, 0x0000, 0x0094, 0x0800, 0x0300, 0x0000, 0x0000, 0x0872,
    0x6576, 0x6973, 0x696F, 0x6E02, 0x0000, 0x0094, 0x0800, 0x0300, 0x0000, 0x0000, 0x0873, 0x6571,
    0x436F, 0x756E, 0x7404, 0x0000, 0x0096, 0x0800, 0x3800, 0x0800, 0x0000, 0x0100, 0x0100, 0x0000,
    0x072E, 0x3938, 0x6661, 0x6B65, 0x0873, 0x6571, 0x4172, 0x7261, 0x790C, 0x0000, 0x0096, 0x6600,
    0x0000, 0x0C00, 0x0000, 0x0000, 0x072E, 0x3939, 0x6661, 0x6B65, 0x042E, 0x656F, 0x7300, 0x0000,
    0x0096, 0x0D00, 0x0800, 0x0C00, 0x0000, 0x0000, 0x072E, 0x3939, 0x6661, 0x6B65, 0x0941, 0x4C53,
    0x6571, 0x4669, 0x6C65, 0x0000, 0x0000, 0x940D, 0x0095, 0x0000, 0x0000, 0x000E, 0x414C, 0x566F,
    0x6963, 0x6548, 0x616E, 0x646C, 0x6572, 0x0000, 0x0000, 0x940A, 0x0008, 0x0024, 0x0000, 0x0008,
    0x2E31, 0x3030, 0x6661, 0x6B65, 0x0000, 0x0000, 0x9408, 0x0005, 0x0000, 0x0000, 0x000A, 0x6D61,
    0x7856, 0x566F, 0x6963, 0x6573, 0x0400, 0x0000, 0x9408, 0x0005, 0x0000, 0x0000, 0x000A, 0x6D61,
    0x7850, 0x566F, 0x6963, 0x6573, 0x0800, 0x0000, 0x9408, 0x0005, 0x0000, 0x0000, 0x000A, 0x6D61,
    0x7855, 0x7064, 0x6174, 0x6573, 0x0C00, 0x0000, 0x9408, 0x0005, 0x0000, 0x0000, 0x000B, 0x6D61,
    0x7846, 0x5862, 0x7573, 0x7365, 0x7310, 0x0000, 0x0094, 0x0800, 0x1100, 0x0000, 0x0000, 0x0764,
    0x6D61, 0x7072, 0x6F63, 0x1400, 0x0000, 0x9608, 0x0018, 0x0010, 0x0000, 0x0000, 0x0007, 0x2E38,
    0x3466, 0x616B, 0x6504, 0x6865, 0x6170, 0x1800, 0x0000, 0x9408, 0x0005, 0x0000, 0x0000, 0x000A,
    0x6F75, 0x7470, 0x7574, 0x5261, 0x7465, 0x1C00, 0x0000, 0x9408, 0x000C, 0x0000, 0x0000, 0x0006,
    0x6678, 0x5479, 0x7065, 0x2000, 0x0000, 0x9408, 0x0015, 0x0000, 0x0000, 0x0006, 0x7061, 0x7261,
    0x6D73, 0x2400, 0x0000, 0x9666, 0x0000, 0x0024, 0x0000, 0x0000, 0x0008, 0x2E31, 0x3030, 0x6661,
    0x6B65, 0x042E, 0x656F, 0x7300, 0x0000, 0x0096, 0x0D00, 0x0800, 0x2400, 0x0000, 0x0000, 0x082E,
    0x3130, 0x3066, 0x616B, 0x650B, 0x414C, 0x5379, 0x6E43, 0x6F6E, 0x6669, 0x6700, 0x0000, 0x0094,
    0x0A00, 0x0800, 0x1400, 0x0000, 0x0A41, 0x4C50, 0x6C61, 0x7965, 0x725F, 0x7300, 0x0000, 0x0096,
    0x0800, 0x1800, 0x1400, 0x0000, 0x0000, 0x0A41, 0x4C50, 0x6C61, 0x7965, 0x725F, 0x7304, 0x6E65,
    0x7874, 0x0400, 0x0000, 0x9408, 0x0011, 0x0000, 0x0000, 0x000A, 0x636C, 0x6965, 0x6E74, 0x4461,
    0x7461, 0x0800, 0x0000, 0x9408, 0x0095, 0x0000, 0x0000, 0x0007, 0x6861, 0x6E64, 0x6C65, 0x720C,
    0x0000, 0x0094, 0x0800, 0x0500, 0x0000, 0x0000, 0x0863, 0x616C, 0x6C54, 0x696D, 0x6510, 0x0000,
    0x0094, 0x0800, 0x0500, 0x0000, 0x0000, 0x0B73, 0x616D, 0x706C, 0x6573, 0x4C65, 0x6674, 0x1400,
    0x0000, 0x9666, 0x0000, 0x0014, 0x0000, 0x0000, 0x000A, 0x414C, 0x506C, 0x6179, 0x6572, 0x5F73,
    0x042E, 0x656F, 0x7300, 0x0000, 0x0096, 0x0D00, 0x0800, 0x1400, 0x0000, 0x0000, 0x0A41, 0x4C50,
    0x6C61, 0x7965, 0x725F, 0x7308, 0x414C, 0x506C, 0x6179, 0x6572, 0x0000, 0x0000, 0x940A, 0x0008,
    0x001C, 0x0000, 0x0009, 0x414C, 0x566F, 0x6963, 0x655F, 0x7300, 0x0000, 0x0096, 0x0800, 0x0800,
    0x0800, 0x0000, 0x0000, 0x0841, 0x4C4C, 0x696E, 0x6B5F, 0x7304, 0x6E6F, 0x6465, 0x0800, 0x0000,
    0x9608, 0x0018, 0x0000, 0x0000, 0x0000, 0x0008, 0x5056, 0x6F69, 0x6365, 0x5F73, 0x0670, 0x766F,
    0x6963, 0x650C, 0x0000, 0x0096, 0x0800, 0x1800, 0x1400, 0x0000, 0x0000, 0x0D41, 0x4C57, 0x6176,
    0x6554, 0x6162, 0x6C65, 0x5F73, 0x0574, 0x6162, 0x6C65, 0x1000, 0x0000, 0x9408, 0x0011, 0x0000,
    0x0000, 0x000D, 0x636C, 0x6965, 0x6E74, 0x5072, 0x6976, 0x6174, 0x6514, 0x0000, 0x0094, 0x0800,
    0x0300, 0x0000, 0x0000, 0x0573, 0x7461, 0x7465, 0x1600, 0x0000, 0x9408, 0x0003, 0x0000, 0x0000,
    0x0008, 0x7072, 0x696F, 0x7269, 0x7479, 0x1800, 0x0000, 0x9408, 0x0003, 0x0000, 0x0000, 0x0005,
    0x6678, 0x4275, 0x731A, 0x0000, 0x0094, 0x0800, 0x0300, 0x0000, 0x0000, 0x0A75, 0x6E69, 0x7479,
    0x5069, 0x7463, 0x681C, 0x0000, 0x0096, 0x6600, 0x0000, 0x1C00, 0x0000, 0x0000, 0x0941, 0x4C56,
    0x6F69, 0x6365, 0x5F73, 0x042E, 0x656F, 0x7300, 0x0000, 0x0096, 0x0D00, 0x0800, 0x1C00, 0x0000,
    0x0000, 0x0941, 0x4C56, 0x6F69, 0x6365, 0x5F73, 0x0741, 0x4C56, 0x6F69, 0x6365, 0x0000, 0x0000,
    0x940A, 0x0008, 0x0006, 0x0000, 0x000F, 0x414C, 0x566F, 0x6963, 0x6543, 0x6F6E, 0x6669, 0x675F,
    0x7300, 0x0000, 0x0094, 0x0800, 0x0300, 0x0000, 0x0000, 0x0870, 0x7269, 0x6F72, 0x6974, 0x7902,
    0x0000, 0x0094, 0x0800, 0x0300, 0x0000, 0x0000, 0x0566, 0x7842, 0x7573, 0x0400, 0x0000, 0x9408,
    0x000C, 0x0000, 0x0000, 0x000A, 0x756E, 0x6974, 0x7950, 0x6974, 0x6368, 0x0600, 0x0000, 0x9666,
    0x0000, 0x0006, 0x0000, 0x0000, 0x000F, 0x414C, 0x566F, 0x6963, 0x6543, 0x6F6E, 0x6669, 0x675F,
    0x7304, 0x2E65, 0x6F73, 0x0000, 0x0000, 0x960D, 0x0008, 0x0006, 0x0000, 0x0000, 0x000F, 0x414C,
    0x566F, 0x6963, 0x6543, 0x6F6E, 0x6669, 0x675F, 0x730D, 0x414C, 0x566F, 0x6963, 0x6543, 0x6F6E,
    0x6669, 0x6700, 0x0000, 0x0094, 0x0A00, 0x0800, 0x4C00, 0x0000, 0x082E, 0x3130, 0x3166, 0x616B,
    0x6500, 0x0000, 0x0096, 0x0800, 0x1800, 0x1400, 0x0000, 0x0000, 0x0A41, 0x4C50, 0x6C61, 0x7965,
    0x725F, 0x7304, 0x6865, 0x6164, 0x0400, 0x0000, 0x9608, 0x0008, 0x0008, 0x0000, 0x0000, 0x0008,
    0x414C, 0x4C69, 0x6E6B, 0x5F73, 0x0970, 0x4672, 0x6565, 0x4C69, 0x7374, 0x0C00, 0x0000, 0x9608,
    0x0008, 0x0008, 0x0000, 0x0000, 0x0008, 0x414C, 0x4C69, 0x6E6B, 0x5F73, 0x0A70, 0x416C, 0x6C6F,
    0x634C, 0x6973, 0x7414, 0x0000, 0x0096, 0x0800, 0x0800, 0x0800, 0x0000, 0x0000, 0x0841, 0x4C4C,
    0x696E, 0x6B5F, 0x7309, 0x704C, 0x616D, 0x654C, 0x6973, 0x741C, 0x0000, 0x0094, 0x0800, 0x0500,
    0x0000, 0x0000, 0x0C70, 0x6172, 0x616D, 0x5361, 0x6D70, 0x6C65, 0x7320, 0x0000, 0x0094, 0x0800,
    0x0500, 0x0000, 0x0000, 0x0A63, 0x7572, 0x5361, 0x6D70, 0x6C65, 0x7324, 0x0000, 0x0094, 0x0800,
    0x9509, 0x0000, 0x0000, 0x0364, 0x6D61, 0x2800, 0x0000, 0x9608, 0x0018, 0x0010, 0x0000, 0x0000,
    0x0007, 0x2E38, 0x3466, 0x616B, 0x6504, 0x6865, 0x6170, 0x2C00, 0x0000, 0x9608, 0x0018, 0x0000,
    0x0000, 0x0000, 0x0009, 0x414C, 0x5061, 0x7261, 0x6D5F, 0x7309, 0x7061, 0x7261, 0x6D4C, 0x6973,
    0x7430, 0x0000, 0x0096, 0x0800, 0x1800, 0x0000, 0x0000, 0x0000, 0x0B41, 0x4C4D, 0x6169, 0x6E42,
    0x7573, 0x5F73, 0x076D, 0x6169, 0x6E42, 0x7573, 0x3400, 0x0000, 0x9608, 0x0018, 0x0000, 0x0000,
    0x0000, 0x000A, 0x414C, 0x4175, 0x7842, 0x7573, 0x5F73, 0x0661, 0x7578, 0x4275, 0x7338, 0x0000,
    0x0096, 0x0800, 0x1800, 0x0000, 0x0000, 0x0000, 0x0A41, 0x4C46, 0x696C, 0x7465, 0x725F, 0x730C,
    0x6F75, 0x7470, 0x7574, 0x4669, 0x6C74, 0x6572, 0x3C00, 0x0000, 0x9408, 0x0005, 0x0000, 0x0000,
    0x000A, 0x6E75, 0x6D50, 0x566F, 0x6963, 0x6573, 0x4000, 0x0000, 0x9408, 0x0005, 0x0000, 0x0000,
    0x000C, 0x6D61, 0x7841, 0x7578, 0x4275, 0x7373, 0x6573, 0x4400, 0x0000, 0x9408, 0x0005, 0x0000,
    0x0000, 0x000A, 0x6F75, 0x7470, 0x7574, 0x5261, 0x7465, 0x4800, 0x0000, 0x9408, 0x0005, 0x0000,
    0x0000, 0x000D, 0x6D61, 0x784F, 0x7574, 0x5361, 0x6D70, 0x6C65, 0x734C, 0x0000, 0x0096, 0x6600,
    0x0000, 0x4C00, 0x0000, 0x0000, 0x082E, 0x3130, 0x3166, 0x616B, 0x6504, 0x2E65, 0x6F73, 0x0000,
    0x0000, 0x960D, 0x0008, 0x004C, 0x0000, 0x0000, 0x0008, 0x2E31, 0x3031, 0x6661, 0x6B65, 0x0741,
    0x4C53, 0x796E, 0x7468, 0x0000, 0x0000, 0x940A, 0x0008, 0x004C, 0x0000, 0x0008, 0x2E31, 0x3032,
    0x6661, 0x6B65, 0x0000, 0x0000, 0x9608, 0x0008, 0x004C, 0x0000, 0x0000, 0x0008, 0x2E31, 0x3031,
    0x6661, 0x6B65, 0x0464, 0x7276, 0x724C, 0x0000, 0x0096, 0x6600, 0x0000, 0x4C00, 0x0000, 0x0000,
    0x082E, 0x3130, 0x3266, 0x616B, 0x6504, 0x2E65, 0x6F73, 0x0000, 0x0000, 0x960D, 0x0008, 0x004C,
    0x0000, 0x0000, 0x0008, 0x2E31, 0x3032, 0x6661, 0x6B65, 0x0941, 0x4C47, 0x6C6F, 0x6261, 0x6C73,
    0x0000, 0x0000, 0x940F, 0x000A, 0x0004, 0x0000, 0x0005, 0x414C, 0x4D73, 0x6700, 0x0000, 0x0094,
    0x1000, 0x0B00, 0x0000, 0x0000, 0x0E41, 0x4C5F, 0x5345, 0x515F, 0x5245, 0x465F, 0x4556, 0x5401,
    0x0000, 0x0094, 0x1000, 0x0B00, 0x0000, 0x0000, 0x0F41, 0x4C5F, 0x5345, 0x515F, 0x4D49, 0x4449,
    0x5F45, 0x5654, 0x0200, 0x0000, 0x9410, 0x000B, 0x0000, 0x0000, 0x0010, 0x414C, 0x5F53, 0x4551,
    0x505F, 0x4D49, 0x4449, 0x5F45, 0x5654, 0x0300, 0x0000, 0x9410, 0x000B, 0x0000, 0x0000, 0x000C,
    0x414C, 0x5F54, 0x454D, 0x504F, 0x5F45, 0x5654, 0x0400, 0x0000, 0x9410, 0x000B, 0x0000, 0x0000,
    0x000E, 0x414C, 0x5F53, 0x4551, 0x5F45, 0x4E44, 0x5F45, 0x5654, 0x0500, 0x0000, 0x9410, 0x000B,
    0x0000, 0x0000, 0x000F, 0x414C, 0x5F4E, 0x4F54, 0x455F, 0x454E, 0x445F, 0x4556, 0x5406, 0x0000,
    0x0094, 0x1000, 0x0B00, 0x0000, 0x0000, 0x0F41, 0x4C5F, 0x5345, 0x5150, 0x5F45, 0x4E56, 0x5F45,
    0x5654, 0x0700, 0x0000, 0x9410, 0x000B, 0x0000, 0x0000, 0x0010, 0x414C, 0x5F53, 0x4551, 0x505F,
    0x4D45, 0x5441, 0x5F45, 0x5654, 0x0800, 0x0000, 0x9410, 0x000B, 0x0000, 0x0000, 0x0010, 0x414C,
    0x5F53, 0x4551, 0x505F, 0x5052, 0x4F47, 0x5F45, 0x5654, 0x0900, 0x0000, 0x9410, 0x000B, 0x0000,
    0x0000, 0x000F, 0x414C, 0x5F53, 0x4551, 0x505F, 0x4150, 0x495F, 0x4556, 0x540A, 0x0000, 0x0094,
    0x1000, 0x0B00, 0x0000, 0x0000, 0x0F41, 0x4C5F, 0x5345, 0x5150, 0x5F56, 0x4F4C, 0x5F45, 0x5654,
    0x0B00, 0x0000, 0x9410, 0x000B, 0x0000, 0x0000, 0x0010, 0x414C, 0x5F53, 0x4551, 0x505F, 0x4C4F,
    0x4F50, 0x5F45, 0x5654, 0x0C00, 0x0000, 0x9410, 0x000B, 0x0000, 0x0000, 0x0014, 0x414C, 0x5F53,
    0x4551, 0x505F, 0x5052, 0x494F, 0x5249, 0x5459, 0x5F45, 0x5654, 0x0D00, 0x0000, 0x9410, 0x000B,
    0x0000, 0x0000, 0x000F, 0x414C, 0x5F53, 0x4551, 0x505F, 0x5345, 0x515F, 0x4556, 0x540E, 0x0000,
    0x0094, 0x1000, 0x0B00, 0x0000, 0x0000, 0x1041, 0x4C5F, 0x5345, 0x5150, 0x5F42, 0x414E, 0x4B5F,
    0x4556, 0x540F, 0x0000, 0x0094, 0x1000, 0x0B00, 0x0000, 0x0000, 0x1041, 0x4C5F, 0x5345, 0x5150,
    0x5F50, 0x4C41, 0x595F, 0x4556, 0x5410, 0x0000, 0x0094, 0x1000, 0x0B00, 0x0000, 0x0000, 0x1041,
    0x4C5F, 0x5345, 0x5150, 0x5F53, 0x544F, 0x505F, 0x4556, 0x5411, 0x0000, 0x0094, 0x1000, 0x0B00,
    0x0000, 0x0000, 0x1441, 0x4C5F, 0x5345, 0x5150, 0x5F53, 0x544F, 0x5050, 0x494E, 0x475F, 0x4556,
    0x5412, 0x0000, 0x0094, 0x1000, 0x0B00, 0x0000, 0x0000, 0x0C41, 0x4C5F, 0x5452, 0x4143, 0x4B5F,
    0x454E, 0x4413, 0x0000, 0x0094, 0x1000, 0x0B00, 0x0000, 0x0000, 0x1041, 0x4C5F, 0x4353, 0x505F,
    0x4C4F, 0x4F50, 0x5354, 0x4152, 0x5414, 0x0000, 0x0094, 0x1000, 0x0B00, 0x0000, 0x0000, 0x0E41,
    0x4C5F, 0x4353, 0x505F, 0x4C4F, 0x4F50, 0x454E, 0x4415, 0x0000, 0x0094, 0x1000, 0x0B00, 0x0000,
    0x0000, 0x1241, 0x4C5F, 0x4353, 0x505F, 0x4E4F, 0x5445, 0x4F46, 0x465F, 0x4556, 0x5416, 0x0000,
    0x0094, 0x1000, 0x0B00, 0x0000, 0x0000, 0x0F41, 0x4C5F, 0x5452, 0x454D, 0x5F4F, 0x5343, 0x5F45,
    0x5654, 0x1700, 0x0000, 0x9410, 0x000B, 0x0000, 0x0000, 0x000E, 0x414C, 0x5F56, 0x4942, 0x5F4F,
    0x5343, 0x5F45, 0x5654, 0x0400, 0x0000, 0x9666, 0x0000, 0x0004, 0x0000, 0x0000, 0x0005, 0x414C,
    0x4D73, 0x6704, 0x2E65, 0x6F73, 0x0000, 0x0000, 0x940F, 0x000A, 0x0004, 0x0000, 0x000D, 0x414C,
    0x5F4D, 0x4944, 0x4973, 0x7461, 0x7475, 0x730F, 0x0000, 0x0094, 0x1000, 0x0B00, 0x0000, 0x0000,
    0x1341, 0x4C5F, 0x4D49, 0x4449, 0x5F43, 0x6861, 0x6E6E, 0x656C, 0x4D61, 0x736B, 0xF000, 0x0000,
    0x9410, 0x000B, 0x0000, 0x0000, 0x0012, 0x414C, 0x5F4D, 0x4944, 0x495F, 0x5374, 0x6174, 0x7573,
    0x4D61, 0x736B, 0x8000, 0x0000, 0x9410, 0x000B, 0x0000, 0x0000, 0x0014, 0x414C, 0x5F4D, 0x4944,
    0x495F, 0x4368, 0x616E, 0x6E65, 0x6C56, 0x6F69, 0x6365, 0x8000, 0x0000, 0x9410, 0x000B, 0x0000,
    0x0000, 0x000F, 0x414C, 0x5F4D, 0x4944, 0x495F, 0x4E6F, 0x7465, 0x4F66, 0x6690, 0x0000, 0x0094,
    0x1000, 0x0B00, 0x0000, 0x0000, 0x0E41, 0x4C5F, 0x4D49, 0x4449, 0x5F4E, 0x6F74, 0x654F, 0x6EA0,
    0x0000, 0x0094, 0x1000, 0x0B00, 0x0000, 0x0000, 0x1741, 0x4C5F, 0x4D49, 0x4449, 0x5F50, 0x6F6C,
    0x794B, 0x6579, 0x5072, 0x6573, 0x7375, 0x7265, 0xB000, 0x0000, 0x9410, 0x000B, 0x0000, 0x0000,
    0x0015, 0x414C, 0x5F4D, 0x4944, 0x495F, 0x436F, 0x6E74, 0x726F, 0x6C43, 0x6861, 0x6E67, 0x65B0,
    0x0000, 0x0094, 0x1000, 0x0B00, 0x0000, 0x0000, 0x1941, 0x4C5F, 0x4D49, 0x4449, 0x5F43, 0x6861,
    0x6E6E, 0x656C, 0x4D6F, 0x6465, 0x5365, 0x6C65, 0x6374, 0xC000, 0x0000, 0x9410, 0x000B, 0x0000,
    0x0000, 0x0015, 0x414C, 0x5F4D, 0x4944, 0x495F, 0x5072, 0x6F67, 0x7261, 0x6D43, 0x6861, 0x6E67,
    0x65D0, 0x0000, 0x0094, 0x1000, 0x0B00, 0x0000, 0x0000, 0x1741, 0x4C5F, 0x4D49, 0x4449, 0x5F43,
    0x6861, 0x6E6E, 0x656C, 0x5072, 0x6573, 0x7375, 0x7265, 0xE000, 0x0000, 0x9410, 0x000B, 0x0000,
    0x0000, 0x0017, 0x414C, 0x5F4D, 0x4944, 0x495F, 0x5069, 0x7463, 0x6842, 0x656E, 0x6443, 0x6861,
    0x6E67, 0x65F0, 0x0000, 0x0094, 0x1000, 0x0B00, 0x0000, 0x0000, 0x0D41, 0x4C5F, 0x4D49, 0x4449,
    0x5F53, 0x7973, 0x4578, 0xF100, 0x0000, 0x9410, 0x000B, 0x0000, 0x0000, 0x0014, 0x414C, 0x5F4D,
    0x4944, 0x495F, 0x5379, 0x7374, 0x656D, 0x436F, 0x6D6D, 0x6F6E, 0xF100, 0x0000, 0x9410, 0x000B,
    0x0000, 0x0000, 0x001C, 0x414C, 0x5F4D, 0x4944, 0x495F, 0x5469, 0x6D65, 0x436F, 0x6465, 0x5175,
    0x6172, 0x7465, 0x7246, 0x7261, 0x6D65, 0xF200, 0x0000, 0x9410, 0x000B, 0x0000, 0x0000, 0x001B,
    0x414C, 0x5F4D, 0x4944, 0x495F, 0x536F, 0x6E67, 0x506F, 0x7369, 0x7469, 0x6F6E, 0x506F, 0x696E,
    0x7465, 0x72F3, 0x0000, 0x0094, 0x1000, 0x0B00, 0x0000, 0x0000, 0x1241, 0x4C5F, 0x4D49, 0x4449,
    0x5F53, 0x6F6E, 0x6753, 0x656C, 0x6563, 0x74F4, 0x0000, 0x0094, 0x1000, 0x0B00, 0x0000, 0x0000,
    0x1241, 0x4C5F, 0x4D49, 0x4449, 0x5F55, 0x6E64, 0x6566, 0x696E, 0x6564, 0x31F5, 0x0000, 0x0094,
    0x1000, 0x0B00, 0x0000, 0x0000, 0x1241, 0x4C5F, 0x4D49, 0x4449, 0x5F55, 0x6E64, 0x6566, 0x696E,
    0x6564, 0x32F6, 0x0000, 0x0094, 0x1000, 0x0B00, 0x0000, 0x0000, 0x1341, 0x4C5F, 0x4D49, 0x4449,
    0x5F54, 0x756E, 0x6552, 0x6571, 0x7565, 0x7374, 0xF700, 0x0000, 0x9410, 0x000B, 0x0000, 0x0000,
    0x000B, 0x414C, 0x5F4D, 0x4944, 0x495F, 0x454F, 0x58F8, 0x0000, 0x0094, 0x1000, 0x0B00, 0x0000,
    0x0000, 0x1641, 0x4C5F, 0x4D49, 0x4449, 0x5F53, 0x7973, 0x7465, 0x6D52, 0x6561, 0x6C54, 0x696D,
    0x65F8, 0x0000, 0x0094, 0x1000, 0x0B00, 0x0000, 0x0000, 0x1341, 0x4C5F, 0x4D49, 0x4449, 0x5F54,
    0x696D, 0x696E, 0x6743, 0x6C6F, 0x636B, 0xF900, 0x0000, 0x9410, 0x000B, 0x0000, 0x0000, 0x0012,
    0x414C, 0x5F4D, 0x4944, 0x495F, 0x556E, 0x6465, 0x6669, 0x6E65, 0x6433, 0xFA00, 0x0000, 0x9410,
    0x000B, 0x0000, 0x0000, 0x000D, 0x414C, 0x5F4D, 0x4944, 0x495F, 0x5374, 0x6172, 0x74FB, 0x0000,
    0x0094, 0x1000, 0x0B00, 0x0000, 0x0000, 0x1041, 0x4C5F, 0x4D49, 0x4449, 0x5F43, 0x6F6E, 0x7469,
    0x6E75, 0x65FC, 0x0000, 0x0094, 0x1000, 0x0B00, 0x0000, 0x0000, 0x0C41, 0x4C5F, 0x4D49, 0x4449,
    0x5F53, 0x746F, 0x70FD, 0x0000, 0x0094, 0x1000, 0x0B00, 0x0000, 0x0000, 0x1241, 0x4C5F, 0x4D49,
    0x4449, 0x5F55, 0x6E64, 0x6566, 0x696E, 0x6564, 0x34FE, 0x0000, 0x0094, 0x1000, 0x0B00, 0x0000,
    0x0000, 0x1541, 0x4C5F, 0x4D49, 0x4449, 0x5F41, 0x6374, 0x6976, 0x6553, 0x656E, 0x7369, 0x6E67,
    0xFF00, 0x0000, 0x9410, 0x000B, 0x0000, 0x0000, 0x0013, 0x414C, 0x5F4D, 0x4944, 0x495F, 0x5379,
    0x7374, 0x656D, 0x5265, 0x7365, 0x74FF, 0x0000, 0x0094, 0x1000, 0x0B00, 0x0000, 0x0000, 0x0C41,
    0x4C5F, 0x4D49, 0x4449, 0x5F4D, 0x6574, 0x6104, 0x0000, 0x0096, 0x6600, 0x0000, 0x0400, 0x0000,
    0x0000, 0x0D41, 0x4C5F, 0x4D49, 0x4449, 0x7374, 0x6174, 0x7573, 0x042E, 0x656F, 0x7300, 0x0000,
    0x0094, 0x0F00, 0x0A00, 0x0400, 0x0000, 0x0B41, 0x4C5F, 0x4D49, 0x4449, 0x6374, 0x726C, 0x0700,
    0x0000, 0x9410, 0x000B, 0x0000, 0x0000, 0x0013, 0x414C, 0x5F4D, 0x4944, 0x495F, 0x564F, 0x4C55,
    0x4D45, 0x5F43, 0x5452, 0x4C0A, 0x0000, 0x0094, 0x1000, 0x0B00, 0x0000, 0x0000, 0x1041, 0x4C5F,
    0x4D49, 0x4449, 0x5F50, 0x414E, 0x5F43, 0x5452, 0x4C10, 0x0000, 0x0094, 0x1000, 0x0B00, 0x0000,
    0x0000, 0x1541, 0x4C5F, 0x4D49, 0x4449, 0x5F50, 0x5249, 0x4F52, 0x4954, 0x595F, 0x4354, 0x524C,
    0x1400, 0x0000, 0x9410, 0x000B, 0x0000, 0x0000, 0x0011, 0x414C, 0x5F4D, 0x4944, 0x495F, 0x4658,
    0x5F43, 0x5452, 0x4C5F, 0x3015, 0x0000, 0x0094, 0x1000, 0x0B00, 0x0000, 0x0000, 0x1141, 0x4C5F,
    0x4D49, 0x4449, 0x5F46, 0x585F, 0x4354, 0x524C, 0x5F31, 0x1600, 0x0000, 0x9410, 0x000B, 0x0000,
    0x0000, 0x0011, 0x414C, 0x5F4D, 0x4944, 0x495F, 0x4658, 0x5F43, 0x5452, 0x4C5F, 0x3217, 0x0000,
    0x0094, 0x1000, 0x0B00, 0x0000, 0x0000, 0x1141, 0x4C5F, 0x4D49, 0x4449, 0x5F46, 0x585F, 0x4354,
    0x524C, 0x5F33, 0x1800, 0x0000, 0x9410, 0x000B, 0x0000, 0x0000, 0x0011, 0x414C, 0x5F4D, 0x4944,
    0x495F, 0x4658, 0x5F43, 0x5452, 0x4C5F, 0x3419, 0x0000, 0x0094, 0x1000, 0x0B00, 0x0000, 0x0000,
    0x1141, 0x4C5F, 0x4D49, 0x4449, 0x5F46, 0x585F, 0x4354, 0x524C, 0x5F35, 0x1A00, 0x0000, 0x9410,
    0x000B, 0x0000, 0x0000, 0x0011, 0x414C, 0x5F4D, 0x4944, 0x495F, 0x4658, 0x5F43, 0x5452, 0x4C5F,
    0x361B, 0x0000, 0x0094, 0x1000, 0x0B00, 0x0000, 0x0000, 0x1141, 0x4C5F, 0x4D49, 0x4449, 0x5F46,
    0x585F, 0x4354, 0x524C, 0x5F37, 0x1C00, 0x0000, 0x9410, 0x000B, 0x0000, 0x0000, 0x0011, 0x414C,
    0x5F4D, 0x4944, 0x495F, 0x4658, 0x5F43, 0x5452, 0x4C5F, 0x381D, 0x0000, 0x0094, 0x1000, 0x0B00,
    0x0000, 0x0000, 0x1141, 0x4C5F, 0x4D49, 0x4449, 0x5F46, 0x585F, 0x4354, 0x524C, 0x5F39, 0x4000,
    0x0000, 0x9410, 0x000B, 0x0000, 0x0000, 0x0014, 0x414C, 0x5F4D, 0x4944, 0x495F, 0x5355, 0x5354,
    0x4149, 0x4E5F, 0x4354, 0x524C, 0x5B00, 0x0000, 0x9410, 0x000B, 0x0000, 0x0000, 0x0010, 0x414C,
    0x5F4D, 0x4944, 0x495F, 0x4658, 0x315F, 0x4354, 0x524C, 0x5D00, 0x0000, 0x9410, 0x000B, 0x0000,
    0x0000, 0x0010, 0x414C, 0x5F4D, 0x4944, 0x495F, 0x4658, 0x335F, 0x4354, 0x524C, 0x0400, 0x0000,
    0x9666, 0x0000, 0x0004, 0x0000, 0x0000, 0x000B, 0x414C, 0x5F4D, 0x4944, 0x4963, 0x7472, 0x6C04,
    0x2E65, 0x6F73, 0x0000, 0x0000, 0x940F, 0x000A, 0x0004, 0x0000, 0x000B, 0x414C, 0x5F4D, 0x4944,
    0x496D, 0x6574, 0x6151, 0x0000, 0x0094, 0x1000, 0x0B00, 0x0000, 0x0000, 0x1241, 0x4C5F, 0x4D49,
    0x4449, 0x5F4D, 0x4554, 0x415F, 0x5445, 0x4D50, 0x4F2F, 0x0000, 0x0094, 0x1000, 0x0B00, 0x0000,
    0x0000, 0x1041, 0x4C5F, 0x4D49, 0x4449, 0x5F4D, 0x4554, 0x415F, 0x454F, 0x5404, 0x0000, 0x0096,
    0x6600, 0x0000, 0x0400, 0x0000, 0x0000, 0x0B41, 0x4C5F, 0x4D49, 0x4449, 0x6D65, 0x7461, 0x042E,
    0x656F, 0x7300, 0x0000, 0x0094, 0x0A00, 0x0800, 0x1000, 0x0000, 0x082E, 0x3130, 0x3366, 0x616B,
    0x6500, 0x0000, 0x0094, 0x0800, 0x1C00, 0x0000, 0x0000, 0x0663, 0x7572, 0x5074, 0x7204, 0x0000,
    0x0094, 0x0800, 0x0500, 0x0000, 0x0000, 0x096C, 0x6173, 0x7454, 0x6963, 0x6B73, 0x0800, 0x0000,
    0x9408, 0x0005, 0x0000, 0x0000, 0x0008, 0x6375, 0x7254, 0x6963, 0x6B73, 0x0C00, 0x0000, 0x9408,
    0x0003, 0x0000, 0x0000, 0x000A, 0x6C61, 0x7374, 0x5374, 0x6174, 0x7573, 0x1000, 0x0000, 0x9666,
    0x0000, 0x0010, 0x0000, 0x0000, 0x0008, 0x2E31, 0x3033, 0x6661, 0x6B65, 0x042E, 0x656F, 0x7300,
    0x0000, 0x0096, 0x0D00, 0x0800, 0x1000, 0x0000, 0x0000, 0x082E, 0x3130, 0x3366, 0x616B, 0x650B,
    0x414C, 0x5365, 0x714D, 0x6172, 0x6B65, 0x7200, 0x0000, 0x0094, 0x0A00, 0x0800, 0x0C00, 0x0000,
    0x082E, 0x3130, 0x3466, 0x616B, 0x6500, 0x0000, 0x0094, 0x0800, 0x0500, 0x0000, 0x0000, 0x0574,
    0x6963, 0x6B73, 0x0400, 0x0000, 0x9408, 0x000C, 0x0000, 0x0000, 0x0006, 0x7374, 0x6174, 0x7573,
    0x0500, 0x0000, 0x9408, 0x000C, 0x0000, 0x0000, 0x0005, 0x6279, 0x7465, 0x3106, 0x0000, 0x0094,
    0x0800, 0x0C00, 0x0000, 0x0000, 0x0562, 0x7974, 0x6532, 0x0800, 0x0000, 0x9408, 0x000F, 0x0000,
    0x0000, 0x0008, 0x6475, 0x7261, 0x7469, 0x6F6E, 0x0C00, 0x0000, 0x9666, 0x0000, 0x000C, 0x0000,
    0x0000, 0x0008, 0x2E31, 0x3034, 0x6661, 0x6B65, 0x042E, 0x656F, 0x7300, 0x0000, 0x0096, 0x0D00,
    0x0800, 0x0C00, 0x0000, 0x0000, 0x082E, 0x3130, 0x3466, 0x616B, 0x650B, 0x414C, 0x4D49, 0x4449,
    0x4576, 0x656E, 0x7400, 0x0000, 0x0094, 0x0A00, 0x0800, 0x0C00, 0x0000, 0x082E, 0x3130, 0x3566,
    0x616B, 0x6500, 0x0000, 0x0094, 0x0800, 0x0500, 0x0000, 0x0000, 0x0574, 0x6963, 0x6B73, 0x0400,
    0x0000, 0x9408, 0x000C, 0x0000, 0x0000, 0x0006, 0x7374, 0x6174, 0x7573, 0x0500, 0x0000, 0x9408,
    0x000C, 0x0000, 0x0000, 0x0004, 0x7479, 0x7065, 0x0600, 0x0000, 0x9408, 0x000C, 0x0000, 0x0000,
    0x0003, 0x6C65, 0x6E07, 0x0000, 0x0094, 0x0800, 0x0C00, 0x0000, 0x0000, 0x0562, 0x7974, 0x6531,
    0x0800, 0x0000, 0x9408, 0x000C, 0x0000, 0x0000, 0x0005, 0x6279, 0x7465, 0x3209, 0x0000, 0x0094,
    0x0800, 0x0C00, 0x0000, 0x0000, 0x0562, 0x7974, 0x6533, 0x0C00, 0x0000, 0x9666, 0x0000, 0x000C,
    0x0000, 0x0000, 0x0008, 0x2E31, 0x3035, 0x6661, 0x6B65, 0x042E, 0x656F, 0x7300, 0x0000, 0x0096,
    0x0D00, 0x0800, 0x0C00, 0x0000, 0x0000, 0x082E, 0x3130, 0x3566, 0x616B, 0x650C, 0x414C, 0x5465,
    0x6D70, 0x6F45, 0x7665, 0x6E74, 0x0000, 0x0000, 0x940A, 0x0008, 0x0008, 0x0000, 0x0008, 0x2E31,
    0x3036, 0x6661, 0x6B65, 0x0000, 0x0000, 0x9408, 0x0005, 0x0000, 0x0000, 0x0005, 0x7469, 0x636B,
    0x7304, 0x0000, 0x0094, 0x0800, 0x0C00, 0x0000, 0x0000, 0x0673, 0x7461, 0x7475, 0x7305, 0x0000,
    0x0094, 0x0800, 0x0C00, 0x0000, 0x0000, 0x0474, 0x7970, 0x6506, 0x0000, 0x0094, 0x0800, 0x0C00,
    0x0000, 0x0000, 0x036C, 0x656E, 0x0800, 0x0000, 0x9666, 0x0000, 0x0008, 0x0000, 0x0000, 0x0008,
    0x2E31, 0x3036, 0x6661, 0x6B65, 0x042E, 0x656F, 0x7300, 0x0000, 0x0096, 0x0D00, 0x0800, 0x0800,
    0x0000, 0x0000, 0x082E, 0x3130, 0x3666, 0x616B, 0x650A, 0x414C, 0x456E, 0x6445, 0x7665, 0x6E74,
    0x0000, 0x0000, 0x940A, 0x0008, 0x0004, 0x0000, 0x0008, 0x2E31, 0x3037, 0x6661, 0x6B65, 0x0000,
    0x0000, 0x9608, 0x0018, 0x001C, 0x0000, 0x0000, 0x0009, 0x414C, 0x566F, 0x6963, 0x655F, 0x7305,
    0x766F, 0x6963, 0x6504, 0x0000, 0x0096, 0x6600, 0x0000, 0x0400, 0x0000, 0x0000, 0x082E, 0x3130,
    0x3766, 0x616B, 0x6504, 0x2E65, 0x6F73, 0x0000, 0x0000, 0x960D, 0x0008, 0x0004, 0x0000, 0x0000,
    0x0008, 0x2E31, 0x3037, 0x6661, 0x6B65, 0x0B41, 0x4C4E, 0x6F74, 0x6545, 0x7665, 0x6E74, 0x0000,
    0x0000, 0x940A, 0x0008, 0x000C, 0x0000, 0x0008, 0x2E31, 0x3038, 0x6661, 0x6B65, 0x0000, 0x0000,
    0x9608, 0x0018, 0x001C, 0x0000, 0x0000, 0x0009, 0x414C, 0x566F, 0x6963, 0x655F, 0x7305, 0x766F,
    0x6963, 0x6504, 0x0000, 0x0094, 0x0800, 0x0500, 0x0000, 0x0000, 0x0564, 0x656C, 0x7461, 0x0800,
    0x0000, 0x9408, 0x000C, 0x0000, 0x0000, 0x0003, 0x766F, 0x6C0C, 0x0000, 0x0096, 0x6600, 0x0000,
    0x0C00, 0x0000, 0x0000, 0x082E, 0x3130, 0x3866, 0x616B, 0x6504, 0x2E65, 0x6F73, 0x0000, 0x0000,
    0x960D, 0x0008, 0x000C, 0x0000, 0x0000, 0x0008, 0x2E31, 0x3038, 0x6661, 0x6B65, 0x0D41, 0x4C56,
    0x6F6C, 0x756D, 0x6545, 0x7665, 0x6E74, 0x0000, 0x0000, 0x940A, 0x0008, 0x0002, 0x0000, 0x0008,
    0x2E31, 0x3039, 0x6661, 0x6B65, 0x0000, 0x0000, 0x9408, 0x0003, 0x0000, 0x0000, 0x0003, 0x766F,
    0x6C02, 0x0000, 0x0096, 0x6600, 0x0000, 0x0200, 0x0000, 0x0000, 0x082E, 0x3130, 0x3966, 0x616B,
    0x6504, 0x2E65, 0x6F73, 0x0000, 0x0000, 0x960D, 0x0008, 0x0002, 0x0000, 0x0000, 0x0008, 0x2E31,
    0x3039, 0x6661, 0x6B65, 0x0E41, 0x4C53, 0x6571, 0x7056, 0x6F6C, 0x4576, 0x656E, 0x7400, 0x0000,
    0x0094, 0x0A00, 0x0800, 0x0C00, 0x0000, 0x082E, 0x3131, 0x3066, 0x616B, 0x6500, 0x0000, 0x0096,
    0x0800, 0x1800, 0x1000, 0x0000, 0x0000, 0x082E, 0x3130, 0x3366, 0x616B, 0x6505, 0x7374, 0x6172,
    0x7404, 0x0000, 0x0096, 0x0800, 0x1800, 0x1000, 0x0000, 0x0000, 0x082E, 0x3130, 0x3366, 0x616B,
    0x6503, 0x656E, 0x6408, 0x0000, 0x0094, 0x0800, 0x0500, 0x0000, 0x0000, 0x0563, 0x6F75, 0x6E74,
    0x0C00, 0x0000, 0x9666, 0x0000, 0x000C, 0x0000, 0x0000, 0x0008, 0x2E31, 0x3130, 0x6661, 0x6B65,
    0x042E, 0x656F, 0x7300, 0x0000, 0x0096, 0x0D00, 0x0800, 0x0C00, 0x0000, 0x0000, 0x082E, 0x3131,
    0x3066, 0x616B, 0x650F, 0x414C, 0x5365, 0x7170, 0x4C6F, 0x6F70, 0x4576, 0x656E, 0x7400, 0x0000,
    0x0094, 0x0A00, 0x0800, 0x0200, 0x0000, 0x082E, 0x3131, 0x3166, 0x616B, 0x6500, 0x0000, 0x0094,
    0x0800, 0x0C00, 0x0000, 0x0000, 0x0463, 0x6861, 0x6E01, 0x0000, 0x0094, 0x0800, 0x0C00, 0x0000,
    0x0000, 0x0870, 0x7269, 0x6F72, 0x6974, 0x7902, 0x0000, 0x0096, 0x6600, 0x0000, 0x0200, 0x0000,
    0x0000, 0x082E, 0x3131, 0x3166, 0x616B, 0x6504, 0x2E65, 0x6F73, 0x0000, 0x0000, 0x960D, 0x0008,
    0x0002, 0x0000, 0x0000, 0x0008, 0x2E31, 0x3131, 0x6661, 0x6B65, 0x1341, 0x4C53, 0x6571, 0x7050,
    0x7269, 0x6F72, 0x6974, 0x7945, 0x7665, 0x6E74, 0x0000, 0x0000, 0x940A, 0x0008, 0x0004, 0x0000,
    0x0008, 0x2E31, 0x3132, 0x6661, 0x6B65, 0x0000, 0x0000, 0x9408, 0x0011, 0x0000, 0x0000, 0x0003,
    0x7365, 0x7104, 0x0000, 0x0096, 0x6600, 0x0000, 0x0400, 0x0000, 0x0000, 0x082E, 0x3131, 0x3266,
    0x616B, 0x6504, 0x2E65, 0x6F73, 0x0000, 0x0000, 0x960D, 0x0008, 0x0004, 0x0000, 0x0000, 0x0008,
    0x2E31, 0x3132, 0x6661, 0x6B65, 0x0E41, 0x4C53, 0x6571, 0x7053, 0x6571, 0x4576, 0x656E, 0x7400,
    0x0000, 0x0094, 0x0A00, 0x0800, 0x0400, 0x0000, 0x082E, 0x3131, 0x3366, 0x616B, 0x6500, 0x0000,
    0x0096, 0x0800, 0x1800, 0x1000, 0x0000, 0x0000, 0x0841, 0x4C42, 0x616E, 0x6B5F, 0x7304, 0x6261,
    0x6E6B, 0x0400, 0x0000, 0x9666, 0x0000, 0x0004, 0x0000, 0x0000, 0x0008, 0x2E31, 0x3133, 0x6661,
    0x6B65, 0x042E, 0x656F, 0x7300, 0x0000, 0x0096, 0x0D00, 0x0800, 0x0400, 0x0000, 0x0000, 0x082E,
    0x3131, 0x3366, 0x616B, 0x650F, 0x414C, 0x5365, 0x7170, 0x4261, 0x6E6B, 0x4576, 0x656E, 0x7400,
    0x0000, 0x0094, 0x0A00, 0x0800, 0x0C00, 0x0000, 0x082E, 0x3131, 0x3466, 0x616B, 0x6500, 0x0000,
    0x0096, 0x0800, 0x1800, 0x0000, 0x0000, 0x0000, 0x0E41, 0x4C56, 0x6F69, 0x6365, 0x5374, 0x6174,
    0x655F, 0x7302, 0x7673, 0x0400, 0x0000, 0x9408, 0x0011, 0x0000, 0x0000, 0x0008, 0x6F73, 0x6353,
    0x7461, 0x7465, 0x0800, 0x0000, 0x9408, 0x000C, 0x0000, 0x0000, 0x0004, 0x6368, 0x616E, 0x0C00,
    0x0000, 0x9666, 0x0000, 0x000C, 0x0000, 0x0000, 0x0008, 0x2E31, 0x3134, 0x6661, 0x6B65, 0x042E,
    0x656F, 0x7300, 0x0000, 0x0096, 0x0D00, 0x0800, 0x0C00, 0x0000, 0x0000, 0x082E, 0x3131, 0x3466,
    0x616B, 0x650A, 0x414C, 0x4F73, 0x6345, 0x7665, 0x6E74, 0x0000, 0x0000, 0x940C, 0x0009, 0x000C,
    0x0000, 0x0008, 0x2E31, 0x3135, 0x6661, 0x6B65, 0x0000, 0x0000, 0x960B, 0x0008, 0x000C, 0x0000,
    0x0000, 0x0008, 0x2E31, 0x3034, 0x6661, 0x6B65, 0x046D, 0x6964, 0x6900, 0x0000, 0x0096, 0x0B00,
    0x0800, 0x0C00, 0x0000, 0x0000, 0x082E, 0x3130, 0x3566, 0x616B, 0x6505, 0x7465, 0x6D70, 0x6F00,
    0x0000, 0x0096, 0x0B00, 0x0800, 0x0800, 0x0000, 0x0000, 0x082E, 0x3130, 0x3666, 0x616B, 0x6503,
    0x656E, 0x6400, 0x0000, 0x0096, 0x0B00, 0x0800, 0x0400, 0x0000, 0x0000, 0x082E, 0x3130, 0x3766,
    0x616B, 0x6504, 0x6E6F, 0x7465, 0x0000, 0x0000, 0x960B, 0x0008, 0x000C, 0x0000, 0x0000, 0x0008,
    0x2E31, 0x3038, 0x6661, 0x6B65, 0x0376, 0x6F6C, 0x0000, 0x0000, 0x960B, 0x0008, 0x000C, 0x0000,
    0x0000, 0x0008, 0x2E31, 0x3130, 0x6661, 0x6B65, 0x046C, 0x6F6F, 0x7000, 0x0000, 0x0096, 0x0B00,
    0x0800, 0x0200, 0x0000, 0x0000, 0x082E, 0x3130, 0x3966, 0x616B, 0x6505, 0x7370, 0x766F, 0x6C00,
    0x0000, 0x0096, 0x0B00, 0x0800, 0x0200, 0x0000, 0x0000, 0x082E, 0x3131, 0x3166, 0x616B, 0x650A,
    0x7370, 0x7072, 0x696F, 0x7269, 0x7479, 0x0000, 0x0000, 0x960B, 0x0008, 0x0004, 0x0000, 0x0000,
    0x0008, 0x2E31, 0x3132, 0x6661, 0x6B65, 0x0573, 0x7073, 0x6571, 0x0000, 0x0000, 0x960B, 0x0008,
    0x0004, 0x0000, 0x0000, 0x0008, 0x2E31, 0x3133, 0x6661, 0x6B65, 0x0673, 0x7062, 0x616E, 0x6B00,
    0x0000, 0x0096, 0x0B00, 0x0800, 0x0C00, 0x0000, 0x0000, 0x082E, 0x3131, 0x3466, 0x616B, 0x6503,
    0x6F73, 0x630C, 0x0000, 0x0096, 0x6600, 0x0000, 0x0C00, 0x0000, 0x0000, 0x082E, 0x3131, 0x3566,
    0x616B, 0x6504, 0x2E65, 0x6F73, 0x0000, 0x0000, 0x940A, 0x0008, 0x0010, 0x0000, 0x0008, 0x2E31,
    0x3136, 0x6661, 0x6B65, 0x0000, 0x0000, 0x9408, 0x0003, 0x0000, 0x0000, 0x0004, 0x7479, 0x7065,
    0x0400, 0x0000, 0x9608, 0x0009, 0x000C, 0x0000, 0x0000, 0x0008, 0x2E31, 0x3135, 0x6661, 0x6B65,
    0x036D, 0x7367, 0x1000, 0x0000, 0x9666, 0x0000, 0x0010, 0x0000, 0x0000, 0x0008, 0x2E31, 0x3136,
    0x6661, 0x6B65, 0x042E, 0x656F, 0x7300, 0x0000, 0x0096, 0x0D00, 0x0800, 0x1000, 0x0000, 0x0000,
    0x082E, 0x3131, 0x3666, 0x616B, 0x6507, 0x414C, 0x4576, 0x656E, 0x7400, 0x0000, 0x0094, 0x0A00,
    0x0800, 0x1C00, 0x0000, 0x082E, 0x3131, 0x3766, 0x616B, 0x6500, 0x0000, 0x0096, 0x0800, 0x0800,
    0x0800, 0x0000, 0x0000, 0x0841, 0x4C4C, 0x696E, 0x6B5F, 0x7304, 0x6E6F, 0x6465, 0x0800, 0x0000,
    0x9408, 0x0005, 0x0000, 0x0000, 0x0005, 0x6465, 0x6C74, 0x610C, 0x0000, 0x0096, 0x0800, 0x0800,
    0x1000, 0x0000, 0x0000, 0x082E, 0x3131, 0x3666, 0x616B, 0x6503, 0x6576, 0x741C, 0x0000, 0x0096,
    0x6600, 0x0000, 0x1C00, 0x0000, 0x0000, 0x082E, 0x3131, 0x3766, 0x616B, 0x6504, 0x2E65, 0x6F73,
    0x0000, 0x0000, 0x960D, 0x0008, 0x001C, 0x0000, 0x0000, 0x0008, 0x2E31, 0x3137, 0x6661, 0x6B65,
    0x0F41, 0x4C45, 0x7665, 0x6E74, 0x4C69, 0x7374, 0x4974, 0x656D, 0x0000, 0x0000, 0x940A, 0x0008,
    0x0014, 0x0000, 0x0008, 0x2E31, 0x3138, 0x6661, 0x6B65, 0x0000, 0x0000, 0x9608, 0x0008, 0x0008,
    0x0000, 0x0000, 0x0008, 0x414C, 0x4C69, 0x6E6B, 0x5F73, 0x0866, 0x7265, 0x654C, 0x6973, 0x7408,
    0x0000, 0x0096, 0x0800, 0x0800, 0x0800, 0x0000, 0x0000, 0x0841, 0x4C4C, 0x696E, 0x6B5F, 0x7309,
    0x616C, 0x6C6F, 0x634C, 0x6973, 0x7410, 0x0000, 0x0094, 0x0800, 0x0500, 0x0000, 0x0000, 0x0A65,
    0x7665, 0x6E74, 0x436F, 0x756E, 0x7414, 0x0000, 0x0096, 0x6600, 0x0000, 0x1400, 0x0000, 0x0000,
    0x082E, 0x3131, 0x3866, 0x616B, 0x6504, 0x2E65, 0x6F73, 0x0000, 0x0000, 0x960D, 0x0008, 0x0014,
    0x0000, 0x0000, 0x0008, 0x2E31, 0x3138, 0x6661, 0x6B65, 0x0C41, 0x4C45, 0x7665, 0x6E74, 0x5175,
    0x6575, 0x6500, 0x0000, 0x0094, 0x0A00, 0x0800, 0x3800, 0x0000, 0x0E41, 0x4C56, 0x6F69, 0x6365,
    0x5374, 0x6174, 0x655F, 0x7300, 0x0000, 0x0096, 0x0800, 0x1800, 0x3800, 0x0000, 0x0000, 0x0E41,
    0x4C56, 0x6F69, 0x6365, 0x5374, 0x6174, 0x655F, 0x7304, 0x6E65, 0x7874, 0x0400, 0x0000, 0x9608,
    0x0008, 0x001C, 0x0000, 0x0000, 0x0009, 0x414C, 0x566F, 0x6963, 0x655F, 0x7305, 0x766F, 0x6963,
    0x6520, 0x0000, 0x0096, 0x0800, 0x1800, 0x1000, 0x0000, 0x0000, 0x0941, 0x4C53, 0x6F75, 0x6E64,
    0x5F73, 0x0573, 0x6F75, 0x6E64, 0x2400, 0x0000, 0x9408, 0x0005, 0x0000, 0x0000, 0x000A, 0x656E,
    0x7645, 0x6E64, 0x5469, 0x6D65, 0x2800, 0x0000, 0x9408, 0x0006, 0x0000, 0x0000, 0x0005, 0x7069,
    0x7463, 0x682C, 0x0000, 0x0094, 0x0800, 0x0600, 0x0000, 0x0000, 0x0776, 0x6962, 0x7261, 0x746F,
    0x3000, 0x0000, 0x9408, 0x000C, 0x0000, 0x0000, 0x0007, 0x656E, 0x7647, 0x6169, 0x6E31, 0x0000,
    0x0094, 0x0800, 0x0C00, 0x0000, 0x0000, 0x0763, 0x6861, 0x6E6E, 0x656C, 0x3200, 0x0000, 0x9408,
    0x000C, 0x0000, 0x0000, 0x0003, 0x6B65, 0x7933, 0x0000, 0x0094, 0x0800, 0x0C00, 0x0000, 0x0000,
    0x0876, 0x656C, 0x6F63, 0x6974, 0x7934, 0x0000, 0x0094, 0x0800, 0x0C00, 0x0000, 0x0000, 0x0865,
    0x6E76, 0x5068, 0x6173, 0x6535, 0x0000, 0x0094, 0x0800, 0x0C00, 0x0000, 0x0000, 0x0570, 0x6861,
    0x7365, 0x3600, 0x0000, 0x9408, 0x000C, 0x0000, 0x0000, 0x0007, 0x7472, 0x656D, 0x656C, 0x6F37,
    0x0000, 0x0094, 0x0800, 0x0C00, 0x0000, 0x0000, 0x0566, 0x6C61, 0x6773, 0x3800, 0x0000, 0x9666,
    0x0000, 0x0038, 0x0000, 0x0000, 0x000E, 0x414C, 0x566F, 0x6963, 0x6553, 0x7461, 0x7465, 0x5F73,
    0x042E, 0x656F, 0x7300, 0x0000, 0x0096, 0x0D00, 0x0800, 0x3800, 0x0000, 0x0000, 0x0E41, 0x4C56,
    0x6F69, 0x6365, 0x5374, 0x6174, 0x655F, 0x730C, 0x414C, 0x566F, 0x6963, 0x6553, 0x7461, 0x7465,
    0x0000, 0x0000, 0x940A, 0x0008, 0x0010, 0x0000, 0x0008, 0x2E31, 0x3139, 0x6661, 0x6B65, 0x0000,
    0x0000, 0x9608, 0x0018, 0x0014, 0x0000, 0x0000, 0x0007, 0x2E39, 0x3666, 0x616B, 0x650A, 0x696E,
    0x7374, 0x7275, 0x6D65, 0x6E74, 0x0400, 0x0000, 0x9408, 0x0003, 0x0000, 0x0000, 0x0009, 0x6265,
    0x6E64, 0x5261, 0x6E67, 0x6506, 0x0000, 0x0094, 0x0800, 0x0C00, 0x0000, 0x0000, 0x0466, 0x7849,
    0x6407, 0x0000, 0x0094, 0x0800, 0x0C00, 0x0000, 0x0000, 0x0370, 0x616E, 0x0800, 0x0000, 0x9408,
    0x000C, 0x0000, 0x0000, 0x0008, 0x7072, 0x696F, 0x7269, 0x7479, 0x0900, 0x0000, 0x9408, 0x000C,
    0x0000, 0x0000, 0x0003, 0x766F, 0x6C0A, 0x0000, 0x0094, 0x0800, 0x0C00, 0x0000, 0x0000, 0x0566,
    0x786D, 0x6978, 0x0B00, 0x0000, 0x9408, 0x000C, 0x0000, 0x0000, 0x0007, 0x7375, 0x7374, 0x6169,
    0x6E0C, 0x0000, 0x0094, 0x0800, 0x0600, 0x0000, 0x0000, 0x0970, 0x6974, 0x6368, 0x4265, 0x6E64,
    0x1000, 0x0000, 0x9666, 0x0000, 0x0010, 0x0000, 0x0000, 0x0008, 0x2E31, 0x3139, 0x6661, 0x6B65,
    0x042E, 0x656F, 0x7300, 0x0000, 0x0096, 0x0D00, 0x0800, 0x1000, 0x0000, 0x0000, 0x082E, 0x3131,
    0x3966, 0x616B, 0x650B, 0x414C, 0x4368, 0x616E, 0x5374, 0x6174, 0x6500, 0x0000, 0x0094, 0x0A00,
    0x0800, 0x1C00, 0x0000, 0x0741, 0x4C53, 0x6571, 0x5F73, 0x0000, 0x0000, 0x9408, 0x001C, 0x0000,
    0x0000, 0x0004, 0x6261, 0x7365, 0x0400, 0x0000, 0x9408, 0x001C, 0x0000, 0x0000, 0x000A, 0x7472,
    0x6163, 0x6B53, 0x7461, 0x7274, 0x0800, 0x0000, 0x9408, 0x001C, 0x0000, 0x0000, 0x0006, 0x6375,
    0x7250, 0x7472, 0x0C00, 0x0000, 0x9408, 0x0005, 0x0000, 0x0000, 0x0009, 0x6C61, 0x7374, 0x5469,
    0x636B, 0x7310, 0x0000, 0x0094, 0x0800, 0x0500, 0x0000, 0x0000, 0x036C, 0x656E, 0x1400, 0x0000,
    0x9408, 0x0006, 0x0000, 0x0000, 0x0004, 0x716E, 0x7074, 0x1800, 0x0000, 0x9408, 0x0003, 0x0000,
    0x0000, 0x0008, 0x6469, 0x7669, 0x7369, 0x6F6E, 0x1A00, 0x0000, 0x9408, 0x0003, 0x0000, 0x0000,
    0x000A, 0x6C61, 0x7374, 0x5374, 0x6174, 0x7573, 0x1C00, 0x0000, 0x9666, 0x0000, 0x001C, 0x0000,
    0x0000, 0x0007, 0x414C, 0x5365, 0x715F, 0x7304, 0x2E65, 0x6F73, 0x0000, 0x0000, 0x960D, 0x0008,
    0x001C, 0x0000, 0x0000, 0x0007, 0x414C, 0x5365, 0x715F, 0x7305, 0x414C, 0x5365, 0x7100, 0x0000,
    0x0094, 0x0A00, 0x0800, 0x4400, 0x0000, 0x082E, 0x3132, 0x3066, 0x616B, 0x6500, 0x0000, 0x0096,
    0x0800, 0x3F00, 0x4000, 0x0000, 0x0100, 0x1000, 0x0000, 0x000B, 0x7472, 0x6163, 0x6B4F, 0x6666,
    0x7365, 0x7440, 0x0000, 0x0094, 0x0800, 0x0F00, 0x0000, 0x0000, 0x0864, 0x6976, 0x6973, 0x696F,
    0x6E44, 0x0000, 0x0096, 0x6600, 0x0000, 0x4400, 0x0000, 0x0000, 0x082E, 0x3132, 0x3066, 0x616B,
    0x6504, 0x2E65, 0x6F73, 0x0000, 0x0000, 0x960D, 0x0008, 0x0044, 0x0000, 0x0000, 0x0008, 0x2E31,
    0x3230, 0x6661, 0x6B65, 0x0A41, 0x4C43, 0x4D69, 0x6469, 0x4864, 0x7200, 0x0000, 0x0094, 0x0A00,
    0x0800, 0xF800, 0x0000, 0x0841, 0x4C43, 0x5365, 0x715F, 0x7300, 0x0000, 0x0096, 0x0800, 0x1800,
    0x4400, 0x0000, 0x0000, 0x082E, 0x3132, 0x3066, 0x616B, 0x6504, 0x6261, 0x7365, 0x0400, 0x0000,
    0x9408, 0x000F, 0x0000, 0x0000, 0x000B, 0x7661, 0x6C69, 0x6454, 0x7261, 0x636B, 0x7308, 0x0000,
    0x0094, 0x0800, 0x0600, 0x0000, 0x0000, 0x0471, 0x6E70, 0x740C, 0x0000, 0x0094, 0x0800, 0x0F00,
    0x0000, 0x0000, 0x096C, 0x6173, 0x7454, 0x6963, 0x6B73, 0x1000, 0x0000, 0x9408, 0x000F, 0x0000,
    0x0000, 0x000E, 0x6C61, 0x7374, 0x4465, 0x6C74, 0x6154, 0x6963, 0x6B73, 0x1400, 0x0000, 0x9408,
    0x000F, 0x0000, 0x0000, 0x0009, 0x6465, 0x6C74, 0x6146, 0x6C61, 0x6718, 0x0000, 0x0096, 0x0800,
    0x7C00, 0x4000, 0x0000, 0x0100, 0x1000, 0x0000, 0x0006, 0x6375, 0x724C, 0x6F63, 0x5800, 0x0000,
    0x9608, 0x007C, 0x0040, 0x0000, 0x0001, 0x0010, 0x0000, 0x0000, 0x0863, 0x7572, 0x4255, 0x5074,
    0x7298, 0x0000, 0x0096, 0x0800, 0x3C00, 0x1000, 0x0000, 0x0100, 0x1000, 0x0000, 0x0008, 0x6375,
    0x7242, 0x554C, 0x656E, 0xA800, 0x0000, 0x9608, 0x003C, 0x0010, 0x0000, 0x0001, 0x0010, 0x0000,
    0x0000, 0x0A6C, 0x6173, 0x7453, 0x7461, 0x7475, 0x73B8, 0x0000, 0x0096, 0x0800, 0x3F00, 0x4000,
    0x0000, 0x0100, 0x1000, 0x0000, 0x000D, 0x6576, 0x7444, 0x656C, 0x7461, 0x5469, 0x636B, 0x73F8,
    0x0000, 0x0096, 0x6600, 0x0000, 0xF800, 0x0000, 0x0000, 0x0841, 0x4C43, 0x5365, 0x715F, 0x7304,
    0x2E65, 0x6F73, 0x0000, 0x0000, 0x960D, 0x0008, 0x00F8, 0x0000, 0x0000, 0x0008, 0x414C, 0x4353,
    0x6571, 0x5F73, 0x0641, 0x4C43, 0x5365, 0x7100, 0x0000, 0x0094, 0x0A00, 0x0800, 0xEC00, 0x0000,
    0x082E, 0x3132, 0x3166, 0x616B, 0x6500, 0x0000, 0x0094, 0x0800, 0x0F00, 0x0000, 0x0000, 0x0B76,
    0x616C, 0x6964, 0x5472, 0x6163, 0x6B73, 0x0400, 0x0000, 0x9408, 0x0005, 0x0000, 0x0000, 0x0009,
    0x6C61, 0x7374, 0x5469, 0x636B, 0x7308, 0x0000, 0x0094, 0x0800, 0x0F00, 0x0000, 0x0000, 0x0E6C,
    0x6173, 0x7444, 0x656C, 0x7461, 0x5469, 0x636B, 0x730C, 0x0000, 0x0096, 0x0800, 0x7C00, 0x4000,
    0x0000, 0x0100, 0x1000, 0x0000, 0x0006, 0x6375, 0x724C, 0x6F63, 0x4C00, 0x0000, 0x9608, 0x007C,
    0x0040, 0x0000, 0x0001, 0x0010, 0x0000, 0x0000, 0x0863, 0x7572, 0x4255, 0x5074, 0x728C, 0x0000,
    0x0096, 0x0800, 0x3C00, 0x1000, 0x0000, 0x0100, 0x1000, 0x0000, 0x0008, 0x6375, 0x7242, 0x554C,
    0x656E, 0x9C00, 0x0000, 0x9608, 0x003C, 0x0010, 0x0000, 0x0001, 0x0010, 0x0000, 0x0000, 0x0A6C,
    0x6173, 0x7453, 0x7461, 0x7475, 0x73AC, 0x0000, 0x0096, 0x0800, 0x3F00, 0x4000, 0x0000, 0x0100,
    0x1000, 0x0000, 0x000D, 0x6576, 0x7444, 0x656C, 0x7461, 0x5469, 0x636B, 0x73EC, 0x0000, 0x0096,
    0x6600, 0x0000, 0xEC00, 0x0000, 0x0000, 0x082E, 0x3132, 0x3166, 0x616B, 0x6504, 0x2E65, 0x6F73,
    0x0000, 0x0000, 0x960D, 0x0008, 0x00EC, 0x0000, 0x0000, 0x0008, 0x2E31, 0x3231, 0x6661, 0x6B65,
    0x0C41, 0x4C43, 0x5365, 0x714D, 0x6172, 0x6B65, 0x7200, 0x0000, 0x0094, 0x0A00, 0x0800, 0x1C00,
    0x0000, 0x082E, 0x3132, 0x3266, 0x616B, 0x6500, 0x0000, 0x0094, 0x0800, 0x0500, 0x0000, 0x0000,
    0x096D, 0x6178, 0x566F, 0x6963, 0x6573, 0x0400, 0x0000, 0x9408, 0x0005, 0x0000, 0x0000, 0x0009,
    0x6D61, 0x7845, 0x7665, 0x6E74, 0x7308, 0x0000, 0x0094, 0x0800, 0x0C00, 0x0000, 0x0000, 0x0B6D,
    0x6178, 0x4368, 0x616E, 0x6E65, 0x6C73, 0x0900, 0x0000, 0x9408, 0x000C, 0x0000, 0x0000, 0x000A,
    0x6465, 0x6275, 0x6746, 0x6C61, 0x6773, 0x0C00, 0x0000, 0x9608, 0x0018, 0x0010, 0x0000, 0x0000,
    0x0007, 0x2E38, 0x3466, 0x616B, 0x6504, 0x6865, 0x6170, 0x1000, 0x0000, 0x9408, 0x0011, 0x0000,
    0x0000, 0x0007, 0x696E, 0x6974, 0x4F73, 0x6314, 0x0000, 0x0094, 0x0800, 0x1100, 0x0000, 0x0000,
    0x0975, 0x7064, 0x6174, 0x654F, 0x7363, 0x1800, 0x0000, 0x9408, 0x0011, 0x0000, 0x0000, 0x0007,
    0x7374, 0x6F70, 0x4F73, 0x631C, 0x0000, 0x0096, 0x6600, 0x0000, 0x1C00, 0x0000, 0x0000, 0x082E,
    0x3132, 0x3266, 0x616B, 0x6504, 0x2E65, 0x6F73, 0x0000, 0x0000, 0x960D, 0x0008, 0x001C, 0x0000,
    0x0000, 0x0008, 0x2E31, 0x3232, 0x6661, 0x6B65, 0x0C41, 0x4C53, 0x6571, 0x7043, 0x6F6E, 0x6669,
    0x6700, 0x0000, 0x0094, 0x0D00, 0x9500, 0x0000, 0x0000, 0x0941, 0x4C4F, 0x7363, 0x496E, 0x6974,
    0x0000, 0x0000, 0x940D, 0x0095, 0x0000, 0x0000, 0x000B, 0x414C, 0x4F73, 0x6355, 0x7064, 0x6174,
    0x6500, 0x0000, 0x0094, 0x0D00, 0x9100, 0x0000, 0x0000, 0x0941, 0x4C4F, 0x7363, 0x5374, 0x6F70,
    0x0000, 0x0000, 0x940A, 0x0008, 0x0088, 0x0000, 0x0008, 0x2E31, 0x3233, 0x6661, 0x6B65, 0x0000,
    0x0000, 0x9608, 0x0008, 0x0014, 0x0000, 0x0000, 0x000A, 0x414C, 0x506C, 0x6179, 0x6572, 0x5F73,
    0x046E, 0x6F64, 0x6514, 0x0000, 0x0096, 0x0800, 0x1800, 0x4C00, 0x0000, 0x0000, 0x082E, 0x3130,
    0x3166, 0x616B, 0x6504, 0x6472, 0x7672, 0x1800, 0x0000, 0x9608, 0x0018, 0x001C, 0x0000, 0x0000,
    0x0007, 0x414C, 0x5365, 0x715F, 0x7306, 0x7461, 0x7267, 0x6574, 0x1C00, 0x0000, 0x9408, 0x0005,
    0x0000, 0x0000, 0x0007, 0x6375, 0x7254, 0x696D, 0x6520, 0x0000, 0x0096, 0x0800, 0x1800, 0x1000,
    0x0000, 0x0000, 0x0841, 0x4C42, 0x616E, 0x6B5F, 0x7304, 0x6261, 0x6E6B, 0x2400, 0x0000, 0x9408,
    0x0005, 0x0000, 0x0000, 0x0004, 0x7573, 0x7074, 0x2800, 0x0000, 0x9408, 0x0005, 0x0000, 0x0000,
    0x0009, 0x6E65, 0x7874, 0x4465, 0x6C74, 0x612C, 0x0000, 0x0094, 0x0800, 0x0500, 0x0000, 0x0000,
    0x0573, 0x7461, 0x7465, 0x3000, 0x0000, 0x9408, 0x000D, 0x0000, 0x0000, 0x0008, 0x6368, 0x616E,
    0x4D61, 0x736B, 0x3200, 0x0000, 0x9408, 0x0003, 0x0000, 0x0000, 0x0003, 0x766F, 0x6C34, 0x0000,
    0x0094, 0x0800, 0x0C00, 0x0000, 0x0000, 0x0B6D, 0x6178, 0x4368, 0x616E, 0x6E65, 0x6C73, 0x3500,
    0x0000, 0x9408, 0x000C, 0x0000, 0x0000, 0x000A, 0x6465, 0x6275, 0x6746, 0x6C61, 0x6773, 0x3800,
    0x0000, 0x9608, 0x0008, 0x0010, 0x0000, 0x0000, 0x0008, 0x2E31, 0x3136, 0x6661, 0x6B65, 0x096E,
    0x6578, 0x7445, 0x7665, 0x6E74, 0x4800, 0x0000, 0x9608, 0x0008, 0x0014, 0x0000, 0x0000, 0x0008,
    0x2E31, 0x3138, 0x6661, 0x6B65, 0x0465, 0x7674, 0x715C, 0x0000, 0x0094, 0x0800, 0x0500, 0x0000,
    0x0000, 0x0966, 0x7261, 0x6D65, 0x5469, 0x6D65, 0x6000, 0x0000, 0x9608, 0x0018, 0x0010, 0x0000,
    0x0000, 0x0008, 0x2E31, 0x3139, 0x6661, 0x6B65, 0x0963, 0x6861, 0x6E53, 0x7461, 0x7465, 0x6400,
    0x0000, 0x9608, 0x0018, 0x0038, 0x0000, 0x0000, 0x000E, 0x414C, 0x566F, 0x6963, 0x6553, 0x7461,
    0x7465, 0x5F73, 0x0A76, 0x416C, 0x6C6F, 0x6348, 0x6561, 0x6468, 0x0000, 0x0096, 0x0800, 0x1800,
    0x3800, 0x0000, 0x0000, 0x0E41, 0x4C56, 0x6F69, 0x6365, 0x5374, 0x6174, 0x655F, 0x730A, 0x7641,
    0x6C6C, 0x6F63, 0x5461, 0x696C, 0x6C00, 0x0000, 0x9608, 0x0018, 0x0038, 0x0000, 0x0000, 0x000E,
    0x414C, 0x566F, 0x6963, 0x6553, 0x7461, 0x7465, 0x5F73, 0x0976, 0x4672, 0x6565, 0x4C69, 0x7374,
    0x7000, 0x0000, 0x9408, 0x0095, 0x0000, 0x0000, 0x0007, 0x696E, 0x6974, 0x4F73, 0x6374, 0x0000,
    0x0094, 0x0800, 0x9500, 0x0000, 0x0000, 0x0975, 0x7064, 0x6174, 0x654F, 0x7363, 0x7800, 0x0000,
    0x9408, 0x0091, 0x0000, 0x0000, 0x0007, 0x7374, 0x6F70, 0x4F73, 0x637C, 0x0000, 0x0096, 0x0800,
    0x1800, 0x1000, 0x0000, 0x0000, 0x082E, 0x3130, 0x3366, 0x616B, 0x6509, 0x6C6F, 0x6F70, 0x5374,
    0x6172, 0x7480, 0x0000, 0x0096, 0x0800, 0x1800, 0x1000, 0x0000, 0x0000, 0x082E, 0x3130, 0x3366,
    0x616B, 0x6507, 0x6C6F, 0x6F70, 0x456E, 0x6484, 0x0000, 0x0094, 0x0800, 0x0500, 0x0000, 0x0000,
    0x096C, 0x6F6F, 0x7043, 0x6F75, 0x6E74, 0x8800, 0x0000, 0x9666, 0x0000, 0x0088, 0x0000, 0x0000,
    0x0008, 0x2E31, 0x3233, 0x6661, 0x6B65, 0x042E, 0x656F, 0x7300, 0x0000, 0x0096, 0x0D00, 0x0800,
    0x8800, 0x0000, 0x0000, 0x082E, 0x3132, 0x3366, 0x616B, 0x650B, 0x414C, 0x5365, 0x7150, 0x6C61,
    0x7965, 0x7200, 0x0000, 0x0094, 0x0A00, 0x0800, 0x7C00, 0x0000, 0x082E, 0x3132, 0x3466, 0x616B,
    0x6500, 0x0000, 0x0096, 0x0800, 0x0800, 0x1400, 0x0000, 0x0000, 0x0A41, 0x4C50, 0x6C61, 0x7965,
    0x725F, 0x7304, 0x6E6F, 0x6465, 0x1400, 0x0000, 0x9608, 0x0018, 0x004C, 0x0000, 0x0000, 0x0008,
    0x2E31, 0x3031, 0x6661, 0x6B65, 0x0464, 0x7276, 0x7218, 0x0000, 0x0096, 0x0800, 0x1800, 0xF800,
    0x0000, 0x0000, 0x0841, 0x4C43, 0x5365, 0x715F, 0x7306, 0x7461, 0x7267, 0x6574, 0x1C00, 0x0000,
    0x9408, 0x0005, 0x0000, 0x0000, 0x0007, 0x6375, 0x7254, 0x696D, 0x6520, 0x0000, 0x0096, 0x0800,
    0x1800, 0x1000, 0x0000, 0x0000, 0x0841, 0x4C42, 0x616E, 0x6B5F, 0x7304, 0x6261, 0x6E6B, 0x2400,
    0x0000, 0x9408, 0x0005, 0x0000, 0x0000, 0x0004, 0x7573, 0x7074, 0x2800, 0x0000, 0x9408, 0x0005,
    0x0000, 0x0000, 0x0009, 0x6E65, 0x7874, 0x4465, 0x6C74, 0x612C, 0x0000, 0x0094, 0x0800, 0x0500,
    0x0000, 0x0000, 0x0573, 0x7461, 0x7465, 0x3000, 0x0000, 0x9408, 0x000D, 0x0000, 0x0000, 0x0008,
    0x6368, 0x616E, 0x4D61, 0x736B, 0x3200, 0x0000, 0x9408, 0x0003, 0x0000, 0x0000, 0x0003, 0x766F,
    0x6C34, 0x0000, 0x0094, 0x0800, 0x0C00, 0x0000, 0x0000, 0x0B6D, 0x6178, 0x4368, 0x616E, 0x6E65,
    0x6C73, 0x3500, 0x0000, 0x9408, 0x000C, 0x0000, 0x0000, 0x000A, 0x6465, 0x6275, 0x6746, 0x6C61,
    0x6773, 0x3800, 0x0000, 0x9608, 0x0008, 0x0010, 0x0000, 0x0000, 0x0008, 0x2E31, 0x3136, 0x6661,
    0x6B65, 0x096E, 0x6578, 0x7445, 0x7665, 0x6E74, 0x4800, 0x0000, 0x9608, 0x0008, 0x0014, 0x0000,
    0x0000, 0x0008, 0x2E31, 0x3138, 0x6661, 0x6B65, 0x0465, 0x7674, 0x715C, 0x0000, 0x0094, 0x0800,
    0x0500, 0x0000, 0x0000, 0x0966, 0x7261, 0x6D65, 0x5469, 0x6D65, 0x6000, 0x0000, 0x9608, 0x0018,
    0x0010, 0x0000, 0x0000, 0x0008, 0x2E31, 0x3139, 0x6661, 0x6B65, 0x0963, 0x6861, 0x6E53, 0x7461,
    0x7465, 0x6400, 0x0000, 0x9608, 0x0018, 0x0038, 0x0000, 0x0000, 0x000E, 0x414C, 0x566F, 0x6963,
    0x6553, 0x7461, 0x7465, 0x5F73, 0x0A76, 0x416C, 0x6C6F, 0x6348, 0x6561, 0x6468, 0x0000, 0x0096,
    0x0800, 0x1800, 0x3800, 0x0000, 0x0000, 0x0E41, 0x4C56, 0x6F69, 0x6365, 0x5374, 0x6174, 0x655F,
    0x730A, 0x7641, 0x6C6C, 0x6F63, 0x5461, 0x696C, 0x6C00, 0x0000, 0x9608, 0x0018, 0x0038, 0x0000,
    0x0000, 0x000E, 0x414C, 0x566F, 0x6963, 0x6553, 0x7461, 0x7465, 0x5F73, 0x0976, 0x4672, 0x6565,
    0x4C69, 0x7374, 0x7000, 0x0000, 0x9408, 0x0095, 0x0000, 0x0000, 0x0007, 0x696E, 0x6974, 0x4F73,
    0x6374, 0x0000, 0x0094, 0x0800, 0x9500, 0x0000, 0x0000, 0x0975, 0x7064, 0x6174, 0x654F, 0x7363,
    0x7800, 0x0000, 0x9408, 0x0091, 0x0000, 0x0000, 0x0007, 0x7374, 0x6F70, 0x4F73, 0x637C, 0x0000,
    0x0096, 0x6600, 0x0000, 0x7C00, 0x0000, 0x0000, 0x082E, 0x3132, 0x3466, 0x616B, 0x6504, 0x2E65,
    0x6F73, 0x0000, 0x0000, 0x960D, 0x0008, 0x007C, 0x0000, 0x0000, 0x0008, 0x2E31, 0x3234, 0x6661,
    0x6B65, 0x0A41, 0x4C43, 0x5350, 0x6C61, 0x7965, 0x7200, 0x0000, 0x0094, 0x0A00, 0x0800, 0x0C00,
    0x0000, 0x082E, 0x3132, 0x3566, 0x616B, 0x6500, 0x0000, 0x0094, 0x0800, 0x0500, 0x0000, 0x0000,
    0x096D, 0x6178, 0x536F, 0x756E, 0x6473, 0x0400, 0x0000, 0x9408, 0x0005, 0x0000, 0x0000, 0x0009,
    0x6D61, 0x7845, 0x7665, 0x6E74, 0x7308, 0x0000, 0x0096, 0x0800, 0x1800, 0x1000, 0x0000, 0x0000,
    0x072E, 0x3834, 0x6661, 0x6B65, 0x0468, 0x6561, 0x700C, 0x0000, 0x0096, 0x6600, 0x0000, 0x0C00,
    0x0000, 0x0000, 0x082E, 0x3132, 0x3566, 0x616B, 0x6504, 0x2E65, 0x6F73, 0x0000, 0x0000, 0x960D,
    0x0008, 0x000C, 0x0000, 0x0000, 0x0008, 0x2E31, 0x3235, 0x6661, 0x6B65, 0x0C41, 0x4C53, 0x6E64,
    0x7043, 0x6F6E, 0x6669, 0x6700, 0x0000, 0x0094, 0x0A00, 0x0800, 0x5400, 0x0000, 0x082E, 0x3132,
    0x3666, 0x616B, 0x6500, 0x0000, 0x0096, 0x0800, 0x0800, 0x1400, 0x0000, 0x0000, 0x0A41, 0x4C50,
    0x6C61, 0x7965, 0x725F, 0x7304, 0x6E6F, 0x6465, 0x1400, 0x0000, 0x9608, 0x0008, 0x0014, 0x0000,
    0x0000, 0x0008, 0x2E31, 0x3138, 0x6661, 0x6B65, 0x0465, 0x7674, 0x7128, 0x0000, 0x0096, 0x0800,
    0x0800, 0x1000, 0x0000, 0x0000, 0x082E, 0x3131, 0x3666, 0x616B, 0x6509, 0x6E65, 0x7874, 0x4576,
    0x656E, 0x7438, 0x0000, 0x0096, 0x0800, 0x1800, 0x4C00, 0x0000, 0x0000, 0x082E, 0x3130, 0x3166,
    0x616B, 0x6504, 0x6472, 0x7672, 0x3C00, 0x0000, 0x9408, 0x0005, 0x0000, 0x0000, 0x0006, 0x7461,
    0x7267, 0x6574, 0x4000, 0x0000, 0x9408, 0x0011, 0x0000, 0x0000, 0x0008, 0x736E, 0x6453, 0x7461,
    0x7465, 0x4400, 0x0000, 0x9408, 0x0005, 0x0000, 0x0000, 0x0009, 0x6D61, 0x7853, 0x6F75, 0x6E64,
    0x7348, 0x0000, 0x0094, 0x0800, 0x0500, 0x0000, 0x0000, 0x0966, 0x7261, 0x6D65, 0x5469, 0x6D65,
    0x4C00, 0x0000, 0x9408, 0x0005, 0x0000, 0x0000, 0x0009, 0x6E65, 0x7874, 0x4465, 0x6C74, 0x6150,
    0x0000, 0x0094, 0x0800, 0x0500, 0x0000, 0x0000, 0x0763, 0x7572, 0x5469, 0x6D65, 0x5400, 0x0000,
    0x9666, 0x0000, 0x0054, 0x0000, 0x0000, 0x0008, 0x2E31, 0x3236, 0x6661, 0x6B65, 0x042E, 0x656F,
    0x7300, 0x0000, 0x0096, 0x0D00, 0x0800, 0x5400, 0x0000, 0x0000, 0x082E, 0x3132, 0x3666, 0x616B,
    0x650B, 0x414C, 0x536E, 0x6450, 0x6C61, 0x7965, 0x7200, 0x0000, 0x0094, 0x0D00, 0x0300, 0x0000,
    0x0000, 0x0741, 0x4C53, 0x6E64, 0x4964, 0x0000, 0x0000, 0x940A, 0x0008, 0x002C, 0x0000, 0x0008,
    0x2E31, 0x3237, 0x6661, 0x6B65, 0x0000, 0x0000, 0x9408, 0x001C, 0x0000, 0x0000, 0x0004, 0x6261,
    0x7365, 0x0400, 0x0000, 0x9408, 0x0004, 0x0000, 0x0000, 0x0003, 0x666D, 0x7408, 0x0000, 0x0094,
    0x0800, 0x0400, 0x0000, 0x0000, 0x0373, 0x697A, 0x0C00, 0x0000, 0x9408, 0x0004, 0x0000, 0x0000,
    0x0005, 0x7873, 0x697A, 0x6510, 0x0000, 0x0094, 0x0800, 0x0400, 0x0000, 0x0000, 0x0579, 0x7369,
    0x7A65, 0x1400, 0x0000, 0x9408, 0x0004, 0x0000, 0x0000, 0x0005, 0x6C73, 0x697A, 0x6518, 0x0000,
    0x0094, 0x0800, 0x0400, 0x0000, 0x0000, 0x0461, 0x6464, 0x721C, 0x0000, 0x0094, 0x0800, 0x0400,
    0x0000, 0x0000, 0x0177, 0x2000, 0x0000, 0x9408, 0x0004, 0x0000, 0x0000, 0x0001, 0x6824, 0x0000,
    0x0094, 0x0800, 0x0400, 0x0000, 0x0000, 0x0173, 0x2800, 0x0000, 0x9408, 0x0004, 0x0000, 0x0000,
    0x0001, 0x742C, 0x0000, 0x0096, 0x6600, 0x0000, 0x2C00, 0x0000, 0x0000, 0x082E, 0x3132, 0x3766,
    0x616B, 0x6504, 0x2E65, 0x6F73, 0x0000, 0x0000, 0x960D, 0x0008, 0x002C, 0x0000, 0x0000, 0x0008,
    0x2E31, 0x3237, 0x6661, 0x6B65, 0x0549, 0x6D61, 0x6765, 0x0000, 0x0000, 0x940A, 0x0008, 0x0020,
    0x0000, 0x0008, 0x2E31, 0x3238, 0x6661, 0x6B65, 0x0000, 0x0000, 0x9608, 0x0036, 0x000C, 0x0000,
    0x0001, 0x0003, 0x0000, 0x0000, 0x0363, 0x6F6C, 0x0C00, 0x0000, 0x9608, 0x0036, 0x000C, 0x0000,
    0x0001, 0x0003, 0x0000, 0x0000, 0x0370, 0x6F73, 0x1800, 0x0000, 0x9408, 0x0006, 0x0000, 0x0000,
    0x0002, 0x6131, 0x1C00, 0x0000, 0x9408, 0x0006, 0x0000, 0x0000, 0x0002, 0x6132, 0x2000, 0x0000,
    0x9666, 0x0000, 0x0020, 0x0000, 0x0000, 0x0008, 0x2E31, 0x3238, 0x6661, 0x6B65, 0x042E, 0x656F,
    0x7300, 0x0000, 0x0096, 0x0D00, 0x0800, 0x2000, 0x0000, 0x0000, 0x082E, 0x3132, 0x3866, 0x616B,
    0x650F, 0x506F, 0x7369, 0x7469, 0x6F6E, 0x616C, 0x4C69, 0x6768, 0x7400, 0x0000, 0x0094, 0x0A00,
    0x0800, 0x1000, 0x0000, 0x082E, 0x3132, 0x3966, 0x616B, 0x6500, 0x0000, 0x0094, 0x0800, 0x0400,
    0x0000, 0x0000, 0x0864, 0x6174, 0x6153, 0x697A, 0x6504, 0x0000, 0x0094, 0x0800, 0x0400, 0x0000,
    0x0000, 0x0664, 0x6C54, 0x7970, 0x6508, 0x0000, 0x0094, 0x0800, 0x0400, 0x0000, 0x0000, 0x0566,
    0x6C61, 0x6773, 0x0C00, 0x0000, 0x9408, 0x000F, 0x0000, 0x0000, 0x0005, 0x7061, 0x6464, 0x7210,
    0x0000, 0x0096, 0x6600, 0x0000, 0x1000, 0x0000, 0x0000, 0x082E, 0x3132, 0x3966, 0x616B, 0x6504,
    0x2E65, 0x6F73, 0x0000, 0x0000, 0x960D, 0x0008, 0x0010, 0x0000, 0x0000, 0x0008, 0x2E31, 0x3239,
    0x6661, 0x6B65, 0x0B67, 0x7544, 0x4C50, 0x7269, 0x6E74, 0x4342, 0x0000, 0x0000, 0x940A, 0x0008,
    0x0000, 0x6000, 0x0008, 0x2E31, 0x3330, 0x6661, 0x6B65, 0x0000, 0x0000, 0x9408, 0x0005, 0x0000,
    0x0000, 0x0004, 0x7479, 0x7065, 0x0400, 0x0000, 0x9408, 0x0005, 0x0000, 0x0000, 0x0006, 0x6C65,
    0x6E67, 0x7468, 0x0800, 0x0000, 0x9408, 0x0005, 0x0000, 0x0000, 0x0005, 0x6D61, 0x6769, 0x630C,
    0x0000, 0x0096, 0x0800, 0x3200, 0xF45F, 0x0000, 0x0100, 0xF45F, 0x0000, 0x0008, 0x7573, 0x6572,
    0x6461, 0x7461, 0x0060, 0x0000, 0x9666, 0x0000, 0x0000, 0x6000, 0x0000, 0x0008, 0x2E31, 0x3330,
    0x6661, 0x6B65, 0x042E, 0x656F, 0x7300, 0x0000, 0x0096, 0x0D00, 0x0800, 0x0060, 0x0000, 0x0000,
    0x082E, 0x3133, 0x3066, 0x616B, 0x650C, 0x5261, 0x6D52, 0x6F6D, 0x4275, 0x6666, 0x6572, 0x0000,
    0x0000, 0x940A, 0x0008, 0x0010, 0x0000, 0x0006, 0x6269, 0x746D, 0x6170, 0x0000, 0x0000, 0x9408,
    0x0003, 0x0000, 0x0000, 0x0005, 0x7769, 0x6474, 0x6802, 0x0000, 0x0094, 0x0800, 0x0300, 0x0000,
    0x0000, 0x0977, 0x6964, 0x7468, 0x5F69, 0x6D67, 0x0400, 0x0000, 0x9408, 0x0003, 0x0000, 0x0000,
    0x0001, 0x7306, 0x0000, 0x0094, 0x0800, 0x0300, 0x0000, 0x0000, 0x0174, 0x0800, 0x0000, 0x9408,
    0x0011, 0x0000, 0x0000, 0x0003, 0x6275, 0x660C, 0x0000, 0x0094, 0x0800, 0x0300, 0x0000, 0x0000,
    0x0C61, 0x6374, 0x7561, 0x6C48, 0x6569, 0x6768, 0x740E, 0x0000, 0x0094, 0x0800, 0x0300, 0x0000,
    0x0000, 0x094C, 0x5554, 0x6F66, 0x6673, 0x6574, 0x1000, 0x0000, 0x9666, 0x0000, 0x0010, 0x0000,
    0x0000, 0x0006, 0x6269, 0x746D, 0x6170, 0x042E, 0x656F, 0x7300, 0x0000, 0x0096, 0x0D00, 0x0800,
    0x1000, 0x0000, 0x0000, 0x0662, 0x6974, 0x6D61, 0x7006, 0x4269, 0x746D, 0x6170, 0x0000, 0x0000,
    0x940A, 0x0008, 0x0044, 0x0000, 0x0006, 0x7370, 0x7269, 0x7465, 0x0000, 0x0000, 0x9408, 0x0003,
    0x0000, 0x0000, 0x0001, 0x7802, 0x0000, 0x0094, 0x0800, 0x0300, 0x0000, 0x0000, 0x0179, 0x0400,
    0x0000, 0x9408, 0x0003, 0x0000, 0x0000, 0x0005, 0x7769, 0x6474, 0x6806, 0x0000, 0x0094, 0x0800,
    0x0300, 0x0000, 0x0000, 0x0668, 0x6569, 0x6768, 0x7408, 0x0000, 0x0094, 0x0800, 0x0600, 0x0000,
    0x0000, 0x0673, 0x6361, 0x6C65, 0x780C, 0x0000, 0x0094, 0x0800, 0x0600, 0x0000, 0x0000, 0x0673,
    0x6361, 0x6C65, 0x7910, 0x0000, 0x0094, 0x0800, 0x0300, 0x0000, 0x0000, 0x0465, 0x7870, 0x7812,
    0x0000, 0x0094, 0x0800, 0x0300, 0x0000, 0x0000, 0x0465, 0x7870, 0x7914, 0x0000, 0x0094, 0x0800,
    0x0D00, 0x0000, 0x0000, 0x0461, 0x7474, 0x7216, 0x0000, 0x0094, 0x0800, 0x0300, 0x0000, 0x0000,
    0x067A, 0x6465, 0x7074, 0x6818, 0x0000, 0x0094, 0x0800, 0x0C00, 0x0000, 0x0000, 0x0372, 0x6564,
    0x1900, 0x0000, 0x9408, 0x000C, 0x0000, 0x0000, 0x0005, 0x6772, 0x6565, 0x6E1A, 0x0000, 0x0094,
    0x0800, 0x0C00, 0x0000, 0x0000, 0x0462, 0x6C75, 0x651B, 0x0000, 0x0094, 0x0800, 0x0C00, 0x0000,
    0x0000, 0x0561, 0x6C70, 0x6861, 0x1C00, 0x0000, 0x9408, 0x0003, 0x0000, 0x0000, 0x0009, 0x7374,
    0x6172, 0x7454, 0x4C55, 0x541E, 0x0000, 0x0094, 0x0800, 0x0300, 0x0000, 0x0000, 0x056E, 0x544C,
    0x5554, 0x2000, 0x0000, 0x9408, 0x0014, 0x0000, 0x0000, 0x0003, 0x4C55, 0x5424, 0x0000, 0x0094,
    0x0800, 0x0300, 0x0000, 0x0000, 0x0669, 0x7374, 0x6172, 0x7426, 0x0000, 0x0094, 0x0800, 0x0300,
    0x0000, 0x0000, 0x0569, 0x7374, 0x6570, 0x2800, 0x0000, 0x9408, 0x0003, 0x0000, 0x0000, 0x0008,
    0x6E62, 0x6974, 0x6D61, 0x7073, 0x2A00, 0x0000, 0x9408, 0x0003, 0x0000, 0x0000, 0x0009, 0x6E64,
    0x6973, 0x706C, 0x6973, 0x742C, 0x0000, 0x0094, 0x0800, 0x0300, 0x0000, 0x0000, 0x0862, 0x6D68,
    0x6569, 0x6768, 0x742E, 0x0000, 0x0094, 0x0800, 0x0300, 0x0000, 0x0000, 0x0762, 0x6D48, 0x7265,
    0x616C, 0x3000, 0x0000, 0x9408, 0x000C, 0x0000, 0x0000, 0x0005, 0x626D, 0x666D, 0x7431, 0x0000,
    0x0094, 0x0800, 0x0C00, 0x0000, 0x0000, 0x0562, 0x6D73, 0x697A, 0x3400, 0x0000, 0x9608, 0x0018,
    0x0010, 0x0000, 0x0000, 0x0006, 0x6269, 0x746D, 0x6170, 0x0662, 0x6974, 0x6D61, 0x7038, 0x0000,
    0x0096, 0x0800, 0x1900, 0x0800, 0x0000, 0x0000, 0x072E, 0x3633, 0x6661, 0x6B65, 0x0672, 0x7370,
    0x5F64, 0x6C3C, 0x0000, 0x0096, 0x0800, 0x1900, 0x0800, 0x0000, 0x0000, 0x072E, 0x3633, 0x6661,
    0x6B65, 0x0B72, 0x7370, 0x5F64, 0x6C5F, 0x6E65, 0x7874, 0x4000, 0x0000, 0x9408, 0x0003, 0x0000,
    0x0000, 0x0006, 0x6672, 0x6163, 0x5F73, 0x4200, 0x0000, 0x9408, 0x0003, 0x0000, 0x0000, 0x0006,
    0x6672, 0x6163, 0x5F74, 0x4400, 0x0000, 0x9666, 0x0000, 0x0044, 0x0000, 0x0000, 0x0006, 0x7370,
    0x7269, 0x7465, 0x042E, 0x656F, 0x7300, 0x0000, 0x0096, 0x0D00, 0x0800, 0x4400, 0x0000, 0x0000,
    0x0673, 0x7072, 0x6974, 0x6506, 0x5370, 0x7269, 0x7465, 0x0000, 0x0000, 0x940D, 0x0091, 0x0000,
    0x0000, 0x000E, 0x4F53, 0x4572, 0x726F, 0x7248, 0x616E,
};
