unsigned char D_auto_src_sn64_intelligence_type_records[20461] = {
    0x00, 0x00, 0x00, 0x94, 0x0A, 0x00, 0x08, 0x00, 0x28, 0x00, 0x00, 0x00, 0x18, 0x43, 0x47, 0x65,
    0x6E, 0x65, 0x72, 0x61, 0x74, 0x6F, 0x72, 0x49, 0x6E, 0x74, 0x65, 0x6C, 0x6C, 0x69, 0x67, 0x65,
    0x6E, 0x63, 0x65, 0x5F, 0x74, 0x00, 0x00, 0x00, 0x00, 0x94, 0x08, 0x00, 0x0F, 0x00, 0x00, 0x00,
    0x00, 0x00, 0x09, 0x6D, 0x5F, 0x64, 0x77, 0x46, 0x6C, 0x61, 0x67, 0x73, 0x04, 0x00, 0x00, 0x00,
    0x94, 0x08, 0x00, 0x05, 0x00, 0x00, 0x00, 0x00, 0x00, 0x06, 0x6D, 0x5F, 0x54, 0x79, 0x70, 0x65,
    0x08, 0x00, 0x00, 0x00, 0x94, 0x08, 0x00, 0x03, 0x00, 0x00, 0x00, 0x00, 0x00, 0x0D, 0x6D, 0x5F,
    0x46, 0x69, 0x6E, 0x69, 0x74, 0x65, 0x54, 0x6F, 0x74, 0x61, 0x6C, 0x0A, 0x00, 0x00, 0x00, 0x94,
    0x08, 0x00, 0x03, 0x00, 0x00, 0x00, 0x00, 0x00, 0x0B, 0x6D, 0x5F, 0x4D, 0x61, 0x78, 0x41, 0x63,
    0x74, 0x69, 0x76, 0x65, 0x0C, 0x00, 0x00, 0x00, 0x94, 0x08, 0x00, 0x06, 0x00, 0x00, 0x00, 0x00,
    0x00, 0x0F, 0x6D, 0x5F, 0x49, 0x6E, 0x74, 0x65, 0x72, 0x76, 0x61, 0x6C, 0x54, 0x69, 0x6D, 0x65,
    0x31, 0x10, 0x00, 0x00, 0x00, 0x94, 0x08, 0x00, 0x06, 0x00, 0x00, 0x00, 0x00, 0x00, 0x0F, 0x6D,
    0x5F, 0x49, 0x6E, 0x74, 0x65, 0x72, 0x76, 0x61, 0x6C, 0x54, 0x69, 0x6D, 0x65, 0x32, 0x14, 0x00,
    0x00, 0x00, 0x94, 0x08, 0x00, 0x03, 0x00, 0x00, 0x00, 0x00, 0x00, 0x0D, 0x6D, 0x5F, 0x4F, 0x62,
    0x6A, 0x65, 0x63, 0x74, 0x49, 0x6E, 0x64, 0x65, 0x78, 0x16, 0x00, 0x00, 0x00, 0x94, 0x08, 0x00,
    0x03, 0x00, 0x00, 0x00, 0x00, 0x00, 0x10, 0x6D, 0x5F, 0x56, 0x61, 0x72, 0x69, 0x61, 0x74, 0x69,
    0x6F, 0x6E, 0x49, 0x6E, 0x64, 0x65, 0x78, 0x18, 0x00, 0x00, 0x00, 0x94, 0x08, 0x00, 0x06, 0x00,
    0x00, 0x00, 0x00, 0x00, 0x08, 0x6D, 0x5F, 0x53, 0x63, 0x61, 0x6C, 0x65, 0x58, 0x1C, 0x00, 0x00,
    0x00, 0x94, 0x08, 0x00, 0x06, 0x00, 0x00, 0x00, 0x00, 0x00, 0x08, 0x6D, 0x5F, 0x53, 0x63, 0x61,
    0x6C, 0x65, 0x59, 0x20, 0x00, 0x00, 0x00, 0x94, 0x08, 0x00, 0x06, 0x00, 0x00, 0x00, 0x00, 0x00,
    0x08, 0x6D, 0x5F, 0x53, 0x63, 0x61, 0x6C, 0x65, 0x5A, 0x24, 0x00, 0x00, 0x00, 0x94, 0x08, 0x00,
    0x03, 0x00, 0x00, 0x00, 0x00, 0x00, 0x0E, 0x6D, 0x5F, 0x50, 0x61, 0x72, 0x74, 0x69, 0x63, 0x6C,
    0x65, 0x54, 0x79, 0x70, 0x65, 0x26, 0x00, 0x00, 0x00, 0x94, 0x08, 0x00, 0x03, 0x00, 0x00, 0x00,
    0x00, 0x00, 0x08, 0x6D, 0x5F, 0x55, 0x6E, 0x75, 0x73, 0x65, 0x64, 0x28, 0x00, 0x00, 0x00, 0x96,
    0x66, 0x00, 0x00, 0x00, 0x28, 0x00, 0x00, 0x00, 0x00, 0x00, 0x18, 0x43, 0x47, 0x65, 0x6E, 0x65,
    0x72, 0x61, 0x74, 0x6F, 0x72, 0x49, 0x6E, 0x74, 0x65, 0x6C, 0x6C, 0x69, 0x67, 0x65, 0x6E, 0x63,
    0x65, 0x5F, 0x74, 0x04, 0x2E, 0x65, 0x6F, 0x73, 0x00, 0x00, 0x00, 0x00, 0x96, 0x0D, 0x00, 0x08,
    0x00, 0x28, 0x00, 0x00, 0x00, 0x00, 0x00, 0x18, 0x43, 0x47, 0x65, 0x6E, 0x65, 0x72, 0x61, 0x74,
    0x6F, 0x72, 0x49, 0x6E, 0x74, 0x65, 0x6C, 0x6C, 0x69, 0x67, 0x65, 0x6E, 0x63, 0x65, 0x5F, 0x74,
    0x16, 0x43, 0x47, 0x65, 0x6E, 0x65, 0x72, 0x61, 0x74, 0x6F, 0x72, 0x49, 0x6E, 0x74, 0x65, 0x6C,
    0x6C, 0x69, 0x67, 0x65, 0x6E, 0x63, 0x65, 0x00, 0x00, 0x00, 0x00, 0x94, 0x0A, 0x00, 0x08, 0x00,
    0x74, 0x00, 0x00, 0x00, 0x15, 0x43, 0x54, 0x75, 0x72, 0x72, 0x65, 0x74, 0x49, 0x6E, 0x74, 0x65,
    0x6C, 0x6C, 0x69, 0x67, 0x65, 0x6E, 0x63, 0x65, 0x5F, 0x74, 0x00, 0x00, 0x00, 0x00, 0x96, 0x08,
    0x00, 0x08, 0x00, 0x38, 0x00, 0x00, 0x00, 0x00, 0x00, 0x1A, 0x43, 0x43, 0x6F, 0x6D, 0x6D, 0x6F,
    0x6E, 0x45, 0x6E, 0x65, 0x6D, 0x79, 0x49, 0x6E, 0x74, 0x65, 0x6C, 0x6C, 0x69, 0x67, 0x65, 0x6E,
    0x63, 0x65, 0x5F, 0x74, 0x08, 0x6D, 0x5F, 0x43, 0x6F, 0x6D, 0x6D, 0x6F, 0x6E, 0x38, 0x00, 0x00,
    0x00, 0x94, 0x08, 0x00, 0x0F, 0x00, 0x00, 0x00, 0x00, 0x00, 0x09, 0x6D, 0x5F, 0x64, 0x77, 0x46,
    0x6C, 0x61, 0x67, 0x73, 0x3C, 0x00, 0x00, 0x00, 0x94, 0x08, 0x00, 0x05, 0x00, 0x00, 0x00, 0x00,
    0x00, 0x09, 0x6D, 0x5F, 0x47, 0x75, 0x6E, 0x4E, 0x6F, 0x64, 0x65, 0x40, 0x00, 0x00, 0x00, 0x94,
    0x08, 0x00, 0x05, 0x00, 0x00, 0x00, 0x00, 0x00, 0x09, 0x6D, 0x5F, 0x52, 0x6F, 0x74, 0x4E, 0x6F,
    0x64, 0x65, 0x44, 0x00, 0x00, 0x00, 0x94, 0x08, 0x00, 0x06, 0x00, 0x00, 0x00, 0x00, 0x00, 0x0A,
    0x6D, 0x5F, 0x52, 0x6F, 0x74, 0x53, 0x70, 0x65, 0x65, 0x64, 0x48, 0x00, 0x00, 0x00, 0x94, 0x08,
    0x00, 0x06, 0x00, 0x00, 0x00, 0x00, 0x00, 0x0A, 0x6D, 0x5F, 0x52, 0x6F, 0x74, 0x4C, 0x69, 0x6D,
    0x69, 0x74, 0x4C, 0x00, 0x00, 0x00, 0x94, 0x08, 0x00, 0x06, 0x00, 0x00, 0x00, 0x00, 0x00, 0x0D,
    0x6D, 0x5F, 0x53, 0x69, 0x67, 0x68, 0x74, 0x52, 0x61, 0x64, 0x69, 0x75, 0x73, 0x50, 0x00, 0x00,
    0x00, 0x94, 0x08, 0x00, 0x06, 0x00, 0x00, 0x00, 0x00, 0x00, 0x0C, 0x6D, 0x5F, 0x53, 0x69, 0x67,
    0x68, 0x74, 0x41, 0x6E, 0x67, 0x6C, 0x65, 0x54, 0x00, 0x00, 0x00, 0x94, 0x08, 0x00, 0x06, 0x00,
    0x00, 0x00, 0x00, 0x00, 0x0C, 0x6D, 0x5F, 0x46, 0x69, 0x72, 0x65, 0x52, 0x61, 0x64, 0x69, 0x75,
    0x73, 0x58, 0x00, 0x00, 0x00, 0x94, 0x08, 0x00, 0x06, 0x00, 0x00, 0x00, 0x00, 0x00, 0x0B, 0x6D,
    0x5F, 0x46, 0x69, 0x72, 0x65, 0x41, 0x6E, 0x67, 0x6C, 0x65, 0x5C, 0x00, 0x00, 0x00, 0x94, 0x08,
    0x00, 0x06, 0x00, 0x00, 0x00, 0x00, 0x00, 0x0A, 0x6D, 0x5F, 0x56, 0x65, 0x72, 0x74, 0x44, 0x69,
    0x73, 0x74, 0x60, 0x00, 0x00, 0x00, 0x94, 0x08, 0x00, 0x06, 0x00, 0x00, 0x00, 0x00, 0x00, 0x0B,
    0x6D, 0x5F, 0x48, 0x6F, 0x72, 0x69, 0x7A, 0x44, 0x69, 0x73, 0x74, 0x64, 0x00, 0x00, 0x00, 0x94,
    0x08, 0x00, 0x06, 0x00, 0x00, 0x00, 0x00, 0x00, 0x0A, 0x6D, 0x5F, 0x48, 0x6F, 0x72, 0x69, 0x7A,
    0x44, 0x69, 0x72, 0x68, 0x00, 0x00, 0x00, 0x94, 0x08, 0x00, 0x06, 0x00, 0x00, 0x00, 0x00, 0x00,
    0x0B, 0x6D, 0x5F, 0x4D, 0x6F, 0x76, 0x65, 0x53, 0x70, 0x65, 0x65, 0x64, 0x6C, 0x00, 0x00, 0x00,
    0x94, 0x08, 0x00, 0x06, 0x00, 0x00, 0x00, 0x00, 0x00, 0x0D, 0x6D, 0x5F, 0x53, 0x74, 0x61, 0x72,
    0x74, 0x4F, 0x66, 0x66, 0x73, 0x65, 0x74, 0x70, 0x00, 0x00, 0x00, 0x94, 0x08, 0x00, 0x0C, 0x00,
    0x00, 0x00, 0x00, 0x00, 0x19, 0x6D, 0x5F, 0x54, 0x61, 0x72, 0x67, 0x65, 0x74, 0x56, 0x69, 0x73,
    0x69, 0x62, 0x6C, 0x65, 0x4D, 0x6F, 0x74, 0x69, 0x6F, 0x6E, 0x54, 0x79, 0x70, 0x65, 0x71, 0x00,
    0x00, 0x00, 0x94, 0x08, 0x00, 0x0C, 0x00, 0x00, 0x00, 0x00, 0x00, 0x1C, 0x6D, 0x5F, 0x54, 0x61,
    0x72, 0x67, 0x65, 0x74, 0x4E, 0x6F, 0x74, 0x56, 0x69, 0x73, 0x69, 0x62, 0x6C, 0x65, 0x4D, 0x6F,
    0x74, 0x69, 0x6F, 0x6E, 0x54, 0x79, 0x70, 0x65, 0x72, 0x00, 0x00, 0x00, 0x94, 0x08, 0x00, 0x0C,
    0x00, 0x00, 0x00, 0x00, 0x00, 0x04, 0x70, 0x61, 0x64, 0x31, 0x73, 0x00, 0x00, 0x00, 0x94, 0x08,
    0x00, 0x0C, 0x00, 0x00, 0x00, 0x00, 0x00, 0x04, 0x70, 0x61, 0x64, 0x32, 0x74, 0x00, 0x00, 0x00,
    0x96, 0x66, 0x00, 0x00, 0x00, 0x74, 0x00, 0x00, 0x00, 0x00, 0x00, 0x15, 0x43, 0x54, 0x75, 0x72,
    0x72, 0x65, 0x74, 0x49, 0x6E, 0x74, 0x65, 0x6C, 0x6C, 0x69, 0x67, 0x65, 0x6E, 0x63, 0x65, 0x5F,
    0x74, 0x04, 0x2E, 0x65, 0x6F, 0x73, 0x00, 0x00, 0x00, 0x00, 0x96, 0x0D, 0x00, 0x08, 0x00, 0x74,
    0x00, 0x00, 0x00, 0x00, 0x00, 0x15, 0x43, 0x54, 0x75, 0x72, 0x72, 0x65, 0x74, 0x49, 0x6E, 0x74,
    0x65, 0x6C, 0x6C, 0x69, 0x67, 0x65, 0x6E, 0x63, 0x65, 0x5F, 0x74, 0x13, 0x43, 0x54, 0x75, 0x72,
    0x72, 0x65, 0x74, 0x49, 0x6E, 0x74, 0x65, 0x6C, 0x6C, 0x69, 0x67, 0x65, 0x6E, 0x63, 0x65, 0x00,
    0x00, 0x00, 0x00, 0x94, 0x0A, 0x00, 0x08, 0x00, 0x0C, 0x00, 0x00, 0x00, 0x18, 0x43, 0x54, 0x68,
    0x72, 0x6F, 0x77, 0x61, 0x62, 0x6C, 0x65, 0x49, 0x6E, 0x74, 0x65, 0x6C, 0x6C, 0x69, 0x67, 0x65,
    0x6E, 0x63, 0x65, 0x5F, 0x74, 0x00, 0x00, 0x00, 0x00, 0x94, 0x08, 0x00, 0x0F, 0x00, 0x00, 0x00,
    0x00, 0x00, 0x09, 0x6D, 0x5F, 0x64, 0x77, 0x46, 0x6C, 0x61, 0x67, 0x73, 0x04, 0x00, 0x00, 0x00,
    0x94, 0x08, 0x00, 0x06, 0x00, 0x00, 0x00, 0x00, 0x00, 0x11, 0x6D, 0x5F, 0x43, 0x6F, 0x6C, 0x6C,
    0x69, 0x73, 0x69, 0x6F, 0x6E, 0x52, 0x61, 0x64, 0x69, 0x75, 0x73, 0x08, 0x00, 0x00, 0x00, 0x94,
    0x08, 0x00, 0x06, 0x00, 0x00, 0x00, 0x00, 0x00, 0x11, 0x6D, 0x5F, 0x43, 0x6F, 0x6C, 0x6C, 0x69,
    0x73, 0x69, 0x6F, 0x6E, 0x48, 0x65, 0x69, 0x67, 0x68, 0x74, 0x0C, 0x00, 0x00, 0x00, 0x96, 0x66,
    0x00, 0x00, 0x00, 0x0C, 0x00, 0x00, 0x00, 0x00, 0x00, 0x18, 0x43, 0x54, 0x68, 0x72, 0x6F, 0x77,
    0x61, 0x62, 0x6C, 0x65, 0x49, 0x6E, 0x74, 0x65, 0x6C, 0x6C, 0x69, 0x67, 0x65, 0x6E, 0x63, 0x65,
    0x5F, 0x74, 0x04, 0x2E, 0x65, 0x6F, 0x73, 0x00, 0x00, 0x00, 0x00, 0x96, 0x0D, 0x00, 0x08, 0x00,
    0x0C, 0x00, 0x00, 0x00, 0x00, 0x00, 0x18, 0x43, 0x54, 0x68, 0x72, 0x6F, 0x77, 0x61, 0x62, 0x6C,
    0x65, 0x49, 0x6E, 0x74, 0x65, 0x6C, 0x6C, 0x69, 0x67, 0x65, 0x6E, 0x63, 0x65, 0x5F, 0x74, 0x16,
    0x43, 0x54, 0x68, 0x72, 0x6F, 0x77, 0x61, 0x62, 0x6C, 0x65, 0x49, 0x6E, 0x74, 0x65, 0x6C, 0x6C,
    0x69, 0x67, 0x65, 0x6E, 0x63, 0x65, 0x00, 0x00, 0x00, 0x00, 0x94, 0x0A, 0x00, 0x08, 0x00, 0x14,
    0x00, 0x00, 0x00, 0x13, 0x43, 0x44, 0x6F, 0x6F, 0x72, 0x49, 0x6E, 0x74, 0x65, 0x6C, 0x6C, 0x69,
    0x67, 0x65, 0x6E, 0x63, 0x65, 0x5F, 0x74, 0x00, 0x00, 0x00, 0x00, 0x94, 0x08, 0x00, 0x0F, 0x00,
    0x00, 0x00, 0x00, 0x00, 0x09, 0x6D, 0x5F, 0x64, 0x77, 0x46, 0x6C, 0x61, 0x67, 0x73, 0x04, 0x00,
    0x00, 0x00, 0x94, 0x08, 0x00, 0x06, 0x00, 0x00, 0x00, 0x00, 0x00, 0x0E, 0x6D, 0x5F, 0x4F, 0x70,
    0x65, 0x6E, 0x44, 0x75, 0x72, 0x61, 0x74, 0x69, 0x6F, 0x6E, 0x08, 0x00, 0x00, 0x00, 0x94, 0x08,
    0x00, 0x02, 0x00, 0x00, 0x00, 0x00, 0x00, 0x0F, 0x6D, 0x5F, 0x4F, 0x70, 0x65, 0x6E, 0x44, 0x6F,
    0x6F, 0x72, 0x45, 0x76, 0x65, 0x6E, 0x74, 0x09, 0x00, 0x00, 0x00, 0x94, 0x08, 0x00, 0x02, 0x00,
    0x00, 0x00, 0x00, 0x00, 0x10, 0x6D, 0x5F, 0x43, 0x6C, 0x6F, 0x73, 0x65, 0x44, 0x6F, 0x6F, 0x72,
    0x45, 0x76, 0x65, 0x6E, 0x74, 0x0A, 0x00, 0x00, 0x00, 0x94, 0x08, 0x00, 0x02, 0x00, 0x00, 0x00,
    0x00, 0x00, 0x04, 0x70, 0x61, 0x64, 0x31, 0x0B, 0x00, 0x00, 0x00, 0x94, 0x08, 0x00, 0x02, 0x00,
    0x00, 0x00, 0x00, 0x00, 0x04, 0x70, 0x61, 0x64, 0x32, 0x0C, 0x00, 0x00, 0x00, 0x94, 0x08, 0x00,
    0x06, 0x00, 0x00, 0x00, 0x00, 0x00, 0x10, 0x6D, 0x5F, 0x41, 0x75, 0x74, 0x6F, 0x4F, 0x70, 0x65,
    0x6E, 0x52, 0x61, 0x64, 0x69, 0x75, 0x73, 0x10, 0x00, 0x00, 0x00, 0x94, 0x08, 0x00, 0x06, 0x00,
    0x00, 0x00, 0x00, 0x00, 0x11, 0x6D, 0x5F, 0x41, 0x75, 0x74, 0x6F, 0x43, 0x6C, 0x6F, 0x73, 0x65,
    0x52, 0x61, 0x64, 0x69, 0x75, 0x73, 0x14, 0x00, 0x00, 0x00, 0x96, 0x66, 0x00, 0x00, 0x00, 0x14,
    0x00, 0x00, 0x00, 0x00, 0x00, 0x13, 0x43, 0x44, 0x6F, 0x6F, 0x72, 0x49, 0x6E, 0x74, 0x65, 0x6C,
    0x6C, 0x69, 0x67, 0x65, 0x6E, 0x63, 0x65, 0x5F, 0x74, 0x04, 0x2E, 0x65, 0x6F, 0x73, 0x00, 0x00,
    0x00, 0x00, 0x96, 0x0D, 0x00, 0x08, 0x00, 0x14, 0x00, 0x00, 0x00, 0x00, 0x00, 0x13, 0x43, 0x44,
    0x6F, 0x6F, 0x72, 0x49, 0x6E, 0x74, 0x65, 0x6C, 0x6C, 0x69, 0x67, 0x65, 0x6E, 0x63, 0x65, 0x5F,
    0x74, 0x11, 0x43, 0x44, 0x6F, 0x6F, 0x72, 0x49, 0x6E, 0x74, 0x65, 0x6C, 0x6C, 0x69, 0x67, 0x65,
    0x6E, 0x63, 0x65, 0x00, 0x00, 0x00, 0x00, 0x94, 0x0A, 0x00, 0x08, 0x00, 0x54, 0x00, 0x00, 0x00,
    0x1B, 0x43, 0x44, 0x65, 0x73, 0x74, 0x72, 0x75, 0x63, 0x74, 0x69, 0x62, 0x6C, 0x65, 0x49, 0x6E,
    0x74, 0x65, 0x6C, 0x6C, 0x69, 0x67, 0x65, 0x6E, 0x63, 0x65, 0x5F, 0x74, 0x00, 0x00, 0x00, 0x00,
    0x94, 0x08, 0x00, 0x0F, 0x00, 0x00, 0x00, 0x00, 0x00, 0x09, 0x6D, 0x5F, 0x64, 0x77, 0x46, 0x6C,
    0x61, 0x67, 0x73, 0x04, 0x00, 0x00, 0x00, 0x94, 0x08, 0x00, 0x03, 0x00, 0x00, 0x00, 0x00, 0x00,
    0x08, 0x6D, 0x5F, 0x48, 0x65, 0x61, 0x6C, 0x74, 0x68, 0x06, 0x00, 0x00, 0x00, 0x94, 0x08, 0x00,
    0x03, 0x00, 0x00, 0x00, 0x00, 0x00, 0x03, 0x70, 0x61, 0x64, 0x08, 0x00, 0x00, 0x00, 0x94, 0x08,
    0x00, 0x06, 0x00, 0x00, 0x00, 0x00, 0x00, 0x11, 0x6D, 0x5F, 0x43, 0x6F, 0x6C, 0x6C, 0x69, 0x73,
    0x69, 0x6F, 0x6E, 0x52, 0x61, 0x64, 0x69, 0x75, 0x73, 0x0C, 0x00, 0x00, 0x00, 0x94, 0x08, 0x00,
    0x06, 0x00, 0x00, 0x00, 0x00, 0x00, 0x11, 0x6D, 0x5F, 0x43, 0x6F, 0x6C, 0x6C, 0x69, 0x73, 0x69,
    0x6F, 0x6E, 0x48, 0x65, 0x69, 0x67, 0x68, 0x74, 0x10, 0x00, 0x00, 0x00, 0x94, 0x08, 0x00, 0x05,
    0x00, 0x00, 0x00, 0x00, 0x00, 0x0A, 0x6D, 0x5F, 0x49, 0x64, 0x6C, 0x65, 0x41, 0x6E, 0x69, 0x6D,
    0x14, 0x00, 0x00, 0x00, 0x94, 0x08, 0x00, 0x06, 0x00, 0x00, 0x00, 0x00, 0x00, 0x0E, 0x6D, 0x5F,
    0x41, 0x75, 0x74, 0x6F, 0x47, 0x6F, 0x52, 0x61, 0x64, 0x69, 0x75, 0x73, 0x18, 0x00, 0x00, 0x00,
    0x94, 0x08, 0x00, 0x05, 0x00, 0x00, 0x00, 0x00, 0x00, 0x08, 0x6D, 0x5F, 0x47, 0x6F, 0x41, 0x6E,
    0x69, 0x6D, 0x1C, 0x00, 0x00, 0x00, 0x94, 0x08, 0x00, 0x05, 0x00, 0x00, 0x00, 0x00, 0x00, 0x12,
    0x6D, 0x5F, 0x47, 0x6F, 0x50, 0x61, 0x72, 0x74, 0x69, 0x63, 0x6C, 0x65, 0x45, 0x66, 0x66, 0x65,
    0x63, 0x74, 0x20, 0x00, 0x00, 0x00, 0x94, 0x08, 0x00, 0x05, 0x00, 0x00, 0x00, 0x00, 0x00, 0x0F,
    0x6D, 0x5F, 0x47, 0x6F, 0x53, 0x6F, 0x75, 0x6E, 0x64, 0x45, 0x66, 0x66, 0x65, 0x63, 0x74, 0x24,
    0x00, 0x00, 0x00, 0x94, 0x08, 0x00, 0x0F, 0x00, 0x00, 0x00, 0x00, 0x00, 0x12, 0x6D, 0x5F, 0x64,
    0x77, 0x47, 0x6F, 0x50, 0x69, 0x63, 0x6B, 0x75, 0x70, 0x73, 0x46, 0x6C, 0x61, 0x67, 0x31, 0x28,
    0x00, 0x00, 0x00, 0x94, 0x08, 0x00, 0x0F, 0x00, 0x00, 0x00, 0x00, 0x00, 0x12, 0x6D, 0x5F, 0x64,
    0x77, 0x47, 0x6F, 0x50, 0x69, 0x63, 0x6B, 0x75, 0x70, 0x73, 0x46, 0x6C, 0x61, 0x67, 0x32, 0x2C,
    0x00, 0x00, 0x00, 0x94, 0x08, 0x00, 0x05, 0x00, 0x00, 0x00, 0x00, 0x00, 0x0D, 0x6D, 0x5F, 0x47,
    0x6F, 0x44, 0x65, 0x61, 0x74, 0x68, 0x41, 0x6E, 0x69, 0x6D, 0x30, 0x00, 0x00, 0x00, 0x94, 0x08,
    0x00, 0x05, 0x00, 0x00, 0x00, 0x00, 0x00, 0x17, 0x6D, 0x5F, 0x47, 0x6F, 0x44, 0x65, 0x61, 0x74,
    0x68, 0x50, 0x61, 0x72, 0x74, 0x69, 0x63, 0x6C, 0x65, 0x45, 0x66, 0x66, 0x65, 0x63, 0x74, 0x34,
    0x00, 0x00, 0x00, 0x94, 0x08, 0x00, 0x05, 0x00, 0x00, 0x00, 0x00, 0x00, 0x14, 0x6D, 0x5F, 0x47,
    0x6F, 0x44, 0x65, 0x61, 0x74, 0x68, 0x53, 0x6F, 0x75, 0x6E, 0x64, 0x45, 0x66, 0x66, 0x65, 0x63,
    0x74, 0x38, 0x00, 0x00, 0x00, 0x94, 0x08, 0x00, 0x0F, 0x00, 0x00, 0x00, 0x00, 0x00, 0x17, 0x6D,
    0x5F, 0x64, 0x77, 0x47, 0x6F, 0x44, 0x65, 0x61, 0x74, 0x68, 0x50, 0x69, 0x63, 0x6B, 0x75, 0x70,
    0x73, 0x46, 0x6C, 0x61, 0x67, 0x31, 0x3C, 0x00, 0x00, 0x00, 0x94, 0x08, 0x00, 0x0F, 0x00, 0x00,
    0x00, 0x00, 0x00, 0x17, 0x6D, 0x5F, 0x64, 0x77, 0x47, 0x6F, 0x44, 0x65, 0x61, 0x74, 0x68, 0x50,
    0x69, 0x63, 0x6B, 0x75, 0x70, 0x73, 0x46, 0x6C, 0x61, 0x67, 0x32, 0x40, 0x00, 0x00, 0x00, 0x94,
    0x08, 0x00, 0x05, 0x00, 0x00, 0x00, 0x00, 0x00, 0x16, 0x6D, 0x5F, 0x54, 0x6F, 0x74, 0x65, 0x6D,
    0x4D, 0x69, 0x73, 0x73, 0x69, 0x6F, 0x6E, 0x44, 0x75, 0x72, 0x61, 0x74, 0x69, 0x6F, 0x6E, 0x44,
    0x00, 0x00, 0x00, 0x94, 0x08, 0x00, 0x03, 0x00, 0x00, 0x00, 0x00, 0x00, 0x17, 0x6D, 0x5F, 0x45,
    0x6E, 0x65, 0x6D, 0x69, 0x65, 0x73, 0x41, 0x74, 0x74, 0x61, 0x63, 0x6B, 0x69, 0x6E, 0x67, 0x54,
    0x75, 0x72, 0x6F, 0x6B, 0x46, 0x00, 0x00, 0x00, 0x94, 0x08, 0x00, 0x03, 0x00, 0x00, 0x00, 0x00,
    0x00, 0x1A, 0x6D, 0x5F, 0x45, 0x6E, 0x65, 0x6D, 0x69, 0x65, 0x73, 0x54, 0x6F, 0x4B, 0x69, 0x6C,
    0x6C, 0x54, 0x6F, 0x53, 0x61, 0x76, 0x65, 0x54, 0x6F, 0x74, 0x65, 0x6D, 0x48, 0x00, 0x00, 0x00,
    0x96, 0x08, 0x00, 0x3C, 0x00, 0x04, 0x00, 0x00, 0x00, 0x01, 0x00, 0x04, 0x00, 0x00, 0x00, 0x00,
    0x0C, 0x6D, 0x5F, 0x4D, 0x6F, 0x64, 0x65, 0x6C, 0x49, 0x6E, 0x64, 0x65, 0x78, 0x4C, 0x00, 0x00,
    0x00, 0x96, 0x08, 0x00, 0x3C, 0x00, 0x04, 0x00, 0x00, 0x00, 0x01, 0x00, 0x04, 0x00, 0x00, 0x00,
    0x00, 0x0C, 0x6D, 0x5F, 0x4D, 0x6F, 0x64, 0x65, 0x6C, 0x46, 0x72, 0x61, 0x6D, 0x65, 0x50, 0x00,
    0x00, 0x00, 0x96, 0x08, 0x00, 0x3C, 0x00, 0x04, 0x00, 0x00, 0x00, 0x01, 0x00, 0x04, 0x00, 0x00,
    0x00, 0x00, 0x1C, 0x6D, 0x5F, 0x4D, 0x6F, 0x64, 0x65, 0x6C, 0x49, 0x6E, 0x64, 0x65, 0x78, 0x48,
    0x65, 0x61, 0x6C, 0x74, 0x68, 0x50, 0x65, 0x72, 0x63, 0x65, 0x6E, 0x74, 0x61, 0x67, 0x65, 0x54,
    0x00, 0x00, 0x00, 0x96, 0x66, 0x00, 0x00, 0x00, 0x54, 0x00, 0x00, 0x00, 0x00, 0x00, 0x1B, 0x43,
    0x44, 0x65, 0x73, 0x74, 0x72, 0x75, 0x63, 0x74, 0x69, 0x62, 0x6C, 0x65, 0x49, 0x6E, 0x74, 0x65,
    0x6C, 0x6C, 0x69, 0x67, 0x65, 0x6E, 0x63, 0x65, 0x5F, 0x74, 0x04, 0x2E, 0x65, 0x6F, 0x73, 0x00,
    0x00, 0x00, 0x00, 0x96, 0x0D, 0x00, 0x08, 0x00, 0x54, 0x00, 0x00, 0x00, 0x00, 0x00, 0x1B, 0x43,
    0x44, 0x65, 0x73, 0x74, 0x72, 0x75, 0x63, 0x74, 0x69, 0x62, 0x6C, 0x65, 0x49, 0x6E, 0x74, 0x65,
    0x6C, 0x6C, 0x69, 0x67, 0x65, 0x6E, 0x63, 0x65, 0x5F, 0x74, 0x19, 0x43, 0x44, 0x65, 0x73, 0x74,
    0x72, 0x75, 0x63, 0x74, 0x69, 0x62, 0x6C, 0x65, 0x49, 0x6E, 0x74, 0x65, 0x6C, 0x6C, 0x69, 0x67,
    0x65, 0x6E, 0x63, 0x65, 0x00, 0x00, 0x00, 0x00, 0x94, 0x0A, 0x00, 0x08, 0x00, 0x10, 0x00, 0x00,
    0x00, 0x15, 0x43, 0x50, 0x69, 0x63, 0x6B, 0x75, 0x70, 0x49, 0x6E, 0x74, 0x65, 0x6C, 0x6C, 0x69,
    0x67, 0x65, 0x6E, 0x63, 0x65, 0x5F, 0x74, 0x00, 0x00, 0x00, 0x00, 0x94, 0x08, 0x00, 0x0F, 0x00,
    0x00, 0x00, 0x00, 0x00, 0x09, 0x6D, 0x5F, 0x64, 0x77, 0x46, 0x6C, 0x61, 0x67, 0x73, 0x04, 0x00,
    0x00, 0x00, 0x94, 0x08, 0x00, 0x06, 0x00, 0x00, 0x00, 0x00, 0x00, 0x11, 0x6D, 0x5F, 0x43, 0x6F,
    0x6C, 0x6C, 0x69, 0x73, 0x69, 0x6F, 0x6E, 0x52, 0x61, 0x64, 0x69, 0x75, 0x73, 0x08, 0x00, 0x00,
    0x00, 0x94, 0x08, 0x00, 0x06, 0x00, 0x00, 0x00, 0x00, 0x00, 0x11, 0x6D, 0x5F, 0x43, 0x6F, 0x6C,
    0x6C, 0x69, 0x73, 0x69, 0x6F, 0x6E, 0x48, 0x65, 0x69, 0x67, 0x68, 0x74, 0x0C, 0x00, 0x00, 0x00,
    0x94, 0x08, 0x00, 0x06, 0x00, 0x00, 0x00, 0x00, 0x00, 0x06, 0x6D, 0x5F, 0x54, 0x69, 0x6D, 0x65,
    0x10, 0x00, 0x00, 0x00, 0x96, 0x66, 0x00, 0x00, 0x00, 0x10, 0x00, 0x00, 0x00, 0x00, 0x00, 0x15,
    0x43, 0x50, 0x69, 0x63, 0x6B, 0x75, 0x70, 0x49, 0x6E, 0x74, 0x65, 0x6C, 0x6C, 0x69, 0x67, 0x65,
    0x6E, 0x63, 0x65, 0x5F, 0x74, 0x04, 0x2E, 0x65, 0x6F, 0x73, 0x00, 0x00, 0x00, 0x00, 0x96, 0x0D,
    0x00, 0x08, 0x00, 0x10, 0x00, 0x00, 0x00, 0x00, 0x00, 0x15, 0x43, 0x50, 0x69, 0x63, 0x6B, 0x75,
    0x70, 0x49, 0x6E, 0x74, 0x65, 0x6C, 0x6C, 0x69, 0x67, 0x65, 0x6E, 0x63, 0x65, 0x5F, 0x74, 0x13,
    0x43, 0x50, 0x69, 0x63, 0x6B, 0x75, 0x70, 0x49, 0x6E, 0x74, 0x65, 0x6C, 0x6C, 0x69, 0x67, 0x65,
    0x6E, 0x63, 0x65, 0x00, 0x00, 0x00, 0x00, 0x94, 0x0A, 0x00, 0x08, 0x00, 0x08, 0x00, 0x00, 0x00,
    0x1E, 0x43, 0x49, 0x6E, 0x74, 0x65, 0x72, 0x61, 0x63, 0x74, 0x69, 0x76, 0x65, 0x41, 0x6E, 0x69,
    0x6D, 0x49, 0x6E, 0x74, 0x65, 0x6C, 0x6C, 0x69, 0x67, 0x65, 0x6E, 0x63, 0x65, 0x5F, 0x74, 0x00,
    0x00, 0x00, 0x00, 0x94, 0x08, 0x00, 0x0F, 0x00, 0x00, 0x00, 0x00, 0x00, 0x09, 0x6D, 0x5F, 0x64,
    0x77, 0x46, 0x6C, 0x61, 0x67, 0x73, 0x04, 0x00, 0x00, 0x00, 0x94, 0x08, 0x00, 0x05, 0x00, 0x00,
    0x00, 0x00, 0x00, 0x0B, 0x6D, 0x5F, 0x53, 0x74, 0x61, 0x72, 0x74, 0x41, 0x6E, 0x69, 0x6D, 0x08,
    0x00, 0x00, 0x00, 0x96, 0x66, 0x00, 0x00, 0x00, 0x08, 0x00, 0x00, 0x00, 0x00, 0x00, 0x1E, 0x43,
    0x49, 0x6E, 0x74, 0x65, 0x72, 0x61, 0x63, 0x74, 0x69, 0x76, 0x65, 0x41, 0x6E, 0x69, 0x6D, 0x49,
    0x6E, 0x74, 0x65, 0x6C, 0x6C, 0x69, 0x67, 0x65, 0x6E, 0x63, 0x65, 0x5F, 0x74, 0x04, 0x2E, 0x65,
    0x6F, 0x73, 0x00, 0x00, 0x00, 0x00, 0x96, 0x0D, 0x00, 0x08, 0x00, 0x08, 0x00, 0x00, 0x00, 0x00,
    0x00, 0x1E, 0x43, 0x49, 0x6E, 0x74, 0x65, 0x72, 0x61, 0x63, 0x74, 0x69, 0x76, 0x65, 0x41, 0x6E,
    0x69, 0x6D, 0x49, 0x6E, 0x74, 0x65, 0x6C, 0x6C, 0x69, 0x67, 0x65, 0x6E, 0x63, 0x65, 0x5F, 0x74,
    0x1C, 0x43, 0x49, 0x6E, 0x74, 0x65, 0x72, 0x61, 0x63, 0x74, 0x69, 0x76, 0x65, 0x41, 0x6E, 0x69,
    0x6D, 0x49, 0x6E, 0x74, 0x65, 0x6C, 0x6C, 0x69, 0x67, 0x65, 0x6E, 0x63, 0x65, 0x00, 0x00, 0x00,
    0x00, 0x94, 0x0A, 0x00, 0x08, 0x00, 0x1C, 0x00, 0x00, 0x00, 0x15, 0x43, 0x41, 0x63, 0x74, 0x69,
    0x6F, 0x6E, 0x49, 0x6E, 0x74, 0x65, 0x6C, 0x6C, 0x69, 0x67, 0x65, 0x6E, 0x63, 0x65, 0x5F, 0x74,
    0x00, 0x00, 0x00, 0x00, 0x94, 0x08, 0x00, 0x0F, 0x00, 0x00, 0x00, 0x00, 0x00, 0x09, 0x6D, 0x5F,
    0x64, 0x77, 0x46, 0x6C, 0x61, 0x67, 0x73, 0x04, 0x00, 0x00, 0x00, 0x94, 0x08, 0x00, 0x06, 0x00,
    0x00, 0x00, 0x00, 0x00, 0x11, 0x6D, 0x5F, 0x43, 0x6F, 0x6C, 0x6C, 0x69, 0x73, 0x69, 0x6F, 0x6E,
    0x52, 0x61, 0x64, 0x69, 0x75, 0x73, 0x08, 0x00, 0x00, 0x00, 0x94, 0x08, 0x00, 0x06, 0x00, 0x00,
    0x00, 0x00, 0x00, 0x11, 0x6D, 0x5F, 0x43, 0x6F, 0x6C, 0x6C, 0x69, 0x73, 0x69, 0x6F, 0x6E, 0x48,
    0x65, 0x69, 0x67, 0x68, 0x74, 0x0C, 0x00, 0x00, 0x00, 0x94, 0x08, 0x00, 0x03, 0x00, 0x00, 0x00,
    0x00, 0x00, 0x0A, 0x6D, 0x5F, 0x49, 0x64, 0x6C, 0x65, 0x41, 0x6E, 0x69, 0x6D, 0x0E, 0x00, 0x00,
    0x00, 0x94, 0x08, 0x00, 0x02, 0x00, 0x00, 0x00, 0x00, 0x00, 0x0B, 0x6D, 0x5F, 0x49, 0x64, 0x6C,
    0x65, 0x4D, 0x6F, 0x64, 0x65, 0x6C, 0x0F, 0x00, 0x00, 0x00, 0x94, 0x08, 0x00, 0x02, 0x00, 0x00,
    0x00, 0x00, 0x00, 0x0D, 0x6D, 0x5F, 0x49, 0x64, 0x6C, 0x65, 0x54, 0x65, 0x78, 0x74, 0x75, 0x72,
    0x65, 0x10, 0x00, 0x00, 0x00, 0x94, 0x08, 0x00, 0x06, 0x00, 0x00, 0x00, 0x00, 0x00, 0x0E, 0x6D,
    0x5F, 0x41, 0x75, 0x74, 0x6F, 0x47, 0x6F, 0x52, 0x61, 0x64, 0x69, 0x75, 0x73, 0x14, 0x00, 0x00,
    0x00, 0x94, 0x08, 0x00, 0x03, 0x00, 0x00, 0x00, 0x00, 0x00, 0x08, 0x6D, 0x5F, 0x47, 0x6F, 0x41,
    0x6E, 0x69, 0x6D, 0x16, 0x00, 0x00, 0x00, 0x94, 0x08, 0x00, 0x03, 0x00, 0x00, 0x00, 0x00, 0x00,
    0x10, 0x6D, 0x5F, 0x47, 0x6F, 0x50, 0x69, 0x63, 0x6B, 0x75, 0x70, 0x4E, 0x65, 0x65, 0x64, 0x65,
    0x64, 0x18, 0x00, 0x00, 0x00, 0x94, 0x08, 0x00, 0x03, 0x00, 0x00, 0x00, 0x00, 0x00, 0x14, 0x6D,
    0x5F, 0x47, 0x6F, 0x50, 0x69, 0x63, 0x6B, 0x75, 0x70, 0x4E, 0x65, 0x65, 0x64, 0x65, 0x64, 0x54,
    0x65, 0x78, 0x74, 0x1A, 0x00, 0x00, 0x00, 0x94, 0x08, 0x00, 0x02, 0x00, 0x00, 0x00, 0x00, 0x00,
    0x09, 0x6D, 0x5F, 0x47, 0x6F, 0x4D, 0x6F, 0x64, 0x65, 0x6C, 0x1B, 0x00, 0x00, 0x00, 0x94, 0x08,
    0x00, 0x02, 0x00, 0x00, 0x00, 0x00, 0x00, 0x0B, 0x6D, 0x5F, 0x47, 0x6F, 0x54, 0x65, 0x78, 0x74,
    0x75, 0x72, 0x65, 0x1C, 0x00, 0x00, 0x00, 0x96, 0x66, 0x00, 0x00, 0x00, 0x1C, 0x00, 0x00, 0x00,
    0x00, 0x00, 0x15, 0x43, 0x41, 0x63, 0x74, 0x69, 0x6F, 0x6E, 0x49, 0x6E, 0x74, 0x65, 0x6C, 0x6C,
    0x69, 0x67, 0x65, 0x6E, 0x63, 0x65, 0x5F, 0x74, 0x04, 0x2E, 0x65, 0x6F, 0x73, 0x00, 0x00, 0x00,
    0x00, 0x96, 0x0D, 0x00, 0x08, 0x00, 0x1C, 0x00, 0x00, 0x00, 0x00, 0x00, 0x15, 0x43, 0x41, 0x63,
    0x74, 0x69, 0x6F, 0x6E, 0x49, 0x6E, 0x74, 0x65, 0x6C, 0x6C, 0x69, 0x67, 0x65, 0x6E, 0x63, 0x65,
    0x5F, 0x74, 0x13, 0x43, 0x41, 0x63, 0x74, 0x69, 0x6F, 0x6E, 0x49, 0x6E, 0x74, 0x65, 0x6C, 0x6C,
    0x69, 0x67, 0x65, 0x6E, 0x63, 0x65, 0x00, 0x00, 0x00, 0x00, 0x94, 0x0A, 0x00, 0x08, 0x00, 0x74,
    0x01, 0x00, 0x00, 0x15, 0x43, 0x50, 0x6C, 0x61, 0x79, 0x65, 0x72, 0x49, 0x6E, 0x74, 0x65, 0x6C,
    0x6C, 0x69, 0x67, 0x65, 0x6E, 0x63, 0x65, 0x5F, 0x74, 0x00, 0x00, 0x00, 0x00, 0x94, 0x08, 0x00,
    0x0F, 0x00, 0x00, 0x00, 0x00, 0x00, 0x09, 0x6D, 0x5F, 0x64, 0x77, 0x46, 0x6C, 0x61, 0x67, 0x73,
    0x04, 0x00, 0x00, 0x00, 0x94, 0x08, 0x00, 0x0F, 0x00, 0x00, 0x00, 0x00, 0x00, 0x0D, 0x6D, 0x5F,
    0x53, 0x74, 0x61, 0x72, 0x74, 0x48, 0x65, 0x61, 0x6C, 0x74, 0x68, 0x08, 0x00, 0x00, 0x00, 0x94,
    0x08, 0x00, 0x06, 0x00, 0x00, 0x00, 0x00, 0x00, 0x0D, 0x6D, 0x5F, 0x53, 0x70, 0x65, 0x65, 0x64,
    0x53, 0x63, 0x61, 0x6C, 0x65, 0x72, 0x0C, 0x00, 0x00, 0x00, 0x94, 0x08, 0x00, 0x06, 0x00, 0x00,
    0x00, 0x00, 0x00, 0x0C, 0x6D, 0x5F, 0x4A, 0x75, 0x6D, 0x70, 0x53, 0x63, 0x61, 0x6C, 0x65, 0x72,
    0x10, 0x00, 0x00, 0x00, 0x94, 0x08, 0x00, 0x06, 0x00, 0x00, 0x00, 0x00, 0x00, 0x0C, 0x6D, 0x5F,
    0x48, 0x65, 0x61, 0x6C, 0x48, 0x65, 0x61, 0x6C, 0x74, 0x68, 0x14, 0x00, 0x00, 0x00, 0x94, 0x08,
    0x00, 0x06, 0x00, 0x00, 0x00, 0x00, 0x00, 0x10, 0x6D, 0x5F, 0x41, 0x67, 0x67, 0x72, 0x65, 0x73,
    0x73, 0x69, 0x76, 0x65, 0x6E, 0x65, 0x73, 0x73, 0x18, 0x00, 0x00, 0x00, 0x94, 0x08, 0x00, 0x06,
    0x00, 0x00, 0x00, 0x00, 0x00, 0x0A, 0x6D, 0x5F, 0x41, 0x63, 0x63, 0x75, 0x72, 0x61, 0x63, 0x79,
    0x1C, 0x00, 0x00, 0x00, 0x94, 0x08, 0x00, 0x06, 0x00, 0x00, 0x00, 0x00, 0x00, 0x0B, 0x6D, 0x5F,
    0x41, 0x77, 0x61, 0x72, 0x65, 0x6E, 0x65, 0x73, 0x73, 0x20, 0x00, 0x00, 0x00, 0x94, 0x08, 0x00,
    0x06, 0x00, 0x00, 0x00, 0x00, 0x00, 0x0D, 0x6D, 0x5F, 0x45, 0x76, 0x61, 0x73, 0x69, 0x76, 0x65,
    0x6E, 0x65, 0x73, 0x73, 0x24, 0x00, 0x00, 0x00, 0x94, 0x08, 0x00, 0x06, 0x00, 0x00, 0x00, 0x00,
    0x00, 0x0E, 0x6D, 0x5F, 0x53, 0x65, 0x65, 0x6B, 0x4B, 0x69, 0x6C, 0x6C, 0x5A, 0x6F, 0x6E, 0x65,
    0x28, 0x00, 0x00, 0x00, 0x94, 0x08, 0x00, 0x06, 0x00, 0x00, 0x00, 0x00, 0x00, 0x10, 0x6D, 0x5F,
    0x41, 0x76, 0x6F, 0x69, 0x64, 0x44, 0x65, 0x61, 0x74, 0x68, 0x5A, 0x6F, 0x6E, 0x65, 0x2C, 0x00,
    0x00, 0x00, 0x94, 0x08, 0x00, 0x06, 0x00, 0x00, 0x00, 0x00, 0x00, 0x14, 0x6D, 0x5F, 0x43, 0x6C,
    0x6F, 0x73, 0x65, 0x41, 0x74, 0x74, 0x61, 0x63, 0x6B, 0x43, 0x6F, 0x6D, 0x66, 0x6F, 0x72, 0x74,
    0x30, 0x00, 0x00, 0x00, 0x94, 0x08, 0x00, 0x06, 0x00, 0x00, 0x00, 0x00, 0x00, 0x15, 0x6D, 0x5F,
    0x4D, 0x65, 0x64, 0x69, 0x75, 0x6D, 0x41, 0x74, 0x74, 0x61, 0x63, 0x6B, 0x43, 0x6F, 0x6D, 0x66,
    0x6F, 0x72, 0x74, 0x34, 0x00, 0x00, 0x00, 0x94, 0x08, 0x00, 0x06, 0x00, 0x00, 0x00, 0x00, 0x00,
    0x12, 0x6D, 0x5F, 0x46, 0x61, 0x72, 0x41, 0x74, 0x74, 0x61, 0x63, 0x6B, 0x43, 0x6F, 0x6D, 0x66,
    0x6F, 0x72, 0x74, 0x38, 0x00, 0x00, 0x00, 0x96, 0x08, 0x00, 0x3F, 0x00, 0x20, 0x00, 0x00, 0x00,
    0x01, 0x00, 0x08, 0x00, 0x00, 0x00, 0x00, 0x0C, 0x6D, 0x5F, 0x57, 0x65, 0x61, 0x70, 0x6F, 0x6E,
    0x4C, 0x69, 0x73, 0x74, 0x58, 0x00, 0x00, 0x00, 0x96, 0x08, 0x00, 0x36, 0x00, 0x20, 0x00, 0x00,
    0x00, 0x01, 0x00, 0x08, 0x00, 0x00, 0x00, 0x00, 0x10, 0x6D, 0x5F, 0x57, 0x65, 0x61, 0x70, 0x6F,
    0x6E, 0x41, 0x63, 0x63, 0x75, 0x72, 0x61, 0x63, 0x79, 0x78, 0x00, 0x00, 0x00, 0x96, 0x08, 0x00,
    0x3F, 0x00, 0x20, 0x00, 0x00, 0x00, 0x01, 0x00, 0x08, 0x00, 0x00, 0x00, 0x00, 0x11, 0x6D, 0x5F,
    0x57, 0x65, 0x61, 0x70, 0x6F, 0x6E, 0x43, 0x6C, 0x6F, 0x73, 0x65, 0x4C, 0x69, 0x73, 0x74, 0x98,
    0x00, 0x00, 0x00, 0x96, 0x08, 0x00, 0x3F, 0x00, 0x20, 0x00, 0x00, 0x00, 0x01, 0x00, 0x08, 0x00,
    0x00, 0x00, 0x00, 0x12, 0x6D, 0x5F, 0x57, 0x65, 0x61, 0x70, 0x6F, 0x6E, 0x4D, 0x65, 0x64, 0x69,
    0x75, 0x6D, 0x4C, 0x69, 0x73, 0x74, 0xB8, 0x00, 0x00, 0x00, 0x96, 0x08, 0x00, 0x3F, 0x00, 0x20,
    0x00, 0x00, 0x00, 0x01, 0x00, 0x08, 0x00, 0x00, 0x00, 0x00, 0x0F, 0x6D, 0x5F, 0x57, 0x65, 0x61,
    0x70, 0x6F, 0x6E, 0x46, 0x61, 0x72, 0x4C, 0x69, 0x73, 0x74, 0xD8, 0x00, 0x00, 0x00, 0x94, 0x08,
    0x00, 0x06, 0x00, 0x00, 0x00, 0x00, 0x00, 0x11, 0x6D, 0x5F, 0x43, 0x6F, 0x6C, 0x6C, 0x69, 0x73,
    0x69, 0x6F, 0x6E, 0x52, 0x61, 0x64, 0x69, 0x75, 0x73, 0xDC, 0x00, 0x00, 0x00, 0x94, 0x08, 0x00,
    0x06, 0x00, 0x00, 0x00, 0x00, 0x00, 0x15, 0x6D, 0x5F, 0x43, 0x6F, 0x6C, 0x6C, 0x69, 0x73, 0x69,
    0x6F, 0x6E, 0x57, 0x61, 0x6C, 0x6C, 0x52, 0x61, 0x64, 0x69, 0x75, 0x73, 0xE0, 0x00, 0x00, 0x00,
    0x94, 0x08, 0x00, 0x06, 0x00, 0x00, 0x00, 0x00, 0x00, 0x11, 0x6D, 0x5F, 0x43, 0x6F, 0x6C, 0x6C,
    0x69, 0x73, 0x69, 0x6F, 0x6E, 0x48, 0x65, 0x69, 0x67, 0x68, 0x74, 0xE4, 0x00, 0x00, 0x00, 0x94,
    0x08, 0x00, 0x06, 0x00, 0x00, 0x00, 0x00, 0x00, 0x15, 0x6D, 0x5F, 0x43, 0x6F, 0x6C, 0x6C, 0x69,
    0x73, 0x69, 0x6F, 0x6E, 0x44, 0x65, 0x61, 0x64, 0x48, 0x65, 0x69, 0x67, 0x68, 0x74, 0xE8, 0x00,
    0x00, 0x00, 0x94, 0x08, 0x00, 0x06, 0x00, 0x00, 0x00, 0x00, 0x00, 0x08, 0x6D, 0x5F, 0x53, 0x63,
    0x61, 0x6C, 0x65, 0x58, 0xEC, 0x00, 0x00, 0x00, 0x94, 0x08, 0x00, 0x06, 0x00, 0x00, 0x00, 0x00,
    0x00, 0x08, 0x6D, 0x5F, 0x53, 0x63, 0x61, 0x6C, 0x65, 0x59, 0xF0, 0x00, 0x00, 0x00, 0x94, 0x08,
    0x00, 0x06, 0x00, 0x00, 0x00, 0x00, 0x00, 0x08, 0x6D, 0x5F, 0x53, 0x63, 0x61, 0x6C, 0x65, 0x5A,
    0xF4, 0x00, 0x00, 0x00, 0x96, 0x08, 0x00, 0x34, 0x00, 0x80, 0x00, 0x00, 0x00, 0x01, 0x00, 0x20,
    0x00, 0x00, 0x00, 0x00, 0x09, 0x6D, 0x5F, 0x41, 0x6D, 0x6D, 0x6F, 0x4D, 0x61, 0x78, 0x74, 0x01,
    0x00, 0x00, 0x96, 0x66, 0x00, 0x00, 0x00, 0x74, 0x01, 0x00, 0x00, 0x00, 0x00, 0x15, 0x43, 0x50,
    0x6C, 0x61, 0x79, 0x65, 0x72, 0x49, 0x6E, 0x74, 0x65, 0x6C, 0x6C, 0x69, 0x67, 0x65, 0x6E, 0x63,
    0x65, 0x5F, 0x74, 0x04, 0x2E, 0x65, 0x6F, 0x73, 0x00, 0x00, 0x00, 0x00, 0x96, 0x0D, 0x00, 0x08,
    0x00, 0x74, 0x01, 0x00, 0x00, 0x00, 0x00, 0x15, 0x43, 0x50, 0x6C, 0x61, 0x79, 0x65, 0x72, 0x49,
    0x6E, 0x74, 0x65, 0x6C, 0x6C, 0x69, 0x67, 0x65, 0x6E, 0x63, 0x65, 0x5F, 0x74, 0x13, 0x43, 0x50,
    0x6C, 0x61, 0x79, 0x65, 0x72, 0x49, 0x6E, 0x74, 0x65, 0x6C, 0x6C, 0x69, 0x67, 0x65, 0x6E, 0x63,
    0x65, 0x00, 0x00, 0x00, 0x00, 0x94, 0x0A, 0x00, 0x08, 0x00, 0x10, 0x00, 0x00, 0x00, 0x16, 0x43,
    0x4D, 0x6F, 0x72, 0x70, 0x68, 0x65, 0x72, 0x49, 0x6E, 0x74, 0x65, 0x6C, 0x6C, 0x69, 0x67, 0x65,
    0x6E, 0x63, 0x65, 0x5F, 0x74, 0x00, 0x00, 0x00, 0x00, 0x94, 0x08, 0x00, 0x0F, 0x00, 0x00, 0x00,
    0x00, 0x00, 0x09, 0x6D, 0x5F, 0x64, 0x77, 0x46, 0x6C, 0x61, 0x67, 0x73, 0x04, 0x00, 0x00, 0x00,
    0x94, 0x08, 0x00, 0x06, 0x00, 0x00, 0x00, 0x00, 0x00, 0x11, 0x6D, 0x5F, 0x43, 0x6F, 0x6C, 0x6C,
    0x69, 0x73, 0x69, 0x6F, 0x6E, 0x52, 0x61, 0x64, 0x69, 0x75, 0x73, 0x08, 0x00, 0x00, 0x00, 0x94,
    0x08, 0x00, 0x06, 0x00, 0x00, 0x00, 0x00, 0x00, 0x11, 0x6D, 0x5F, 0x43, 0x6F, 0x6C, 0x6C, 0x69,
    0x73, 0x69, 0x6F, 0x6E, 0x48, 0x65, 0x69, 0x67, 0x68, 0x74, 0x0C, 0x00, 0x00, 0x00, 0x94, 0x08,
    0x00, 0x06, 0x00, 0x00, 0x00, 0x00, 0x00, 0x0B, 0x6D, 0x5F, 0x41, 0x6E, 0x69, 0x6D, 0x53, 0x70,
    0x65, 0x65, 0x64, 0x10, 0x00, 0x00, 0x00, 0x96, 0x66, 0x00, 0x00, 0x00, 0x10, 0x00, 0x00, 0x00,
    0x00, 0x00, 0x16, 0x43, 0x4D, 0x6F, 0x72, 0x70, 0x68, 0x65, 0x72, 0x49, 0x6E, 0x74, 0x65, 0x6C,
    0x6C, 0x69, 0x67, 0x65, 0x6E, 0x63, 0x65, 0x5F, 0x74, 0x04, 0x2E, 0x65, 0x6F, 0x73, 0x00, 0x00,
    0x00, 0x00, 0x96, 0x0D, 0x00, 0x08, 0x00, 0x10, 0x00, 0x00, 0x00, 0x00, 0x00, 0x16, 0x43, 0x4D,
    0x6F, 0x72, 0x70, 0x68, 0x65, 0x72, 0x49, 0x6E, 0x74, 0x65, 0x6C, 0x6C, 0x69, 0x67, 0x65, 0x6E,
    0x63, 0x65, 0x5F, 0x74, 0x14, 0x43, 0x4D, 0x6F, 0x72, 0x70, 0x68, 0x65, 0x72, 0x49, 0x6E, 0x74,
    0x65, 0x6C, 0x6C, 0x69, 0x67, 0x65, 0x6E, 0x63, 0x65, 0x00, 0x00, 0x00, 0x00, 0x94, 0x0A, 0x00,
    0x08, 0x00, 0x10, 0x00, 0x00, 0x00, 0x1B, 0x43, 0x57, 0x61, 0x72, 0x70, 0x45, 0x6E, 0x74, 0x72,
    0x61, 0x6E, 0x63, 0x65, 0x49, 0x6E, 0x74, 0x65, 0x6C, 0x6C, 0x69, 0x67, 0x65, 0x6E, 0x63, 0x65,
    0x5F, 0x74, 0x00, 0x00, 0x00, 0x00, 0x94, 0x08, 0x00, 0x0F, 0x00, 0x00, 0x00, 0x00, 0x00, 0x09,
    0x6D, 0x5F, 0x64, 0x77, 0x46, 0x6C, 0x61, 0x67, 0x73, 0x04, 0x00, 0x00, 0x00, 0x94, 0x08, 0x00,
    0x06, 0x00, 0x00, 0x00, 0x00, 0x00, 0x11, 0x6D, 0x5F, 0x43, 0x6F, 0x6C, 0x6C, 0x69, 0x73, 0x69,
    0x6F, 0x6E, 0x52, 0x61, 0x64, 0x69, 0x75, 0x73, 0x08, 0x00, 0x00, 0x00, 0x94, 0x08, 0x00, 0x06,
    0x00, 0x00, 0x00, 0x00, 0x00, 0x11, 0x6D, 0x5F, 0x43, 0x6F, 0x6C, 0x6C, 0x69, 0x73, 0x69, 0x6F,
    0x6E, 0x48, 0x65, 0x69, 0x67, 0x68, 0x74, 0x0C, 0x00, 0x00, 0x00, 0x94, 0x08, 0x00, 0x0F, 0x00,
    0x00, 0x00, 0x00, 0x00, 0x0F, 0x6D, 0x5F, 0x44, 0x65, 0x73, 0x74, 0x69, 0x6E, 0x61, 0x74, 0x69,
    0x6F, 0x6E, 0x49, 0x44, 0x10, 0x00, 0x00, 0x00, 0x96, 0x66, 0x00, 0x00, 0x00, 0x10, 0x00, 0x00,
    0x00, 0x00, 0x00, 0x1B, 0x43, 0x57, 0x61, 0x72, 0x70, 0x45, 0x6E, 0x74, 0x72, 0x61, 0x6E, 0x63,
    0x65, 0x49, 0x6E, 0x74, 0x65, 0x6C, 0x6C, 0x69, 0x67, 0x65, 0x6E, 0x63, 0x65, 0x5F, 0x74, 0x04,
    0x2E, 0x65, 0x6F, 0x73, 0x00, 0x00, 0x00, 0x00, 0x96, 0x0D, 0x00, 0x08, 0x00, 0x10, 0x00, 0x00,
    0x00, 0x00, 0x00, 0x1B, 0x43, 0x57, 0x61, 0x72, 0x70, 0x45, 0x6E, 0x74, 0x72, 0x61, 0x6E, 0x63,
    0x65, 0x49, 0x6E, 0x74, 0x65, 0x6C, 0x6C, 0x69, 0x67, 0x65, 0x6E, 0x63, 0x65, 0x5F, 0x74, 0x19,
    0x43, 0x57, 0x61, 0x72, 0x70, 0x45, 0x6E, 0x74, 0x72, 0x61, 0x6E, 0x63, 0x65, 0x49, 0x6E, 0x74,
    0x65, 0x6C, 0x6C, 0x69, 0x67, 0x65, 0x6E, 0x63, 0x65, 0x00, 0x00, 0x00, 0x00, 0x94, 0x0A, 0x00,
    0x08, 0x00, 0x2C, 0x00, 0x00, 0x00, 0x1F, 0x43, 0x57, 0x65, 0x61, 0x74, 0x68, 0x65, 0x72, 0x47,
    0x65, 0x6E, 0x65, 0x72, 0x61, 0x74, 0x6F, 0x72, 0x49, 0x6E, 0x74, 0x65, 0x6C, 0x6C, 0x69, 0x67,
    0x65, 0x6E, 0x63, 0x65, 0x5F, 0x74, 0x00, 0x00, 0x00, 0x00, 0x94, 0x08, 0x00, 0x0D, 0x00, 0x00,
    0x00, 0x00, 0x00, 0x08, 0x6D, 0x5F, 0x77, 0x46, 0x6C, 0x61, 0x67, 0x73, 0x02, 0x00, 0x00, 0x00,
    0x94, 0x08, 0x00, 0x0D, 0x00, 0x00, 0x00, 0x00, 0x00, 0x0E, 0x6D, 0x5F, 0x4E, 0x75, 0x6D, 0x50,
    0x61, 0x72, 0x74, 0x69, 0x63, 0x6C, 0x65, 0x73, 0x04, 0x00, 0x00, 0x00, 0x94, 0x08, 0x00, 0x06,
    0x00, 0x00, 0x00, 0x00, 0x00, 0x08, 0x6D, 0x5F, 0x52, 0x61, 0x64, 0x69, 0x75, 0x73, 0x08, 0x00,
    0x00, 0x00, 0x94, 0x08, 0x00, 0x06, 0x00, 0x00, 0x00, 0x00, 0x00, 0x0D, 0x6D, 0x5F, 0x53, 0x74,
    0x61, 0x72, 0x74, 0x48, 0x65, 0x69, 0x67, 0x68, 0x74, 0x0C, 0x00, 0x00, 0x00, 0x94, 0x08, 0x00,
    0x0D, 0x00, 0x00, 0x00, 0x00, 0x00, 0x11, 0x6D, 0x5F, 0x4D, 0x69, 0x6E, 0x46, 0x61, 0x6C, 0x6C,
    0x56, 0x65, 0x6C, 0x6F, 0x63, 0x69, 0x74, 0x79, 0x0E, 0x00, 0x00, 0x00, 0x94, 0x08, 0x00, 0x0D,
    0x00, 0x00, 0x00, 0x00, 0x00, 0x11, 0x6D, 0x5F, 0x4D, 0x61, 0x78, 0x46, 0x61, 0x6C, 0x6C, 0x56,
    0x65, 0x6C, 0x6F, 0x63, 0x69, 0x74, 0x79, 0x10, 0x00, 0x00, 0x00, 0x94, 0x08, 0x00, 0x0D, 0x00,
    0x00, 0x00, 0x00, 0x00, 0x08, 0x6D, 0x5F, 0x53, 0x6C, 0x6F, 0x70, 0x65, 0x58, 0x12, 0x00, 0x00,
    0x00, 0x94, 0x08, 0x00, 0x0D, 0x00, 0x00, 0x00, 0x00, 0x00, 0x08, 0x6D, 0x5F, 0x53, 0x6C, 0x6F,
    0x70, 0x65, 0x5A, 0x14, 0x00, 0x00, 0x00, 0x94, 0x08, 0x00, 0x0D, 0x00, 0x00, 0x00, 0x00, 0x00,
    0x0B, 0x6D, 0x5F, 0x4D, 0x69, 0x6E, 0x4C, 0x65, 0x6E, 0x67, 0x74, 0x68, 0x16, 0x00, 0x00, 0x00,
    0x94, 0x08, 0x00, 0x0D, 0x00, 0x00, 0x00, 0x00, 0x00, 0x0B, 0x6D, 0x5F, 0x4D, 0x61, 0x78, 0x4C,
    0x65, 0x6E, 0x67, 0x74, 0x68, 0x18, 0x00, 0x00, 0x00, 0x96, 0x08, 0x00, 0x3C, 0x00, 0x04, 0x00,
    0x00, 0x00, 0x01, 0x00, 0x04, 0x00, 0x00, 0x00, 0x00, 0x0D, 0x6D, 0x5F, 0x55, 0x70, 0x70, 0x65,
    0x72, 0x43, 0x6F, 0x6C, 0x6F, 0x75, 0x72, 0x1C, 0x00, 0x00, 0x00, 0x96, 0x08, 0x00, 0x3C, 0x00,
    0x04, 0x00, 0x00, 0x00, 0x01, 0x00, 0x04, 0x00, 0x00, 0x00, 0x00, 0x0D, 0x6D, 0x5F, 0x4C, 0x6F,
    0x77, 0x65, 0x72, 0x43, 0x6F, 0x6C, 0x6F, 0x75, 0x72, 0x20, 0x00, 0x00, 0x00, 0x94, 0x08, 0x00,
    0x04, 0x00, 0x00, 0x00, 0x00, 0x00, 0x0A, 0x6D, 0x5F, 0x6E, 0x54, 0x65, 0x78, 0x74, 0x75, 0x72,
    0x65, 0x24, 0x00, 0x00, 0x00, 0x94, 0x08, 0x00, 0x0D, 0x00, 0x00, 0x00, 0x00, 0x00, 0x0A, 0x6D,
    0x5F, 0x4D, 0x69, 0x6E, 0x57, 0x69, 0x64, 0x74, 0x68, 0x26, 0x00, 0x00, 0x00, 0x94, 0x08, 0x00,
    0x0D, 0x00, 0x00, 0x00, 0x00, 0x00, 0x0A, 0x6D, 0x5F, 0x4D, 0x61, 0x78, 0x57, 0x69, 0x64, 0x74,
    0x68, 0x28, 0x00, 0x00, 0x00, 0x94, 0x08, 0x00, 0x06, 0x00, 0x00, 0x00, 0x00, 0x00, 0x09, 0x6D,
    0x5F, 0x54, 0x69, 0x6D, 0x65, 0x6F, 0x75, 0x74, 0x2C, 0x00, 0x00, 0x00, 0x96, 0x66, 0x00, 0x00,
    0x00, 0x2C, 0x00, 0x00, 0x00, 0x00, 0x00, 0x1F, 0x43, 0x57, 0x65, 0x61, 0x74, 0x68, 0x65, 0x72,
    0x47, 0x65, 0x6E, 0x65, 0x72, 0x61, 0x74, 0x6F, 0x72, 0x49, 0x6E, 0x74, 0x65, 0x6C, 0x6C, 0x69,
    0x67, 0x65, 0x6E, 0x63, 0x65, 0x5F, 0x74, 0x04, 0x2E, 0x65, 0x6F, 0x73, 0x00, 0x00, 0x00, 0x00,
    0x96, 0x0D, 0x00, 0x08, 0x00, 0x2C, 0x00, 0x00, 0x00, 0x00, 0x00, 0x1F, 0x43, 0x57, 0x65, 0x61,
    0x74, 0x68, 0x65, 0x72, 0x47, 0x65, 0x6E, 0x65, 0x72, 0x61, 0x74, 0x6F, 0x72, 0x49, 0x6E, 0x74,
    0x65, 0x6C, 0x6C, 0x69, 0x67, 0x65, 0x6E, 0x63, 0x65, 0x5F, 0x74, 0x1D, 0x43, 0x57, 0x65, 0x61,
    0x74, 0x68, 0x65, 0x72, 0x47, 0x65, 0x6E, 0x65, 0x72, 0x61, 0x74, 0x6F, 0x72, 0x49, 0x6E, 0x74,
    0x65, 0x6C, 0x6C, 0x69, 0x67, 0x65, 0x6E, 0x63, 0x65, 0x00, 0x00, 0x00, 0x00, 0x94, 0x0C, 0x00,
    0x09, 0x00, 0x74, 0x01, 0x00, 0x00, 0x08, 0x2E, 0x31, 0x33, 0x34, 0x66, 0x61, 0x6B, 0x65, 0x00,
    0x00, 0x00, 0x00, 0x96, 0x0B, 0x00, 0x08, 0x00, 0x14, 0x00, 0x00, 0x00, 0x00, 0x00, 0x15, 0x43,
    0x53, 0x74, 0x61, 0x74, 0x69, 0x63, 0x49, 0x6E, 0x74, 0x65, 0x6C, 0x6C, 0x69, 0x67, 0x65, 0x6E,
    0x63, 0x65, 0x5F, 0x74, 0x06, 0x53, 0x74, 0x61, 0x74, 0x69, 0x63, 0x00, 0x00, 0x00, 0x00, 0x96,
    0x0B, 0x00, 0x08, 0x00, 0x8C, 0x00, 0x00, 0x00, 0x00, 0x00, 0x14, 0x43, 0x45, 0x6E, 0x65, 0x6D,
    0x79, 0x49, 0x6E, 0x74, 0x65, 0x6C, 0x6C, 0x69, 0x67, 0x65, 0x6E, 0x63, 0x65, 0x5F, 0x74, 0x05,
    0x45, 0x6E, 0x65, 0x6D, 0x79, 0x00, 0x00, 0x00, 0x00, 0x96, 0x0B, 0x00, 0x08, 0x00, 0x60, 0x00,
    0x00, 0x00, 0x00, 0x00, 0x17, 0x43, 0x50, 0x6C, 0x61, 0x74, 0x66, 0x6F, 0x72, 0x6D, 0x49, 0x6E,
    0x74, 0x65, 0x6C, 0x6C, 0x69, 0x67, 0x65, 0x6E, 0x63, 0x65, 0x5F, 0x74, 0x08, 0x50, 0x6C, 0x61,
    0x74, 0x66, 0x6F, 0x72, 0x6D, 0x00, 0x00, 0x00, 0x00, 0x96, 0x0B, 0x00, 0x08, 0x00, 0x28, 0x00,
    0x00, 0x00, 0x00, 0x00, 0x18, 0x43, 0x47, 0x65, 0x6E, 0x65, 0x72, 0x61, 0x74, 0x6F, 0x72, 0x49,
    0x6E, 0x74, 0x65, 0x6C, 0x6C, 0x69, 0x67, 0x65, 0x6E, 0x63, 0x65, 0x5F, 0x74, 0x09, 0x47, 0x65,
    0x6E, 0x65, 0x72, 0x61, 0x74, 0x6F, 0x72, 0x00, 0x00, 0x00, 0x00, 0x96, 0x0B, 0x00, 0x08, 0x00,
    0x74, 0x00, 0x00, 0x00, 0x00, 0x00, 0x15, 0x43, 0x54, 0x75, 0x72, 0x72, 0x65, 0x74, 0x49, 0x6E,
    0x74, 0x65, 0x6C, 0x6C, 0x69, 0x67, 0x65, 0x6E, 0x63, 0x65, 0x5F, 0x74, 0x06, 0x54, 0x75, 0x72,
    0x72, 0x65, 0x74, 0x00, 0x00, 0x00, 0x00, 0x96, 0x0B, 0x00, 0x08, 0x00, 0x0C, 0x00, 0x00, 0x00,
    0x00, 0x00, 0x18, 0x43, 0x54, 0x68, 0x72, 0x6F, 0x77, 0x61, 0x62, 0x6C, 0x65, 0x49, 0x6E, 0x74,
    0x65, 0x6C, 0x6C, 0x69, 0x67, 0x65, 0x6E, 0x63, 0x65, 0x5F, 0x74, 0x09, 0x54, 0x68, 0x72, 0x6F,
    0x77, 0x61, 0x62, 0x6C, 0x65, 0x00, 0x00, 0x00, 0x00, 0x96, 0x0B, 0x00, 0x08, 0x00, 0x14, 0x00,
    0x00, 0x00, 0x00, 0x00, 0x13, 0x43, 0x44, 0x6F, 0x6F, 0x72, 0x49, 0x6E, 0x74, 0x65, 0x6C, 0x6C,
    0x69, 0x67, 0x65, 0x6E, 0x63, 0x65, 0x5F, 0x74, 0x04, 0x44, 0x6F, 0x6F, 0x72, 0x00, 0x00, 0x00,
    0x00, 0x96, 0x0B, 0x00, 0x08, 0x00, 0x54, 0x00, 0x00, 0x00, 0x00, 0x00, 0x1B, 0x43, 0x44, 0x65,
    0x73, 0x74, 0x72, 0x75, 0x63, 0x74, 0x69, 0x62, 0x6C, 0x65, 0x49, 0x6E, 0x74, 0x65, 0x6C, 0x6C,
    0x69, 0x67, 0x65, 0x6E, 0x63, 0x65, 0x5F, 0x74, 0x0C, 0x44, 0x65, 0x73, 0x74, 0x72, 0x75, 0x63,
    0x74, 0x69, 0x62, 0x6C, 0x65, 0x00, 0x00, 0x00, 0x00, 0x96, 0x0B, 0x00, 0x08, 0x00, 0x10, 0x00,
    0x00, 0x00, 0x00, 0x00, 0x15, 0x43, 0x50, 0x69, 0x63, 0x6B, 0x75, 0x70, 0x49, 0x6E, 0x74, 0x65,
    0x6C, 0x6C, 0x69, 0x67, 0x65, 0x6E, 0x63, 0x65, 0x5F, 0x74, 0x06, 0x50, 0x69, 0x63, 0x6B, 0x75,
    0x70, 0x00, 0x00, 0x00, 0x00, 0x96, 0x0B, 0x00, 0x08, 0x00, 0x08, 0x00, 0x00, 0x00, 0x00, 0x00,
    0x1E, 0x43, 0x49, 0x6E, 0x74, 0x65, 0x72, 0x61, 0x63, 0x74, 0x69, 0x76, 0x65, 0x41, 0x6E, 0x69,
    0x6D, 0x49, 0x6E, 0x74, 0x65, 0x6C, 0x6C, 0x69, 0x67, 0x65, 0x6E, 0x63, 0x65, 0x5F, 0x74, 0x0F,
    0x49, 0x6E, 0x74, 0x65, 0x72, 0x61, 0x63, 0x74, 0x69, 0x76, 0x65, 0x41, 0x6E, 0x69, 0x6D, 0x00,
    0x00, 0x00, 0x00, 0x96, 0x0B, 0x00, 0x08, 0x00, 0x1C, 0x00, 0x00, 0x00, 0x00, 0x00, 0x15, 0x43,
    0x41, 0x63, 0x74, 0x69, 0x6F, 0x6E, 0x49, 0x6E, 0x74, 0x65, 0x6C, 0x6C, 0x69, 0x67, 0x65, 0x6E,
    0x63, 0x65, 0x5F, 0x74, 0x06, 0x41, 0x63, 0x74, 0x69, 0x6F, 0x6E, 0x00, 0x00, 0x00, 0x00, 0x96,
    0x0B, 0x00, 0x08, 0x00, 0x74, 0x01, 0x00, 0x00, 0x00, 0x00, 0x15, 0x43, 0x50, 0x6C, 0x61, 0x79,
    0x65, 0x72, 0x49, 0x6E, 0x74, 0x65, 0x6C, 0x6C, 0x69, 0x67, 0x65, 0x6E, 0x63, 0x65, 0x5F, 0x74,
    0x06, 0x50, 0x6C, 0x61, 0x79, 0x65, 0x72, 0x00, 0x00, 0x00, 0x00, 0x96, 0x0B, 0x00, 0x08, 0x00,
    0x10, 0x00, 0x00, 0x00, 0x00, 0x00, 0x16, 0x43, 0x4D, 0x6F, 0x72, 0x70, 0x68, 0x65, 0x72, 0x49,
    0x6E, 0x74, 0x65, 0x6C, 0x6C, 0x69, 0x67, 0x65, 0x6E, 0x63, 0x65, 0x5F, 0x74, 0x07, 0x4D, 0x6F,
    0x72, 0x70, 0x68, 0x65, 0x72, 0x00, 0x00, 0x00, 0x00, 0x96, 0x0B, 0x00, 0x08, 0x00, 0x10, 0x00,
    0x00, 0x00, 0x00, 0x00, 0x1B, 0x43, 0x57, 0x61, 0x72, 0x70, 0x45, 0x6E, 0x74, 0x72, 0x61, 0x6E,
    0x63, 0x65, 0x49, 0x6E, 0x74, 0x65, 0x6C, 0x6C, 0x69, 0x67, 0x65, 0x6E, 0x63, 0x65, 0x5F, 0x74,
    0x0C, 0x57, 0x61, 0x72, 0x70, 0x45, 0x6E, 0x74, 0x72, 0x61, 0x6E, 0x63, 0x65, 0x00, 0x00, 0x00,
    0x00, 0x96, 0x0B, 0x00, 0x08, 0x00, 0x2C, 0x00, 0x00, 0x00, 0x00, 0x00, 0x1F, 0x43, 0x57, 0x65,
    0x61, 0x74, 0x68, 0x65, 0x72, 0x47, 0x65, 0x6E, 0x65, 0x72, 0x61, 0x74, 0x6F, 0x72, 0x49, 0x6E,
    0x74, 0x65, 0x6C, 0x6C, 0x69, 0x67, 0x65, 0x6E, 0x63, 0x65, 0x5F, 0x74, 0x10, 0x57, 0x65, 0x61,
    0x74, 0x68, 0x65, 0x72, 0x47, 0x65, 0x6E, 0x65, 0x72, 0x61, 0x74, 0x6F, 0x72, 0x74, 0x01, 0x00,
    0x00, 0x96, 0x66, 0x00, 0x00, 0x00, 0x74, 0x01, 0x00, 0x00, 0x00, 0x00, 0x08, 0x2E, 0x31, 0x33,
    0x34, 0x66, 0x61, 0x6B, 0x65, 0x04, 0x2E, 0x65, 0x6F, 0x73, 0x00, 0x00, 0x00, 0x00, 0x94, 0x0A,
    0x00, 0x08, 0x00, 0x88, 0x01, 0x00, 0x00, 0x0F, 0x43, 0x49, 0x6E, 0x74, 0x65, 0x6C, 0x6C, 0x69,
    0x67, 0x65, 0x6E, 0x63, 0x65, 0x5F, 0x74, 0x00, 0x00, 0x00, 0x00, 0x94, 0x08, 0x00, 0x05, 0x00,
    0x00, 0x00, 0x00, 0x00, 0x07, 0x6D, 0x5F, 0x6E, 0x54, 0x79, 0x70, 0x65, 0x04, 0x00, 0x00, 0x00,
    0x94, 0x08, 0x00, 0x0F, 0x00, 0x00, 0x00, 0x00, 0x00, 0x09, 0x6D, 0x5F, 0x64, 0x77, 0x46, 0x6C,
    0x61, 0x67, 0x73, 0x08, 0x00, 0x00, 0x00, 0x94, 0x08, 0x00, 0x06, 0x00, 0x00, 0x00, 0x00, 0x00,
    0x0A, 0x6D, 0x5F, 0x4C, 0x4F, 0x44, 0x44, 0x69, 0x73, 0x74, 0x32, 0x0C, 0x00, 0x00, 0x00, 0x94,
    0x08, 0x00, 0x03, 0x00, 0x00, 0x00, 0x00, 0x00, 0x04, 0x6D, 0x5F, 0x49, 0x64, 0x0E, 0x00, 0x00,
    0x00, 0x94, 0x08, 0x00, 0x02, 0x00, 0x00, 0x00, 0x00, 0x00, 0x08, 0x6D, 0x5F, 0x6E, 0x4D, 0x6F,
    0x64, 0x65, 0x6C, 0x0F, 0x00, 0x00, 0x00, 0x94, 0x08, 0x00, 0x02, 0x00, 0x00, 0x00, 0x00, 0x00,
    0x09, 0x6D, 0x5F, 0x6E, 0x4D, 0x6F, 0x64, 0x65, 0x6C, 0x32, 0x10, 0x00, 0x00, 0x00, 0x94, 0x08,
    0x00, 0x02, 0x00, 0x00, 0x00, 0x00, 0x00, 0x0E, 0x6D, 0x5F, 0x6E, 0x53, 0x68, 0x61, 0x64, 0x6F,
    0x77, 0x4D, 0x6F, 0x64, 0x65, 0x6C, 0x11, 0x00, 0x00, 0x00, 0x94, 0x08, 0x00, 0x02, 0x00, 0x00,
    0x00, 0x00, 0x00, 0x0F, 0x6D, 0x5F, 0x6E, 0x53, 0x68, 0x61, 0x64, 0x6F, 0x77, 0x4D, 0x6F, 0x64,
    0x65, 0x6C, 0x32, 0x12, 0x00, 0x00, 0x00, 0x94, 0x08, 0x00, 0x02, 0x00, 0x00, 0x00, 0x00, 0x00,
    0x0A, 0x6D, 0x5F, 0x6E, 0x54, 0x65, 0x78, 0x74, 0x75, 0x72, 0x65, 0x13, 0x00, 0x00, 0x00, 0x94,
    0x08, 0x00, 0x02, 0x00, 0x00, 0x00, 0x00, 0x00, 0x03, 0x70, 0x61, 0x64, 0x14, 0x00, 0x00, 0x00,
    0x96, 0x08, 0x00, 0x09, 0x00, 0x74, 0x01, 0x00, 0x00, 0x00, 0x00, 0x08, 0x2E, 0x31, 0x33, 0x34,
    0x66, 0x61, 0x6B, 0x65, 0x01, 0x75, 0x88, 0x01, 0x00, 0x00, 0x96, 0x66, 0x00, 0x00, 0x00, 0x88,
    0x01, 0x00, 0x00, 0x00, 0x00, 0x0F, 0x43, 0x49, 0x6E, 0x74, 0x65, 0x6C, 0x6C, 0x69, 0x67, 0x65,
    0x6E, 0x63, 0x65, 0x5F, 0x74, 0x04, 0x2E, 0x65, 0x6F, 0x73, 0x00, 0x00, 0x00, 0x00, 0x96, 0x0D,
    0x00, 0x08, 0x00, 0x88, 0x01, 0x00, 0x00, 0x00, 0x00, 0x0F, 0x43, 0x49, 0x6E, 0x74, 0x65, 0x6C,
    0x6C, 0x69, 0x67, 0x65, 0x6E, 0x63, 0x65, 0x5F, 0x74, 0x0D, 0x43, 0x49, 0x6E, 0x74, 0x65, 0x6C,
    0x6C, 0x69, 0x67, 0x65, 0x6E, 0x63, 0x65, 0x00, 0x00, 0x00, 0x00, 0x94, 0x0F, 0x00, 0x0A, 0x00,
    0x04, 0x00, 0x00, 0x00, 0x09, 0x42, 0x65, 0x68, 0x61, 0x76, 0x69, 0x6F, 0x72, 0x73, 0x00, 0x00,
    0x00, 0x00, 0x94, 0x10, 0x00, 0x0B, 0x00, 0x00, 0x00, 0x00, 0x00, 0x0F, 0x47, 0x52, 0x4F, 0x55,
    0x4E, 0x44, 0x5F, 0x42, 0x45, 0x48, 0x41, 0x56, 0x49, 0x4F, 0x52, 0x01, 0x00, 0x00, 0x00, 0x94,
    0x10, 0x00, 0x0B, 0x00, 0x00, 0x00, 0x00, 0x00, 0x0C, 0x41, 0x49, 0x52, 0x5F, 0x42, 0x45, 0x48,
    0x41, 0x56, 0x49, 0x4F, 0x52, 0x02, 0x00, 0x00, 0x00, 0x94, 0x10, 0x00, 0x0B, 0x00, 0x00, 0x00,
    0x00, 0x00, 0x13, 0x55, 0x4E, 0x44, 0x45, 0x52, 0x57, 0x41, 0x54, 0x45, 0x52, 0x5F, 0x42, 0x45,
    0x48, 0x41, 0x56, 0x49, 0x4F, 0x52, 0x03, 0x00, 0x00, 0x00, 0x94, 0x10, 0x00, 0x0B, 0x00, 0x00,
    0x00, 0x00, 0x00, 0x0E, 0x42, 0x45, 0x48, 0x41, 0x56, 0x49, 0x4F, 0x52, 0x5F, 0x43, 0x4F, 0x55,
    0x4E, 0x54, 0x04, 0x00, 0x00, 0x00, 0x96, 0x66, 0x00, 0x00, 0x00, 0x04, 0x00, 0x00, 0x00, 0x00,
    0x00, 0x09, 0x42, 0x65, 0x68, 0x61, 0x76, 0x69, 0x6F, 0x72, 0x73, 0x04, 0x2E, 0x65, 0x6F, 0x73,
    0x00, 0x00, 0x00, 0x00, 0x94, 0x0A, 0x00, 0x08, 0x00, 0x04, 0x00, 0x00, 0x00, 0x0B, 0x43, 0x42,
    0x65, 0x68, 0x61, 0x76, 0x69, 0x6F, 0x72, 0x5F, 0x74, 0x00, 0x00, 0x00, 0x00, 0x96, 0x08, 0x00,
    0x32, 0x00, 0x03, 0x00, 0x00, 0x00, 0x01, 0x00, 0x03, 0x00, 0x00, 0x00, 0x00, 0x06, 0x6D, 0x5F,
    0x54, 0x79, 0x70, 0x65, 0x03, 0x00, 0x00, 0x00, 0x94, 0x08, 0x00, 0x02, 0x00, 0x00, 0x00, 0x00,
    0x00, 0x11, 0x6D, 0x5F, 0x43, 0x75, 0x72, 0x72, 0x65, 0x6E, 0x74, 0x42, 0x65, 0x68, 0x61, 0x76,
    0x69, 0x6F, 0x72, 0x04, 0x00, 0x00, 0x00, 0x96, 0x66, 0x00, 0x00, 0x00, 0x04, 0x00, 0x00, 0x00,
    0x00, 0x00, 0x0B, 0x43, 0x42, 0x65, 0x68, 0x61, 0x76, 0x69, 0x6F, 0x72, 0x5F, 0x74, 0x04, 0x2E,
    0x65, 0x6F, 0x73, 0x00, 0x00, 0x00, 0x00, 0x96, 0x0D, 0x00, 0x08, 0x00, 0x04, 0x00, 0x00, 0x00,
    0x00, 0x00, 0x0B, 0x43, 0x42, 0x65, 0x68, 0x61, 0x76, 0x69, 0x6F, 0x72, 0x5F, 0x74, 0x09, 0x43,
    0x42, 0x65, 0x68, 0x61, 0x76, 0x69, 0x6F, 0x72, 0x00, 0x00, 0x00, 0x00, 0x94, 0x0C, 0x00, 0x09,
    0x00, 0x04, 0x00, 0x00, 0x00, 0x08, 0x2E, 0x31, 0x33, 0x35, 0x66, 0x61, 0x6B, 0x65, 0x00, 0x00,
    0x00, 0x00, 0x94, 0x0B, 0x00, 0x06, 0x00, 0x00, 0x00, 0x00, 0x00, 0x07, 0x6D, 0x5F, 0x66, 0x6C,
    0x6F, 0x61, 0x74, 0x00, 0x00, 0x00, 0x00, 0x94, 0x0B, 0x00, 0x04, 0x00, 0x00, 0x00, 0x00, 0x00,
    0x05, 0x6D, 0x5F, 0x69, 0x6E, 0x74, 0x00, 0x00, 0x00, 0x00, 0x96, 0x0B, 0x00, 0x18, 0x00, 0x00,
    0x00, 0x00, 0x00, 0x00, 0x00, 0x15, 0x43, 0x47, 0x61, 0x6D, 0x65, 0x4F, 0x62, 0x6A, 0x65, 0x63,
    0x74, 0x49, 0x6E, 0x73, 0x74, 0x61, 0x6E, 0x63, 0x65, 0x5F, 0x74, 0x0B, 0x6D, 0x5F, 0x70, 0x41,
    0x6E, 0x69, 0x6D, 0x49, 0x6E, 0x73, 0x74, 0x00, 0x00, 0x00, 0x00, 0x94, 0x0B, 0x00, 0x0F, 0x00,
    0x00, 0x00, 0x00, 0x00, 0x07, 0x6D, 0x5F, 0x44, 0x57, 0x4F, 0x52, 0x44, 0x00, 0x00, 0x00, 0x00,
    0x96, 0x0B, 0x00, 0x3C, 0x00, 0x04, 0x00, 0x00, 0x00, 0x01, 0x00, 0x04, 0x00, 0x00, 0x00, 0x00,
    0x07, 0x6D, 0x5F, 0x42, 0x79, 0x74, 0x65, 0x73, 0x00, 0x00, 0x00, 0x00, 0x96, 0x0B, 0x00, 0x3D,
    0x00, 0x04, 0x00, 0x00, 0x00, 0x01, 0x00, 0x02, 0x00, 0x00, 0x00, 0x00, 0x07, 0x6D, 0x5F, 0x57,
    0x6F, 0x72, 0x64, 0x73, 0x00, 0x00, 0x00, 0x00, 0x96, 0x0B, 0x00, 0x08, 0x00, 0x04, 0x00, 0x00,
    0x00, 0x00, 0x00, 0x0B, 0x43, 0x42, 0x65, 0x68, 0x61, 0x76, 0x69, 0x6F, 0x72, 0x5F, 0x74, 0x0A,
    0x6D, 0x5F, 0x42, 0x65, 0x68, 0x61, 0x76, 0x69, 0x6F, 0x72, 0x00, 0x00, 0x00, 0x00, 0x94, 0x0B,
    0x00, 0x04, 0x00, 0x00, 0x00, 0x00, 0x00, 0x06, 0x6D, 0x5F, 0x42, 0x4F, 0x4F, 0x4C, 0x04, 0x00,
    0x00, 0x00, 0x96, 0x66, 0x00, 0x00, 0x00, 0x04, 0x00, 0x00, 0x00, 0x00, 0x00, 0x08, 0x2E, 0x31,
    0x33, 0x35, 0x66, 0x61, 0x6B, 0x65, 0x04, 0x2E, 0x65, 0x6F, 0x73, 0x00, 0x00, 0x00, 0x00, 0x94,
    0x0A, 0x00, 0x08, 0x00, 0x04, 0x00, 0x00, 0x00, 0x0A, 0x43, 0x4D, 0x69, 0x73, 0x63, 0x56, 0x61,
    0x72, 0x5F, 0x74, 0x00, 0x00, 0x00, 0x00, 0x96, 0x08, 0x00, 0x09, 0x00, 0x04, 0x00, 0x00, 0x00,
    0x00, 0x00, 0x08, 0x2E, 0x31, 0x33, 0x35, 0x66, 0x61, 0x6B, 0x65, 0x01, 0x75, 0x04, 0x00, 0x00,
    0x00, 0x96, 0x66, 0x00, 0x00, 0x00, 0x04, 0x00, 0x00, 0x00, 0x00, 0x00, 0x0A, 0x43, 0x4D, 0x69,
    0x73, 0x63, 0x56, 0x61, 0x72, 0x5F, 0x74, 0x04, 0x2E, 0x65, 0x6F, 0x73, 0x00, 0x00, 0x00, 0x00,
    0x96, 0x0D, 0x00, 0x08, 0x00, 0x04, 0x00, 0x00, 0x00, 0x00, 0x00, 0x0A, 0x43, 0x4D, 0x69, 0x73,
    0x63, 0x56, 0x61, 0x72, 0x5F, 0x74, 0x08, 0x43, 0x4D, 0x69, 0x73, 0x63, 0x56, 0x61, 0x72, 0x00,
    0x00, 0x00, 0x00, 0x94, 0x0A, 0x00, 0x08, 0x00, 0x70, 0x01, 0x00, 0x00, 0x05, 0x43, 0x41, 0x49,
    0x5F, 0x74, 0x00, 0x00, 0x00, 0x00, 0x94, 0x08, 0x00, 0x0F, 0x00, 0x00, 0x00, 0x00, 0x00, 0x09,
    0x6D, 0x5F, 0x64, 0x77, 0x46, 0x6C, 0x61, 0x67, 0x73, 0x04, 0x00, 0x00, 0x00, 0x94, 0x08, 0x00,
    0x05, 0x00, 0x00, 0x00, 0x00, 0x00, 0x08, 0x6D, 0x5F, 0x48, 0x65, 0x61, 0x6C, 0x74, 0x68, 0x08,
    0x00, 0x00, 0x00, 0x94, 0x08, 0x00, 0x05, 0x00, 0x00, 0x00, 0x00, 0x00, 0x0D, 0x6D, 0x5F, 0x53,
    0x74, 0x61, 0x72, 0x74, 0x48, 0x65, 0x61, 0x6C, 0x74, 0x68, 0x0C, 0x00, 0x00, 0x00, 0x94, 0x08,
    0x00, 0x0F, 0x00, 0x00, 0x00, 0x00, 0x00, 0x0E, 0x6D, 0x5F, 0x64, 0x77, 0x4D, 0x6F, 0x64, 0x65,
    0x6C, 0x46, 0x6C, 0x61, 0x67, 0x73, 0x10, 0x00, 0x00, 0x00, 0x94, 0x08, 0x00, 0x0C, 0x00, 0x00,
    0x00, 0x00, 0x00, 0x0D, 0x6D, 0x5F, 0x54, 0x72, 0x61, 0x6E, 0x71, 0x48, 0x65, 0x61, 0x6C, 0x74,
    0x68, 0x11, 0x00, 0x00, 0x00, 0x94, 0x08, 0x00, 0x02, 0x00, 0x00, 0x00, 0x00, 0x00, 0x07, 0x70,
    0x61, 0x64, 0x64, 0x69, 0x6E, 0x67, 0x12, 0x00, 0x00, 0x00, 0x94, 0x08, 0x00, 0x02, 0x00, 0x00,
    0x00, 0x00, 0x00, 0x11, 0x6D, 0x5F, 0x46, 0x6C, 0x69, 0x6E, 0x63, 0x68, 0x43, 0x6F, 0x75, 0x6E,
    0x74, 0x64, 0x6F, 0x77, 0x6E, 0x13, 0x00, 0x00, 0x00, 0x94, 0x08, 0x00, 0x02, 0x00, 0x00, 0x00,
    0x00, 0x00, 0x0C, 0x6D, 0x5F, 0x46, 0x6C, 0x69, 0x6E, 0x63, 0x68, 0x54, 0x69, 0x6D, 0x65, 0x14,
    0x00, 0x00, 0x00, 0x96, 0x08, 0x00, 0x32, 0x00, 0x04, 0x00, 0x00, 0x00, 0x01, 0x00, 0x04, 0x00,
    0x00, 0x00, 0x00, 0x0C, 0x6D, 0x5F, 0x46, 0x6C, 0x69, 0x6E, 0x63, 0x68, 0x4E, 0x6F, 0x64, 0x65,
    0x18, 0x00, 0x00, 0x00, 0x96, 0x08, 0x00, 0x08, 0x00, 0x0C, 0x00, 0x00, 0x00, 0x00, 0x00, 0x0A,
    0x43, 0x56, 0x65, 0x63, 0x74, 0x6F, 0x72, 0x33, 0x5F, 0x74, 0x0D, 0x6D, 0x5F, 0x76, 0x46, 0x6C,
    0x69, 0x6E, 0x63, 0x68, 0x41, 0x78, 0x69, 0x73, 0x24, 0x00, 0x00, 0x00, 0x94, 0x08, 0x00, 0x06,
    0x00, 0x00, 0x00, 0x00, 0x00, 0x0A, 0x6D, 0x5F, 0x48, 0x65, 0x61, 0x64, 0x54, 0x75, 0x72, 0x6E,
    0x28, 0x00, 0x00, 0x00, 0x94, 0x08, 0x00, 0x06, 0x00, 0x00, 0x00, 0x00, 0x00, 0x0A, 0x6D, 0x5F,
    0x48, 0x65, 0x61, 0x64, 0x54, 0x69, 0x6C, 0x74, 0x2C, 0x00, 0x00, 0x00, 0x96, 0x08, 0x00, 0x18,
    0x00, 0x00, 0x00, 0x00, 0x00, 0x00, 0x00, 0x0D, 0x43, 0x41, 0x49, 0x4D, 0x6F, 0x64, 0x65, 0x49,
    0x6E, 0x66, 0x6F, 0x5F, 0x74, 0x0C, 0x6D, 0x5F, 0x70, 0x4D, 0x6F, 0x64, 0x65, 0x54, 0x61, 0x62,
    0x6C, 0x65, 0x30, 0x00, 0x00, 0x00, 0x96, 0x08, 0x00, 0x18, 0x00, 0x00, 0x00, 0x00, 0x00, 0x00,
    0x00, 0x0D, 0x43, 0x41, 0x49, 0x4D, 0x6F, 0x64, 0x65, 0x49, 0x6E, 0x66, 0x6F, 0x5F, 0x74, 0x0B,
    0x6D, 0x5F, 0x70, 0x4D, 0x6F, 0x64, 0x65, 0x49, 0x6E, 0x66, 0x6F, 0x34, 0x00, 0x00, 0x00, 0x94,
    0x08, 0x00, 0x02, 0x00, 0x00, 0x00, 0x00, 0x00, 0x06, 0x6D, 0x5F, 0x4D, 0x6F, 0x64, 0x65, 0x35,
    0x00, 0x00, 0x00, 0x94, 0x08, 0x00, 0x02, 0x00, 0x00, 0x00, 0x00, 0x00, 0x0F, 0x6D, 0x5F, 0x4D,
    0x6F, 0x64, 0x65, 0x4C, 0x61, 0x73, 0x74, 0x46, 0x72, 0x61, 0x6D, 0x65, 0x36, 0x00, 0x00, 0x00,
    0x94, 0x08, 0x00, 0x02, 0x00, 0x00, 0x00, 0x00, 0x00, 0x0C, 0x6D, 0x5F, 0x4D, 0x6F, 0x64, 0x65,
    0x42, 0x65, 0x66, 0x6F, 0x72, 0x65, 0x37, 0x00, 0x00, 0x00, 0x94, 0x08, 0x00, 0x02, 0x00, 0x00,
    0x00, 0x00, 0x00, 0x08, 0x6D, 0x5F, 0x41, 0x63, 0x74, 0x69, 0x6F, 0x6E, 0x38, 0x00, 0x00, 0x00,
    0x94, 0x08, 0x00, 0x0F, 0x00, 0x00, 0x00, 0x00, 0x00, 0x14, 0x6D, 0x5F, 0x4D, 0x6F, 0x64, 0x65,
    0x4C, 0x61, 0x73, 0x74, 0x46, 0x72, 0x61, 0x6D, 0x65, 0x46, 0x6C, 0x61, 0x67, 0x73, 0x3C, 0x00,
    0x00, 0x00, 0x94, 0x08, 0x00, 0x0F, 0x00, 0x00, 0x00, 0x00, 0x00, 0x0B, 0x6D, 0x5F, 0x4D, 0x6F,
    0x64, 0x65, 0x46, 0x6C, 0x61, 0x67, 0x73, 0x40, 0x00, 0x00, 0x00, 0x94, 0x08, 0x00, 0x06, 0x00,
    0x00, 0x00, 0x00, 0x00, 0x0A, 0x6D, 0x5F, 0x4D, 0x6F, 0x64, 0x65, 0x54, 0x69, 0x6D, 0x65, 0x44,
    0x00, 0x00, 0x00, 0x94, 0x08, 0x00, 0x06, 0x00, 0x00, 0x00, 0x00, 0x00, 0x0C, 0x6D, 0x5F, 0x41,
    0x63, 0x74, 0x69, 0x6F, 0x6E, 0x54, 0x69, 0x6D, 0x65, 0x48, 0x00, 0x00, 0x00, 0x96, 0x08, 0x00,
    0x08, 0x00, 0x0C, 0x00, 0x00, 0x00, 0x00, 0x00, 0x0A, 0x43, 0x56, 0x65, 0x63, 0x74, 0x6F, 0x72,
    0x33, 0x5F, 0x74, 0x0F, 0x6D, 0x5F, 0x76, 0x50, 0x6F, 0x73, 0x4C, 0x61, 0x73, 0x74, 0x46, 0x72,
    0x61, 0x6D, 0x65, 0x54, 0x00, 0x00, 0x00, 0x96, 0x08, 0x00, 0x08, 0x00, 0x0C, 0x00, 0x00, 0x00,
    0x00, 0x00, 0x0A, 0x43, 0x56, 0x65, 0x63, 0x74, 0x6F, 0x72, 0x33, 0x5F, 0x74, 0x0D, 0x6D, 0x5F,
    0x76, 0x44, 0x65, 0x73, 0x69, 0x72, 0x65, 0x64, 0x50, 0x6F, 0x73, 0x60, 0x00, 0x00, 0x00, 0x94,
    0x08, 0x00, 0x06, 0x00, 0x00, 0x00, 0x00, 0x00, 0x0F, 0x6D, 0x5F, 0x52, 0x6F, 0x74, 0x59, 0x4C,
    0x61, 0x73, 0x74, 0x46, 0x72, 0x61, 0x6D, 0x65, 0x64, 0x00, 0x00, 0x00, 0x94, 0x08, 0x00, 0x06,
    0x00, 0x00, 0x00, 0x00, 0x00, 0x0A, 0x6D, 0x5F, 0x4D, 0x6F, 0x76, 0x65, 0x54, 0x69, 0x6D, 0x65,
    0x68, 0x00, 0x00, 0x00, 0x96, 0x08, 0x00, 0x18, 0x00, 0x00, 0x00, 0x00, 0x00, 0x00, 0x00, 0x15,
    0x43, 0x47, 0x61, 0x6D, 0x65, 0x4F, 0x62, 0x6A, 0x65, 0x63, 0x74, 0x49, 0x6E, 0x73, 0x74, 0x61,
    0x6E, 0x63, 0x65, 0x5F, 0x74, 0x09, 0x6D, 0x5F, 0x70, 0x4C, 0x65, 0x61, 0x64, 0x65, 0x72, 0x6C,
    0x00, 0x00, 0x00, 0x96, 0x08, 0x00, 0x08, 0x00, 0x0C, 0x00, 0x00, 0x00, 0x00, 0x00, 0x0A, 0x43,
    0x56, 0x65, 0x63, 0x74, 0x6F, 0x72, 0x33, 0x5F, 0x74, 0x0F, 0x6D, 0x5F, 0x76, 0x54, 0x61, 0x72,
    0x67, 0x65, 0x74, 0x4F, 0x66, 0x66, 0x73, 0x65, 0x74, 0x78, 0x00, 0x00, 0x00, 0x96, 0x08, 0x00,
    0x18, 0x00, 0x00, 0x00, 0x00, 0x00, 0x00, 0x00, 0x15, 0x43, 0x47, 0x61, 0x6D, 0x65, 0x4F, 0x62,
    0x6A, 0x65, 0x63, 0x74, 0x49, 0x6E, 0x73, 0x74, 0x61, 0x6E, 0x63, 0x65, 0x5F, 0x74, 0x11, 0x6D,
    0x5F, 0x70, 0x54, 0x61, 0x72, 0x67, 0x65, 0x74, 0x4F, 0x76, 0x65, 0x72, 0x72, 0x69, 0x64, 0x65,
    0x7C, 0x00, 0x00, 0x00, 0x94, 0x08, 0x00, 0x06, 0x00, 0x00, 0x00, 0x00, 0x00, 0x14, 0x6D, 0x5F,
    0x54, 0x61, 0x72, 0x67, 0x65, 0x74, 0x4F, 0x76, 0x65, 0x72, 0x72, 0x69, 0x64, 0x65, 0x54, 0x69,
    0x6D, 0x65, 0x80, 0x00, 0x00, 0x00, 0x96, 0x08, 0x00, 0x18, 0x00, 0x00, 0x00, 0x00, 0x00, 0x00,
    0x00, 0x15, 0x43, 0x47, 0x61, 0x6D, 0x65, 0x4F, 0x62, 0x6A, 0x65, 0x63, 0x74, 0x49, 0x6E, 0x73,
    0x74, 0x61, 0x6E, 0x63, 0x65, 0x5F, 0x74, 0x0E, 0x6D, 0x5F, 0x70, 0x53, 0x69, 0x67, 0x68, 0x74,
    0x54, 0x61, 0x72, 0x67, 0x65, 0x74, 0x84, 0x00, 0x00, 0x00, 0x96, 0x08, 0x00, 0x18, 0x00, 0x00,
    0x00, 0x00, 0x00, 0x00, 0x00, 0x0D, 0x43, 0x47, 0x61, 0x6D, 0x65, 0x52, 0x65, 0x67, 0x69, 0x6F,
    0x6E, 0x5F, 0x74, 0x12, 0x6D, 0x5F, 0x70, 0x50, 0x61, 0x74, 0x68, 0x41, 0x76, 0x6F, 0x69, 0x64,
    0x52, 0x65, 0x67, 0x69, 0x6F, 0x6E, 0x88, 0x00, 0x00, 0x00, 0x96, 0x08, 0x00, 0x18, 0x00, 0x00,
    0x00, 0x00, 0x00, 0x00, 0x00, 0x15, 0x43, 0x47, 0x61, 0x6D, 0x65, 0x4F, 0x62, 0x6A, 0x65, 0x63,
    0x74, 0x49, 0x6E, 0x73, 0x74, 0x61, 0x6E, 0x63, 0x65, 0x5F, 0x74, 0x0D, 0x6D, 0x5F, 0x70, 0x50,
    0x61, 0x74, 0x68, 0x54, 0x61, 0x72, 0x67, 0x65, 0x74, 0x8C, 0x00, 0x00, 0x00, 0x94, 0x08, 0x00,
    0x06, 0x00, 0x00, 0x00, 0x00, 0x00, 0x0A, 0x6D, 0x5F, 0x50, 0x61, 0x74, 0x68, 0x52, 0x6F, 0x74,
    0x59, 0x90, 0x00, 0x00, 0x00, 0x94, 0x08, 0x00, 0x06, 0x00, 0x00, 0x00, 0x00, 0x00, 0x0C, 0x6D,
    0x5F, 0x50, 0x61, 0x74, 0x68, 0x48, 0x65, 0x69, 0x67, 0x68, 0x74, 0x94, 0x00, 0x00, 0x00, 0x96,
    0x08, 0x00, 0x08, 0x00, 0x08, 0x00, 0x00, 0x00, 0x00, 0x00, 0x0A, 0x43, 0x50, 0x61, 0x74, 0x68,
    0x54, 0x72, 0x61, 0x63, 0x6B, 0x0B, 0x6D, 0x5F, 0x50, 0x61, 0x74, 0x68, 0x54, 0x72, 0x61, 0x63,
    0x6B, 0x9C, 0x00, 0x00, 0x00, 0x94, 0x08, 0x00, 0x06, 0x00, 0x00, 0x00, 0x00, 0x00, 0x0B, 0x6D,
    0x5F, 0x53, 0x74, 0x61, 0x72, 0x74, 0x52, 0x6F, 0x74, 0x59, 0xA0, 0x00, 0x00, 0x00, 0x96, 0x08,
    0x00, 0x08, 0x00, 0x0C, 0x00, 0x00, 0x00, 0x00, 0x00, 0x0A, 0x43, 0x56, 0x65, 0x63, 0x74, 0x6F,
    0x72, 0x33, 0x5F, 0x74, 0x0B, 0x6D, 0x5F, 0x76, 0x53, 0x74, 0x61, 0x72, 0x74, 0x50, 0x6F, 0x73,
    0xAC, 0x00, 0x00, 0x00, 0x96, 0x08, 0x00, 0x18, 0x00, 0x00, 0x00, 0x00, 0x00, 0x00, 0x00, 0x0D,
    0x43, 0x47, 0x61, 0x6D, 0x65, 0x52, 0x65, 0x67, 0x69, 0x6F, 0x6E, 0x5F, 0x74, 0x0E, 0x6D, 0x5F,
    0x70, 0x53, 0x74, 0x61, 0x72, 0x74, 0x52, 0x65, 0x67, 0x69, 0x6F, 0x6E, 0xB0, 0x00, 0x00, 0x00,
    0x96, 0x08, 0x00, 0x08, 0x00, 0x0C, 0x00, 0x00, 0x00, 0x00, 0x00, 0x0A, 0x43, 0x56, 0x65, 0x63,
    0x74, 0x6F, 0x72, 0x33, 0x5F, 0x74, 0x0B, 0x6D, 0x5F, 0x76, 0x4C, 0x65, 0x61, 0x73, 0x68, 0x50,
    0x6F, 0x73, 0xBC, 0x00, 0x00, 0x00, 0x96, 0x08, 0x00, 0x18, 0x00, 0x00, 0x00, 0x00, 0x00, 0x00,
    0x00, 0x0D, 0x43, 0x47, 0x61, 0x6D, 0x65, 0x52, 0x65, 0x67, 0x69, 0x6F, 0x6E, 0x5F, 0x74, 0x0E,
    0x6D, 0x5F, 0x70, 0x4C, 0x65, 0x61, 0x73, 0x68, 0x52, 0x65, 0x67, 0x69, 0x6F, 0x6E, 0xC0, 0x00,
    0x00, 0x00, 0x94, 0x08, 0x00, 0x06, 0x00, 0x00, 0x00, 0x00, 0x00, 0x0B, 0x6D, 0x5F, 0x41, 0x6E,
    0x69, 0x6D, 0x53, 0x70, 0x65, 0x65, 0x64, 0xC4, 0x00, 0x00, 0x00, 0x94, 0x08, 0x00, 0x06, 0x00,
    0x00, 0x00, 0x00, 0x00, 0x0F, 0x6D, 0x5F, 0x4D, 0x6F, 0x64, 0x65, 0x41, 0x6E, 0x69, 0x6D, 0x53,
    0x70, 0x65, 0x65, 0x64, 0xC8, 0x00, 0x00, 0x00, 0x94, 0x08, 0x00, 0x03, 0x00, 0x00, 0x00, 0x00,
    0x00, 0x0A, 0x6D, 0x5F, 0x41, 0x6E, 0x69, 0x6D, 0x54, 0x79, 0x70, 0x65, 0xCA, 0x00, 0x00, 0x00,
    0x94, 0x08, 0x00, 0x02, 0x00, 0x00, 0x00, 0x00, 0x00, 0x0B, 0x6D, 0x5F, 0x41, 0x6E, 0x69, 0x6D,
    0x49, 0x6E, 0x64, 0x65, 0x78, 0xCB, 0x00, 0x00, 0x00, 0x94, 0x08, 0x00, 0x02, 0x00, 0x00, 0x00,
    0x00, 0x00, 0x0C, 0x6D, 0x5F, 0x41, 0x6E, 0x69, 0x6D, 0x50, 0x6C, 0x61, 0x79, 0x65, 0x64, 0xCC,
    0x00, 0x00, 0x00, 0x94, 0x08, 0x00, 0x0C, 0x00, 0x00, 0x00, 0x00, 0x00, 0x0C, 0x6D, 0x5F, 0x41,
    0x67, 0x67, 0x72, 0x65, 0x73, 0x73, 0x69, 0x6F, 0x6E, 0xCD, 0x00, 0x00, 0x00, 0x94, 0x08, 0x00,
    0x0C, 0x00, 0x00, 0x00, 0x00, 0x00, 0x0C, 0x6D, 0x5F, 0x46, 0x72, 0x65, 0x65, 0x7A, 0x65, 0x54,
    0x69, 0x6D, 0x65, 0xCE, 0x00, 0x00, 0x00, 0x94, 0x08, 0x00, 0x02, 0x00, 0x00, 0x00, 0x00, 0x00,
    0x0F, 0x6D, 0x5F, 0x50, 0x61, 0x74, 0x68, 0x46, 0x69, 0x6E, 0x64, 0x43, 0x6F, 0x75, 0x6E, 0x74,
    0xCF, 0x00, 0x00, 0x00, 0x94, 0x08, 0x00, 0x02, 0x00, 0x00, 0x00, 0x00, 0x00, 0x18, 0x6D, 0x5F,
    0x46, 0x72, 0x61, 0x6D, 0x65, 0x73, 0x53, 0x69, 0x6E, 0x63, 0x65, 0x4C, 0x61, 0x73, 0x74, 0x50,
    0x61, 0x69, 0x6E, 0x53, 0x46, 0x58, 0xD0, 0x00, 0x00, 0x00, 0x94, 0x08, 0x00, 0x06, 0x00, 0x00,
    0x00, 0x00, 0x00, 0x12, 0x6D, 0x5F, 0x44, 0x65, 0x61, 0x74, 0x68, 0x52, 0x65, 0x67, 0x69, 0x6F,
    0x6E, 0x54, 0x69, 0x6D, 0x65, 0x72, 0xD4, 0x00, 0x00, 0x00, 0x94, 0x08, 0x00, 0x06, 0x00, 0x00,
    0x00, 0x00, 0x00, 0x0D, 0x6D, 0x5F, 0x4F, 0x6E, 0x46, 0x69, 0x72, 0x65, 0x54, 0x69, 0x6D, 0x65,
    0x72, 0xD8, 0x00, 0x00, 0x00, 0x96, 0x08, 0x00, 0x08, 0x00, 0x0C, 0x00, 0x00, 0x00, 0x00, 0x00,
    0x0A, 0x43, 0x56, 0x65, 0x63, 0x74, 0x6F, 0x72, 0x33, 0x5F, 0x74, 0x0D, 0x6D, 0x5F, 0x76, 0x42,
    0x6F, 0x72, 0x65, 0x54, 0x61, 0x72, 0x67, 0x65, 0x74, 0xE4, 0x00, 0x00, 0x00, 0x96, 0x08, 0x00,
    0x08, 0x00, 0x0C, 0x00, 0x00, 0x00, 0x00, 0x00, 0x0A, 0x43, 0x56, 0x65, 0x63, 0x74, 0x6F, 0x72,
    0x33, 0x5F, 0x74, 0x11, 0x6D, 0x5F, 0x76, 0x42, 0x6F, 0x72, 0x65, 0x43, 0x6F, 0x6C, 0x6C, 0x4E,
    0x6F, 0x72, 0x6D, 0x61, 0x6C, 0xF0, 0x00, 0x00, 0x00, 0x96, 0x08, 0x00, 0x08, 0x00, 0x0C, 0x00,
    0x00, 0x00, 0x00, 0x00, 0x0A, 0x43, 0x56, 0x65, 0x63, 0x74, 0x6F, 0x72, 0x33, 0x5F, 0x74, 0x13,
    0x6D, 0x5F, 0x76, 0x4C, 0x61, 0x73, 0x65, 0x72, 0x53, 0x69, 0x67, 0x68, 0x74, 0x53, 0x6F, 0x75,
    0x72, 0x63, 0x65, 0xFC, 0x00, 0x00, 0x00, 0x96, 0x08, 0x00, 0x18, 0x00, 0x20, 0x00, 0x00, 0x00,
    0x00, 0x00, 0x13, 0x43, 0x4C, 0x6F, 0x6F, 0x70, 0x69, 0x6E, 0x67, 0x53, 0x6F, 0x75, 0x6E, 0x64,
    0x44, 0x61, 0x74, 0x61, 0x5F, 0x74, 0x17, 0x6D, 0x5F, 0x70, 0x41, 0x74, 0x74, 0x61, 0x63, 0x68,
    0x65, 0x64, 0x4C, 0x6F, 0x6F, 0x70, 0x69, 0x6E, 0x67, 0x53, 0x6F, 0x75, 0x6E, 0x64, 0x00, 0x01,
    0x00, 0x00, 0x94, 0x08, 0x00, 0x02, 0x00, 0x00, 0x00, 0x00, 0x00, 0x13, 0x6D, 0x5F, 0x55, 0x73,
    0x65, 0x41, 0x6C, 0x74, 0x65, 0x72, 0x6E, 0x61, 0x74, 0x65, 0x4D, 0x6F, 0x64, 0x65, 0x6C, 0x02,
    0x01, 0x00, 0x00, 0x94, 0x08, 0x00, 0x03, 0x00, 0x00, 0x00, 0x00, 0x00, 0x0D, 0x6D, 0x5F, 0x77,
    0x4C, 0x69, 0x6D, 0x62, 0x53, 0x74, 0x61, 0x74, 0x75, 0x73, 0x04, 0x01, 0x00, 0x00, 0x94, 0x08,
    0x00, 0x02, 0x00, 0x00, 0x00, 0x00, 0x00, 0x03, 0x70, 0x61, 0x64, 0x08, 0x01, 0x00, 0x00, 0x94,
    0x08, 0x00, 0x91, 0x00, 0x00, 0x00, 0x00, 0x00, 0x0B, 0x6D, 0x5F, 0x70, 0x66, 0x41, 0x64, 0x76,
    0x61, 0x6E, 0x63, 0x65, 0x0C, 0x01, 0x00, 0x00, 0x94, 0x08, 0x00, 0x91, 0x00, 0x00, 0x00, 0x00,
    0x00, 0x08, 0x6D, 0x5F, 0x70, 0x66, 0x44, 0x72, 0x61, 0x77, 0x10, 0x01, 0x00, 0x00, 0x94, 0x08,
    0x00, 0x91, 0x00, 0x00, 0x00, 0x00, 0x00, 0x12, 0x6D, 0x5F, 0x70, 0x66, 0x44, 0x65, 0x63, 0x72,
    0x65, 0x61, 0x73, 0x65, 0x48, 0x65, 0x61, 0x6C, 0x74, 0x68, 0x14, 0x01, 0x00, 0x00, 0x94, 0x08,
    0x00, 0x91, 0x00, 0x00, 0x00, 0x00, 0x00, 0x0D, 0x6D, 0x5F, 0x70, 0x66, 0x43, 0x6F, 0x6C, 0x6C,
    0x69, 0x73, 0x69, 0x6F, 0x6E, 0x18, 0x01, 0x00, 0x00, 0x94, 0x08, 0x00, 0x91, 0x00, 0x00, 0x00,
    0x00, 0x00, 0x11, 0x6D, 0x5F, 0x70, 0x66, 0x48, 0x69, 0x74, 0x42, 0x79, 0x50, 0x61, 0x72, 0x74,
    0x69, 0x63, 0x6C, 0x65, 0x1C, 0x01, 0x00, 0x00, 0x94, 0x08, 0x00, 0x91, 0x00, 0x00, 0x00, 0x00,
    0x00, 0x1E, 0x6D, 0x5F, 0x70, 0x66, 0x43, 0x61, 0x6C, 0x63, 0x75, 0x6C, 0x61, 0x74, 0x65, 0x4F,
    0x72, 0x69, 0x65, 0x6E, 0x74, 0x61, 0x74, 0x69, 0x6F, 0x6E, 0x4D, 0x61, 0x74, 0x72, 0x69, 0x78,
    0x20, 0x01, 0x00, 0x00, 0x94, 0x08, 0x00, 0x91, 0x00, 0x00, 0x00, 0x00, 0x00, 0x12, 0x6D, 0x5F,
    0x70, 0x66, 0x53, 0x70, 0x65, 0x63, 0x69, 0x61, 0x6C, 0x45, 0x66, 0x66, 0x65, 0x63, 0x74, 0x73,
    0x24, 0x01, 0x00, 0x00, 0x96, 0x08, 0x00, 0x08, 0x00, 0x04, 0x00, 0x00, 0x00, 0x00, 0x00, 0x0A,
    0x43, 0x4D, 0x69, 0x73, 0x63, 0x56, 0x61, 0x72, 0x5F, 0x74, 0x04, 0x6D, 0x5F, 0x4D, 0x30, 0x28,
    0x01, 0x00, 0x00, 0x96, 0x08, 0x00, 0x08, 0x00, 0x04, 0x00, 0x00, 0x00, 0x00, 0x00, 0x0A, 0x43,
    0x4D, 0x69, 0x73, 0x63, 0x56, 0x61, 0x72, 0x5F, 0x74, 0x04, 0x6D, 0x5F, 0x4D, 0x31, 0x2C, 0x01,
    0x00, 0x00, 0x96, 0x08, 0x00, 0x08, 0x00, 0x04, 0x00, 0x00, 0x00, 0x00, 0x00, 0x0A, 0x43, 0x4D,
    0x69, 0x73, 0x63, 0x56, 0x61, 0x72, 0x5F, 0x74, 0x04, 0x6D, 0x5F, 0x4D, 0x32, 0x30, 0x01, 0x00,
    0x00, 0x96, 0x08, 0x00, 0x08, 0x00, 0x04, 0x00, 0x00, 0x00, 0x00, 0x00, 0x0A, 0x43, 0x4D, 0x69,
    0x73, 0x63, 0x56, 0x61, 0x72, 0x5F, 0x74, 0x04, 0x6D, 0x5F, 0x4D, 0x33, 0x34, 0x01, 0x00, 0x00,
    0x96, 0x08, 0x00, 0x08, 0x00, 0x04, 0x00, 0x00, 0x00, 0x00, 0x00, 0x0A, 0x43, 0x4D, 0x69, 0x73,
    0x63, 0x56, 0x61, 0x72, 0x5F, 0x74, 0x04, 0x6D, 0x5F, 0x4D, 0x34, 0x38, 0x01, 0x00, 0x00, 0x96,
    0x08, 0x00, 0x08, 0x00, 0x04, 0x00, 0x00, 0x00, 0x00, 0x00, 0x0A, 0x43, 0x4D, 0x69, 0x73, 0x63,
    0x56, 0x61, 0x72, 0x5F, 0x74, 0x04, 0x6D, 0x5F, 0x4D, 0x35, 0x3C, 0x01, 0x00, 0x00, 0x96, 0x08,
    0x00, 0x08, 0x00, 0x04, 0x00, 0x00, 0x00, 0x00, 0x00, 0x0A, 0x43, 0x4D, 0x69, 0x73, 0x63, 0x56,
    0x61, 0x72, 0x5F, 0x74, 0x04, 0x6D, 0x5F, 0x4D, 0x36, 0x40, 0x01, 0x00, 0x00, 0x96, 0x08, 0x00,
    0x08, 0x00, 0x04, 0x00, 0x00, 0x00, 0x00, 0x00, 0x0A, 0x43, 0x4D, 0x69, 0x73, 0x63, 0x56, 0x61,
    0x72, 0x5F, 0x74, 0x04, 0x6D, 0x5F, 0x4D, 0x37, 0x44, 0x01, 0x00, 0x00, 0x96, 0x08, 0x00, 0x08,
    0x00, 0x04, 0x00, 0x00, 0x00, 0x00, 0x00, 0x0A, 0x43, 0x4D, 0x69, 0x73, 0x63, 0x56, 0x61, 0x72,
    0x5F, 0x74, 0x04, 0x6D, 0x5F, 0x4D, 0x38, 0x48, 0x01, 0x00, 0x00, 0x96, 0x08, 0x00, 0x08, 0x00,
    0x04, 0x00, 0x00, 0x00, 0x00, 0x00, 0x0A, 0x43, 0x4D, 0x69, 0x73, 0x63, 0x56, 0x61, 0x72, 0x5F,
    0x74, 0x04, 0x6D, 0x5F, 0x4D, 0x39, 0x4C, 0x01, 0x00, 0x00, 0x96, 0x08, 0x00, 0x08, 0x00, 0x04,
    0x00, 0x00, 0x00, 0x00, 0x00, 0x0A, 0x43, 0x4D, 0x69, 0x73, 0x63, 0x56, 0x61, 0x72, 0x5F, 0x74,
    0x05, 0x6D, 0x5F, 0x4D, 0x31, 0x30, 0x50, 0x01, 0x00, 0x00, 0x96, 0x08, 0x00, 0x08, 0x00, 0x04,
    0x00, 0x00, 0x00, 0x00, 0x00, 0x0A, 0x43, 0x4D, 0x69, 0x73, 0x63, 0x56, 0x61, 0x72, 0x5F, 0x74,
    0x05, 0x6D, 0x5F, 0x4D, 0x31, 0x31, 0x54, 0x01, 0x00, 0x00, 0x96, 0x08, 0x00, 0x08, 0x00, 0x04,
    0x00, 0x00, 0x00, 0x00, 0x00, 0x0A, 0x43, 0x4D, 0x69, 0x73, 0x63, 0x56, 0x61, 0x72, 0x5F, 0x74,
    0x05, 0x6D, 0x5F, 0x4D, 0x31, 0x32, 0x58, 0x01, 0x00, 0x00, 0x96, 0x08, 0x00, 0x08, 0x00, 0x04,
    0x00, 0x00, 0x00, 0x00, 0x00, 0x0A, 0x43, 0x4D, 0x69, 0x73, 0x63, 0x56, 0x61, 0x72, 0x5F, 0x74,
    0x05, 0x6D, 0x5F, 0x4D, 0x31, 0x33, 0x5C, 0x01, 0x00, 0x00, 0x96, 0x08, 0x00, 0x08, 0x00, 0x04,
    0x00, 0x00, 0x00, 0x00, 0x00, 0x0A, 0x43, 0x4D, 0x69, 0x73, 0x63, 0x56, 0x61, 0x72, 0x5F, 0x74,
    0x05, 0x6D, 0x5F, 0x4D, 0x31, 0x34, 0x60, 0x01, 0x00, 0x00, 0x96, 0x08, 0x00, 0x08, 0x00, 0x04,
    0x00, 0x00, 0x00, 0x00, 0x00, 0x0A, 0x43, 0x4D, 0x69, 0x73, 0x63, 0x56, 0x61, 0x72, 0x5F, 0x74,
    0x05, 0x6D, 0x5F, 0x4D, 0x31, 0x35, 0x64, 0x01, 0x00, 0x00, 0x96, 0x08, 0x00, 0x08, 0x00, 0x04,
    0x00, 0x00, 0x00, 0x00, 0x00, 0x0A, 0x43, 0x4D, 0x69, 0x73, 0x63, 0x56, 0x61, 0x72, 0x5F, 0x74,
    0x05, 0x6D, 0x5F, 0x4D, 0x31, 0x36, 0x68, 0x01, 0x00, 0x00, 0x96, 0x08, 0x00, 0x08, 0x00, 0x04,
    0x00, 0x00, 0x00, 0x00, 0x00, 0x0A, 0x43, 0x4D, 0x69, 0x73, 0x63, 0x56, 0x61, 0x72, 0x5F, 0x74,
    0x05, 0x6D, 0x5F, 0x4D, 0x31, 0x37, 0x6C, 0x01, 0x00, 0x00, 0x96, 0x08, 0x00, 0x08, 0x00, 0x04,
    0x00, 0x00, 0x00, 0x00, 0x00, 0x0A, 0x43, 0x4D, 0x69, 0x73, 0x63, 0x56, 0x61, 0x72, 0x5F, 0x74,
    0x05, 0x6D, 0x5F, 0x4D, 0x31, 0x38, 0x70, 0x01, 0x00, 0x00, 0x96, 0x66, 0x00, 0x00, 0x00, 0x70,
    0x01, 0x00, 0x00, 0x00, 0x00, 0x05, 0x43, 0x41, 0x49, 0x5F, 0x74, 0x04, 0x2E, 0x65, 0x6F, 0x73,
    0x00, 0x00, 0x00, 0x00, 0x96, 0x0D, 0x00, 0x08, 0x00, 0x70, 0x01, 0x00, 0x00, 0x00, 0x00, 0x05,
    0x43, 0x41, 0x49, 0x5F, 0x74, 0x03, 0x43, 0x41, 0x49, 0x00, 0x00, 0x00, 0x00, 0x94, 0x0A, 0x00,
    0x08, 0x00, 0x20, 0x00, 0x00, 0x00, 0x0F, 0x43, 0x41, 0x6E, 0x69, 0x6D, 0x43, 0x6F, 0x6D, 0x70,
    0x49, 0x6E, 0x66, 0x6F, 0x5F, 0x74, 0x00, 0x00, 0x00, 0x00, 0x94, 0x08, 0x00, 0x04, 0x00, 0x00,
    0x00, 0x00, 0x00, 0x0A, 0x53, 0x6D, 0x6F, 0x6F, 0x74, 0x68, 0x53, 0x69, 0x7A, 0x65, 0x04, 0x00,
    0x00, 0x00, 0x94, 0x08, 0x00, 0x04, 0x00, 0x00, 0x00, 0x00, 0x00, 0x07, 0x6E, 0x46, 0x72, 0x61,
    0x6D, 0x65, 0x73, 0x08, 0x00, 0x00, 0x00, 0x94, 0x08, 0x00, 0x04, 0x00, 0x00, 0x00, 0x00, 0x00,
    0x0A, 0x44, 0x65, 0x63, 0x6F, 0x6D, 0x70, 0x4D, 0x6F, 0x64, 0x65, 0x0C, 0x00, 0x00, 0x00, 0x94,
    0x08, 0x00, 0x06, 0x00, 0x00, 0x00, 0x00, 0x00, 0x09, 0x54, 0x6F, 0x6C, 0x65, 0x72, 0x61, 0x6E,
    0x63, 0x65, 0x10, 0x00, 0x00, 0x00, 0x94, 0x08, 0x00, 0x04, 0x00, 0x00, 0x00, 0x00, 0x00, 0x04,
    0x6E, 0x52, 0x6F, 0x74, 0x14, 0x00, 0x00, 0x00, 0x94, 0x08, 0x00, 0x04, 0x00, 0x00, 0x00, 0x00,
    0x00, 0x06, 0x6E, 0x54, 0x72, 0x61, 0x6E, 0x73, 0x18, 0x00, 0x00, 0x00, 0x94, 0x08, 0x00, 0x06,
    0x00, 0x00, 0x00, 0x00, 0x00, 0x0A, 0x6E, 0x4E, 0x65, 0x77, 0x46, 0x72, 0x61, 0x6D, 0x65, 0x73,
    0x1C, 0x00, 0x00, 0x00, 0x94, 0x08, 0x00, 0x06, 0x00, 0x00, 0x00, 0x00, 0x00, 0x0A, 0x46, 0x72,
    0x61, 0x6D, 0x65, 0x53, 0x63, 0x61, 0x6C, 0x65, 0x20, 0x00, 0x00, 0x00, 0x96, 0x66, 0x00, 0x00,
    0x00, 0x20, 0x00, 0x00, 0x00, 0x00, 0x00, 0x0F, 0x43, 0x41, 0x6E, 0x69, 0x6D, 0x43, 0x6F, 0x6D,
    0x70, 0x49, 0x6E, 0x66, 0x6F, 0x5F, 0x74, 0x04, 0x2E, 0x65, 0x6F, 0x73, 0x00, 0x00, 0x00, 0x00,
    0x96, 0x0D, 0x00, 0x08, 0x00, 0x20, 0x00, 0x00, 0x00, 0x00, 0x00, 0x0F, 0x43, 0x41, 0x6E, 0x69,
    0x6D, 0x43, 0x6F, 0x6D, 0x70, 0x49, 0x6E, 0x66, 0x6F, 0x5F, 0x74, 0x0D, 0x43, 0x41, 0x6E, 0x69,
    0x6D, 0x43, 0x6F, 0x6D, 0x70, 0x49, 0x6E, 0x66, 0x6F, 0x00, 0x00, 0x00, 0x00, 0x94, 0x0A, 0x00,
    0x08, 0x00, 0x14, 0x00, 0x00, 0x00, 0x18, 0x43, 0x52, 0x4F, 0x4D, 0x49, 0x6E, 0x69, 0x74, 0x69,
    0x61, 0x6C, 0x4F, 0x72, 0x69, 0x65, 0x6E, 0x74, 0x61, 0x74, 0x69, 0x6F, 0x6E, 0x5F, 0x74, 0x00,
    0x00, 0x00, 0x00, 0x96, 0x08, 0x00, 0x08, 0x00, 0x0C, 0x00, 0x00, 0x00, 0x00, 0x00, 0x0A, 0x43,
    0x56, 0x65, 0x63, 0x74, 0x6F, 0x72, 0x33, 0x5F, 0x74, 0x06, 0x6D, 0x5F, 0x76, 0x50, 0x6F, 0x73,
    0x0C, 0x00, 0x00, 0x00, 0x94, 0x08, 0x00, 0x03, 0x00, 0x00, 0x00, 0x00, 0x00, 0x06, 0x6D, 0x5F,
    0x52, 0x6F, 0x74, 0x58, 0x0E, 0x00, 0x00, 0x00, 0x94, 0x08, 0x00, 0x03, 0x00, 0x00, 0x00, 0x00,
    0x00, 0x06, 0x6D, 0x5F, 0x52, 0x6F, 0x74, 0x59, 0x10, 0x00, 0x00, 0x00, 0x94, 0x08, 0x00, 0x03,
    0x00, 0x00, 0x00, 0x00, 0x00, 0x06, 0x6D, 0x5F, 0x52, 0x6F, 0x74, 0x5A, 0x12, 0x00, 0x00, 0x00,
    0x94, 0x08, 0x00, 0x03, 0x00, 0x00, 0x00, 0x00, 0x00, 0x06, 0x6D, 0x5F, 0x52, 0x6F, 0x74, 0x54,
    0x14, 0x00, 0x00, 0x00, 0x96, 0x66, 0x00, 0x00, 0x00, 0x14, 0x00, 0x00, 0x00, 0x00, 0x00, 0x18,
    0x43, 0x52, 0x4F, 0x4D, 0x49, 0x6E, 0x69, 0x74, 0x69, 0x61, 0x6C, 0x4F, 0x72, 0x69, 0x65, 0x6E,
    0x74, 0x61, 0x74, 0x69, 0x6F, 0x6E, 0x5F, 0x74, 0x04, 0x2E, 0x65, 0x6F, 0x73, 0x00, 0x00, 0x00,
    0x00, 0x96, 0x0D, 0x00, 0x08, 0x00, 0x14, 0x00, 0x00, 0x00, 0x00, 0x00, 0x18, 0x43, 0x52, 0x4F,
    0x4D, 0x49, 0x6E, 0x69, 0x74, 0x69, 0x61, 0x6C, 0x4F, 0x72, 0x69, 0x65, 0x6E, 0x74, 0x61, 0x74,
    0x69, 0x6F, 0x6E, 0x5F, 0x74, 0x16, 0x43, 0x52, 0x4F, 0x4D, 0x49, 0x6E, 0x69, 0x74, 0x69, 0x61,
    0x6C, 0x4F, 0x72, 0x69, 0x65, 0x6E, 0x74, 0x61, 0x74, 0x69, 0x6F, 0x6E, 0x00, 0x00, 0x00, 0x00,
    0x94, 0x0A, 0x00, 0x08, 0x00, 0x04, 0x00, 0x00, 0x00, 0x0F, 0x43, 0x52, 0x4F, 0x4D, 0x4E, 0x6F,
    0x64, 0x65, 0x49, 0x6E, 0x64, 0x65, 0x78, 0x5F, 0x74, 0x00, 0x00, 0x00, 0x00, 0x94, 0x08, 0x00,
    0x03, 0x00, 0x00, 0x00, 0x00, 0x00, 0x11, 0x6D, 0x5F, 0x6E, 0x54, 0x72, 0x61, 0x6E, 0x73, 0x6C,
    0x61, 0x74, 0x69, 0x6F, 0x6E, 0x53, 0x65, 0x74, 0x02, 0x00, 0x00, 0x00, 0x94, 0x08, 0x00, 0x03,
    0x00, 0x00, 0x00, 0x00, 0x00, 0x0E, 0x6D, 0x5F, 0x6E, 0x52, 0x6F, 0x74, 0x61, 0x74, 0x69, 0x6F,
    0x6E, 0x53, 0x65, 0x74, 0x04, 0x00, 0x00, 0x00, 0x96, 0x66, 0x00, 0x00, 0x00, 0x04, 0x00, 0x00,
    0x00, 0x00, 0x00, 0x0F, 0x43, 0x52, 0x4F, 0x4D, 0x4E, 0x6F, 0x64, 0x65, 0x49, 0x6E, 0x64, 0x65,
    0x78, 0x5F, 0x74, 0x04, 0x2E, 0x65, 0x6F, 0x73, 0x00, 0x00, 0x00, 0x00, 0x96, 0x0D, 0x00, 0x08,
    0x00, 0x04, 0x00, 0x00, 0x00, 0x00, 0x00, 0x0F, 0x43, 0x52, 0x4F, 0x4D, 0x4E, 0x6F, 0x64, 0x65,
    0x49, 0x6E, 0x64, 0x65, 0x78, 0x5F, 0x74, 0x0D, 0x43, 0x52, 0x4F, 0x4D, 0x4E, 0x6F, 0x64, 0x65,
    0x49, 0x6E, 0x64, 0x65, 0x78, 0x00, 0x00, 0x00, 0x00, 0x94, 0x0A, 0x00, 0x08, 0x00, 0x18, 0x00,
    0x00, 0x00, 0x14, 0x43, 0x54, 0x72, 0x61, 0x6E, 0x73, 0x6C, 0x61, 0x74, 0x69, 0x6F, 0x6E, 0x4F,
    0x66, 0x66, 0x73, 0x65, 0x74, 0x5F, 0x74, 0x00, 0x00, 0x00, 0x00, 0x96, 0x08, 0x00, 0x08, 0x00,
    0x0C, 0x00, 0x00, 0x00, 0x00, 0x00, 0x0A, 0x43, 0x56, 0x65, 0x63, 0x74, 0x6F, 0x72, 0x33, 0x5F,
    0x74, 0x09, 0x6D, 0x5F, 0x76, 0x4F, 0x66, 0x66, 0x73, 0x65, 0x74, 0x0C, 0x00, 0x00, 0x00, 0x96,
    0x08, 0x00, 0x08, 0x00, 0x0C, 0x00, 0x00, 0x00, 0x00, 0x00, 0x0A, 0x43, 0x56, 0x65, 0x63, 0x74,
    0x6F, 0x72, 0x33, 0x5F, 0x74, 0x08, 0x6D, 0x5F, 0x76, 0x53, 0x63, 0x61, 0x6C, 0x65, 0x18, 0x00,
    0x00, 0x00, 0x96, 0x66, 0x00, 0x00, 0x00, 0x18, 0x00, 0x00, 0x00, 0x00, 0x00, 0x14, 0x43, 0x54,
    0x72, 0x61, 0x6E, 0x73, 0x6C, 0x61, 0x74, 0x69, 0x6F, 0x6E, 0x4F, 0x66, 0x66, 0x73, 0x65, 0x74,
    0x5F, 0x74, 0x04, 0x2E, 0x65, 0x6F, 0x73, 0x00, 0x00, 0x00, 0x00, 0x96, 0x0D, 0x00, 0x08, 0x00,
    0x18, 0x00, 0x00, 0x00, 0x00, 0x00, 0x14, 0x43, 0x54, 0x72, 0x61, 0x6E, 0x73, 0x6C, 0x61, 0x74,
    0x69, 0x6F, 0x6E, 0x4F, 0x66, 0x66, 0x73, 0x65, 0x74, 0x5F, 0x74, 0x12, 0x43, 0x54, 0x72, 0x61,
    0x6E, 0x73, 0x6C, 0x61, 0x74, 0x69, 0x6F, 0x6E, 0x4F, 0x66, 0x66, 0x73, 0x65, 0x74, 0x00, 0x00,
    0x00, 0x00, 0x94, 0x0A, 0x00, 0x08, 0x00, 0x0C, 0x00, 0x00, 0x00, 0x10, 0x43, 0x52, 0x4F, 0x4D,
    0x54, 0x72, 0x61, 0x6E, 0x73, 0x69, 0x74, 0x69, 0x6F, 0x6E, 0x5F, 0x74, 0x00, 0x00, 0x00, 0x00,
    0x94, 0x08, 0x00, 0x0D, 0x00, 0x00, 0x00, 0x00, 0x00, 0x11, 0x6D, 0x5F, 0x42, 0x6C, 0x65, 0x6E,
    0x64, 0x46, 0x72, 0x6F, 0x6D, 0x4C, 0x65, 0x6E, 0x67, 0x74, 0x68, 0x02, 0x00, 0x00, 0x00, 0x94,
    0x08, 0x00, 0x0D, 0x00, 0x00, 0x00, 0x00, 0x00, 0x0E, 0x6D, 0x5F, 0x6E, 0x45, 0x78, 0x69, 0x74,
    0x54, 0x6F, 0x46, 0x72, 0x61, 0x6D, 0x65, 0x04, 0x00, 0x00, 0x00, 0x94, 0x08, 0x00, 0x0D, 0x00,
    0x00, 0x00, 0x00, 0x00, 0x0C, 0x6D, 0x5F, 0x42, 0x6C, 0x65, 0x6E, 0x64, 0x53, 0x74, 0x61, 0x72,
    0x74, 0x06, 0x00, 0x00, 0x00, 0x94, 0x08, 0x00, 0x0D, 0x00, 0x00, 0x00, 0x00, 0x00, 0x0D, 0x6D,
    0x5F, 0x42, 0x6C, 0x65, 0x6E, 0x64, 0x46, 0x69, 0x6E, 0x69, 0x73, 0x68, 0x08, 0x00, 0x00, 0x00,
    0x94, 0x08, 0x00, 0x06, 0x00, 0x00, 0x00, 0x00, 0x00, 0x05, 0x6D, 0x5F, 0x46, 0x50, 0x53, 0x0C,
    0x00, 0x00, 0x00, 0x96, 0x66, 0x00, 0x00, 0x00, 0x0C, 0x00, 0x00, 0x00, 0x00, 0x00, 0x10, 0x43,
    0x52, 0x4F, 0x4D, 0x54, 0x72, 0x61, 0x6E, 0x73, 0x69, 0x74, 0x69, 0x6F, 0x6E, 0x5F, 0x74, 0x04,
    0x2E, 0x65, 0x6F, 0x73, 0x00, 0x00, 0x00, 0x00, 0x96, 0x0D, 0x00, 0x08, 0x00, 0x0C, 0x00, 0x00,
    0x00, 0x00, 0x00, 0x10, 0x43, 0x52, 0x4F, 0x4D, 0x54, 0x72, 0x61, 0x6E, 0x73, 0x69, 0x74, 0x69,
    0x6F, 0x6E, 0x5F, 0x74, 0x0E, 0x43, 0x52, 0x4F, 0x4D, 0x54, 0x72, 0x61, 0x6E, 0x73, 0x69, 0x74,
    0x69, 0x6F, 0x6E, 0x00, 0x00, 0x00, 0x00, 0x94, 0x0A, 0x00, 0x08, 0x00, 0x0C, 0x00, 0x00, 0x00,
    0x15, 0x43, 0x52, 0x4F, 0x4D, 0x54, 0x72, 0x61, 0x6E, 0x73, 0x69, 0x74, 0x69, 0x6F, 0x6E, 0x45,
    0x6E, 0x74, 0x72, 0x79, 0x5F, 0x74, 0x00, 0x00, 0x00, 0x00, 0x94, 0x08, 0x00, 0x0F, 0x00, 0x00,
    0x00, 0x00, 0x00, 0x10, 0x6D, 0x5F, 0x6E, 0x52, 0x65, 0x71, 0x75, 0x65, 0x73, 0x74, 0x65, 0x64,
    0x41, 0x6E, 0x69, 0x6D, 0x04, 0x00, 0x00, 0x00, 0x94, 0x08, 0x00, 0x0F, 0x00, 0x00, 0x00, 0x00,
    0x00, 0x0F, 0x6D, 0x5F, 0x6E, 0x57, 0x61, 0x69, 0x74, 0x46, 0x6F, 0x72, 0x46, 0x72, 0x61, 0x6D,
    0x65, 0x08, 0x00, 0x00, 0x00, 0x94, 0x08, 0x00, 0x0F, 0x00, 0x00, 0x00, 0x00, 0x00, 0x10, 0x6D,
    0x5F, 0x6E, 0x44, 0x65, 0x6C, 0x69, 0x76, 0x65, 0x72, 0x65, 0x64, 0x41, 0x6E, 0x69, 0x6D, 0x0C,
    0x00, 0x00, 0x00, 0x96, 0x66, 0x00, 0x00, 0x00, 0x0C, 0x00, 0x00, 0x00, 0x00, 0x00, 0x15, 0x43,
    0x52, 0x4F, 0x4D, 0x54, 0x72, 0x61, 0x6E, 0x73, 0x69, 0x74, 0x69, 0x6F, 0x6E, 0x45, 0x6E, 0x74,
    0x72, 0x79, 0x5F, 0x74, 0x04, 0x2E, 0x65, 0x6F, 0x73, 0x00, 0x00, 0x00, 0x00, 0x96, 0x0D, 0x00,
    0x08, 0x00, 0x0C, 0x00, 0x00, 0x00, 0x00, 0x00, 0x15, 0x43, 0x52, 0x4F, 0x4D, 0x54, 0x72, 0x61,
    0x6E, 0x73, 0x69, 0x74, 0x69, 0x6F, 0x6E, 0x45, 0x6E, 0x74, 0x72, 0x79, 0x5F, 0x74, 0x13, 0x43,
    0x52, 0x4F, 0x4D, 0x54, 0x72, 0x61, 0x6E, 0x73, 0x69, 0x74, 0x69, 0x6F, 0x6E, 0x45, 0x6E, 0x74,
    0x72, 0x79, 0x00, 0x00, 0x00, 0x00, 0x94, 0x0F, 0x00, 0x0A, 0x00, 0x04, 0x00, 0x00, 0x00, 0x11,
    0x45, 0x76, 0x65, 0x6E, 0x74, 0x56, 0x61, 0x6C, 0x75, 0x65, 0x46, 0x6F, 0x72, 0x6D, 0x61, 0x74,
    0x73, 0x00, 0x00, 0x00, 0x00, 0x94, 0x10, 0x00, 0x0B, 0x00, 0x00, 0x00, 0x00, 0x00, 0x0E, 0x45,
    0x56, 0x45, 0x4E, 0x54, 0x5F, 0x46, 0x4F, 0x52, 0x4D, 0x41, 0x54, 0x31, 0x41, 0x01, 0x00, 0x00,
    0x00, 0x94, 0x10, 0x00, 0x0B, 0x00, 0x00, 0x00, 0x00, 0x00, 0x0E, 0x45, 0x56, 0x45, 0x4E, 0x54,
    0x5F, 0x46, 0x4F, 0x52, 0x4D, 0x41, 0x54, 0x32, 0x41, 0x02, 0x00, 0x00, 0x00, 0x94, 0x10, 0x00,
    0x0B, 0x00, 0x00, 0x00, 0x00, 0x00, 0x0E, 0x45, 0x56, 0x45, 0x4E, 0x54, 0x5F, 0x46, 0x4F, 0x52,
    0x4D, 0x41, 0x54, 0x32, 0x42, 0x03, 0x00, 0x00, 0x00, 0x94, 0x10, 0x00, 0x0B, 0x00, 0x00, 0x00,
    0x00, 0x00, 0x0E, 0x45, 0x56, 0x45, 0x4E, 0x54, 0x5F, 0x46, 0x4F, 0x52, 0x4D, 0x41, 0x54, 0x33,
    0x41, 0x04, 0x00, 0x00, 0x00, 0x94, 0x10, 0x00, 0x0B, 0x00, 0x00, 0x00, 0x00, 0x00, 0x0E, 0x45,
    0x56, 0x45, 0x4E, 0x54, 0x5F, 0x46, 0x4F, 0x52, 0x4D, 0x41, 0x54, 0x34, 0x41, 0x05, 0x00, 0x00,
    0x00, 0x94, 0x10, 0x00, 0x0B, 0x00, 0x00, 0x00, 0x00, 0x00, 0x0E, 0x45, 0x56, 0x45, 0x4E, 0x54,
    0x5F, 0x46, 0x4F, 0x52, 0x4D, 0x41, 0x54, 0x36, 0x41, 0x06, 0x00, 0x00, 0x00, 0x94, 0x10, 0x00,
    0x0B, 0x00, 0x00, 0x00, 0x00, 0x00, 0x0E, 0x45, 0x56, 0x45, 0x4E, 0x54, 0x5F, 0x46, 0x4F, 0x52,
    0x4D, 0x41, 0x54, 0x37, 0x41, 0x07, 0x00, 0x00, 0x00, 0x94, 0x10, 0x00, 0x0B, 0x00, 0x00, 0x00,
    0x00, 0x00, 0x0D, 0x45, 0x56, 0x45, 0x4E, 0x54, 0x5F, 0x46, 0x4F, 0x52, 0x4D, 0x41, 0x54, 0x53,
    0x04, 0x00, 0x00, 0x00, 0x96, 0x66, 0x00, 0x00, 0x00, 0x04, 0x00, 0x00, 0x00, 0x00, 0x00, 0x11,
    0x45, 0x76, 0x65, 0x6E, 0x74, 0x56, 0x61, 0x6C, 0x75, 0x65, 0x46, 0x6F, 0x72, 0x6D, 0x61, 0x74,
    0x73, 0x04, 0x2E, 0x65, 0x6F, 0x73, 0x00, 0x00, 0x00, 0x00, 0x94, 0x0A, 0x00, 0x08, 0x00, 0x04,
    0x00, 0x00, 0x00, 0x15, 0x73, 0x5F, 0x43, 0x45, 0x76, 0x65, 0x6E, 0x74, 0x56, 0x61, 0x6C, 0x75,
    0x65, 0x46, 0x6F, 0x72, 0x6D, 0x61, 0x74, 0x31, 0x61, 0x00, 0x00, 0x00, 0x00, 0x94, 0x08, 0x00,
    0x05, 0x00, 0x00, 0x00, 0x00, 0x00, 0x0C, 0x6D, 0x5F, 0x73, 0x33, 0x32, 0x5F, 0x56, 0x61, 0x6C,
    0x75, 0x65, 0x31, 0x04, 0x00, 0x00, 0x00, 0x96, 0x66, 0x00, 0x00, 0x00, 0x04, 0x00, 0x00, 0x00,
    0x00, 0x00, 0x15, 0x73, 0x5F, 0x43, 0x45, 0x76, 0x65, 0x6E, 0x74, 0x56, 0x61, 0x6C, 0x75, 0x65,
    0x46, 0x6F, 0x72, 0x6D, 0x61, 0x74, 0x31, 0x61, 0x04, 0x2E, 0x65, 0x6F, 0x73, 0x00, 0x00, 0x00,
    0x00, 0x96, 0x0D, 0x00, 0x08, 0x00, 0x04, 0x00, 0x00, 0x00, 0x00, 0x00, 0x15, 0x73, 0x5F, 0x43,
    0x45, 0x76, 0x65, 0x6E, 0x74, 0x56, 0x61, 0x6C, 0x75, 0x65, 0x46, 0x6F, 0x72, 0x6D, 0x61, 0x74,
    0x31, 0x61, 0x13, 0x43, 0x45, 0x76, 0x65, 0x6E, 0x74, 0x56, 0x61, 0x6C, 0x75, 0x65, 0x46, 0x6F,
    0x72, 0x6D, 0x61, 0x74, 0x31, 0x61, 0x00, 0x00, 0x00, 0x00, 0x94, 0x0A, 0x00, 0x08, 0x00, 0x08,
    0x00, 0x00, 0x00, 0x15, 0x73, 0x5F, 0x43, 0x45, 0x76, 0x65, 0x6E, 0x74, 0x56, 0x61, 0x6C, 0x75,
    0x65, 0x46, 0x6F, 0x72, 0x6D, 0x61, 0x74, 0x32, 0x61, 0x00, 0x00, 0x00, 0x00, 0x94, 0x08, 0x00,
    0x05, 0x00, 0x00, 0x00, 0x00, 0x00, 0x0C, 0x6D, 0x5F, 0x73, 0x33, 0x32, 0x5F, 0x56, 0x61, 0x6C,
    0x75, 0x65, 0x31, 0x04, 0x00, 0x00, 0x00, 0x94, 0x08, 0x00, 0x05, 0x00, 0x00, 0x00, 0x00, 0x00,
    0x0C, 0x6D, 0x5F, 0x73, 0x33, 0x32, 0x5F, 0x56, 0x61, 0x6C, 0x75, 0x65, 0x32, 0x08, 0x00, 0x00,
    0x00, 0x96, 0x66, 0x00, 0x00, 0x00, 0x08, 0x00, 0x00, 0x00, 0x00, 0x00, 0x15, 0x73, 0x5F, 0x43,
    0x45, 0x76, 0x65, 0x6E, 0x74, 0x56, 0x61, 0x6C, 0x75, 0x65, 0x46, 0x6F, 0x72, 0x6D, 0x61, 0x74,
    0x32, 0x61, 0x04, 0x2E, 0x65, 0x6F, 0x73, 0x00, 0x00, 0x00, 0x00, 0x96, 0x0D, 0x00, 0x08, 0x00,
    0x08, 0x00, 0x00, 0x00, 0x00, 0x00, 0x15, 0x73, 0x5F, 0x43, 0x45, 0x76, 0x65, 0x6E, 0x74, 0x56,
    0x61, 0x6C, 0x75, 0x65, 0x46, 0x6F, 0x72, 0x6D, 0x61, 0x74, 0x32, 0x61, 0x13, 0x43, 0x45, 0x76,
    0x65, 0x6E, 0x74, 0x56, 0x61, 0x6C, 0x75, 0x65, 0x46, 0x6F, 0x72, 0x6D, 0x61, 0x74, 0x32, 0x61,
    0x00, 0x00, 0x00, 0x00, 0x94, 0x0A, 0x00, 0x08, 0x00, 0x08, 0x00, 0x00, 0x00, 0x15, 0x73, 0x5F,
    0x43, 0x45, 0x76, 0x65, 0x6E, 0x74, 0x56, 0x61, 0x6C, 0x75, 0x65, 0x46, 0x6F, 0x72, 0x6D, 0x61,
    0x74, 0x32, 0x62, 0x00, 0x00, 0x00, 0x00, 0x94, 0x08, 0x00, 0x05, 0x00, 0x00, 0x00, 0x00, 0x00,
    0x0C, 0x6D, 0x5F, 0x73, 0x33, 0x32, 0x5F, 0x56, 0x61, 0x6C, 0x75, 0x65, 0x31, 0x04, 0x00, 0x00,
    0x00, 0x94, 0x08, 0x00, 0x06, 0x00, 0x00, 0x00, 0x00, 0x00, 0x0C, 0x6D, 0x5F, 0x66, 0x33, 0x32,
    0x5F, 0x56, 0x61, 0x6C, 0x75, 0x65, 0x32, 0x08, 0x00, 0x00, 0x00, 0x96, 0x66, 0x00, 0x00, 0x00,
    0x08, 0x00, 0x00, 0x00, 0x00, 0x00, 0x15, 0x73, 0x5F, 0x43, 0x45, 0x76, 0x65, 0x6E, 0x74, 0x56,
    0x61, 0x6C, 0x75, 0x65, 0x46, 0x6F, 0x72, 0x6D, 0x61, 0x74, 0x32, 0x62, 0x04, 0x2E, 0x65, 0x6F,
    0x73, 0x00, 0x00, 0x00, 0x00, 0x96, 0x0D, 0x00, 0x08, 0x00, 0x08, 0x00, 0x00, 0x00, 0x00, 0x00,
    0x15, 0x73, 0x5F, 0x43, 0x45, 0x76, 0x65, 0x6E, 0x74, 0x56, 0x61, 0x6C, 0x75, 0x65, 0x46, 0x6F,
    0x72, 0x6D, 0x61, 0x74, 0x32, 0x62, 0x13, 0x43, 0x45, 0x76, 0x65, 0x6E, 0x74, 0x56, 0x61, 0x6C,
    0x75, 0x65, 0x46, 0x6F, 0x72, 0x6D, 0x61, 0x74, 0x32, 0x62, 0x00, 0x00, 0x00, 0x00, 0x94, 0x0A,
    0x00, 0x08, 0x00, 0x08, 0x00, 0x00, 0x00, 0x15, 0x73, 0x5F, 0x43, 0x45, 0x76, 0x65, 0x6E, 0x74,
    0x56, 0x61, 0x6C, 0x75, 0x65, 0x46, 0x6F, 0x72, 0x6D, 0x61, 0x74, 0x33, 0x61, 0x00, 0x00, 0x00,
    0x00, 0x94, 0x08, 0x00, 0x05, 0x00, 0x00, 0x00, 0x00, 0x00, 0x0C, 0x6D, 0x5F, 0x73, 0x33, 0x32,
    0x5F, 0x56, 0x61, 0x6C, 0x75, 0x65, 0x31, 0x04, 0x00, 0x00, 0x00, 0x94, 0x08, 0x00, 0x03, 0x00,
    0x00, 0x00, 0x00, 0x00, 0x0C, 0x6D, 0x5F, 0x73, 0x31, 0x36, 0x5F, 0x56, 0x61, 0x6C, 0x75, 0x65,
    0x32, 0x06, 0x00, 0x00, 0x00, 0x94, 0x08, 0x00, 0x02, 0x00, 0x00, 0x00, 0x00, 0x00, 0x0B, 0x6D,
    0x5F, 0x73, 0x38, 0x5F, 0x56, 0x61, 0x6C, 0x75, 0x65, 0x33, 0x08, 0x00, 0x00, 0x00, 0x96, 0x66,
    0x00, 0x00, 0x00, 0x08, 0x00, 0x00, 0x00, 0x00, 0x00, 0x15, 0x73, 0x5F, 0x43, 0x45, 0x76, 0x65,
    0x6E, 0x74, 0x56, 0x61, 0x6C, 0x75, 0x65, 0x46, 0x6F, 0x72, 0x6D, 0x61, 0x74, 0x33, 0x61, 0x04,
    0x2E, 0x65, 0x6F, 0x73, 0x00, 0x00, 0x00, 0x00, 0x96, 0x0D, 0x00, 0x08, 0x00, 0x08, 0x00, 0x00,
    0x00, 0x00, 0x00, 0x15, 0x73, 0x5F, 0x43, 0x45, 0x76, 0x65, 0x6E, 0x74, 0x56, 0x61, 0x6C, 0x75,
    0x65, 0x46, 0x6F, 0x72, 0x6D, 0x61, 0x74, 0x33, 0x61, 0x13, 0x43, 0x45, 0x76, 0x65, 0x6E, 0x74,
    0x56, 0x61, 0x6C, 0x75, 0x65, 0x46, 0x6F, 0x72, 0x6D, 0x61, 0x74, 0x33, 0x61, 0x00, 0x00, 0x00,
    0x00, 0x94, 0x0A, 0x00, 0x08, 0x00, 0x08, 0x00, 0x00, 0x00, 0x15, 0x73, 0x5F, 0x43, 0x45, 0x76,
    0x65, 0x6E, 0x74, 0x56, 0x61, 0x6C, 0x75, 0x65, 0x46, 0x6F, 0x72, 0x6D, 0x61, 0x74, 0x34, 0x61,
    0x00, 0x00, 0x00, 0x00, 0x94, 0x08, 0x00, 0x03, 0x00, 0x00, 0x00, 0x00, 0x00, 0x0C, 0x6D, 0x5F,
    0x73, 0x31, 0x36, 0x5F, 0x56, 0x61, 0x6C, 0x75, 0x65, 0x31, 0x02, 0x00, 0x00, 0x00, 0x94, 0x08,
    0x00, 0x03, 0x00, 0x00, 0x00, 0x00, 0x00, 0x0C, 0x6D, 0x5F, 0x73, 0x31, 0x36, 0x5F, 0x56, 0x61,
    0x6C, 0x75, 0x65, 0x32, 0x04, 0x00, 0x00, 0x00, 0x94, 0x08, 0x00, 0x03, 0x00, 0x00, 0x00, 0x00,
    0x00, 0x0C, 0x6D, 0x5F, 0x73, 0x31, 0x36, 0x5F, 0x56, 0x61, 0x6C, 0x75, 0x65, 0x33, 0x06, 0x00,
    0x00, 0x00, 0x94, 0x08, 0x00, 0x03, 0x00, 0x00, 0x00, 0x00, 0x00, 0x0C, 0x6D, 0x5F, 0x73, 0x31,
    0x36, 0x5F, 0x56, 0x61, 0x6C, 0x75, 0x65, 0x34, 0x08, 0x00, 0x00, 0x00, 0x96, 0x66, 0x00, 0x00,
    0x00, 0x08, 0x00, 0x00, 0x00, 0x00, 0x00, 0x15, 0x73, 0x5F, 0x43, 0x45, 0x76, 0x65, 0x6E, 0x74,
    0x56, 0x61, 0x6C, 0x75, 0x65, 0x46, 0x6F, 0x72, 0x6D, 0x61, 0x74, 0x34, 0x61, 0x04, 0x2E, 0x65,
    0x6F, 0x73, 0x00, 0x00, 0x00, 0x00, 0x96, 0x0D, 0x00, 0x08, 0x00, 0x08, 0x00, 0x00, 0x00, 0x00,
    0x00, 0x15, 0x73, 0x5F, 0x43, 0x45, 0x76, 0x65, 0x6E, 0x74, 0x56, 0x61, 0x6C, 0x75, 0x65, 0x46,
    0x6F, 0x72, 0x6D, 0x61, 0x74, 0x34, 0x61, 0x13, 0x43, 0x45, 0x76, 0x65, 0x6E, 0x74, 0x56, 0x61,
    0x6C, 0x75, 0x65, 0x46, 0x6F, 0x72, 0x6D, 0x61, 0x74, 0x34, 0x61, 0x00, 0x00, 0x00, 0x00, 0x94,
    0x0A, 0x00, 0x08, 0x00, 0x08, 0x00, 0x00, 0x00, 0x15, 0x73, 0x5F, 0x43, 0x45, 0x76, 0x65, 0x6E,
    0x74, 0x56, 0x61, 0x6C, 0x75, 0x65, 0x46, 0x6F, 0x72, 0x6D, 0x61, 0x74, 0x36, 0x61, 0x00, 0x00,
    0x00, 0x00, 0x94, 0x08, 0x00, 0x03, 0x00, 0x00, 0x00, 0x00, 0x00, 0x0C, 0x6D, 0x5F, 0x73, 0x31,
    0x36, 0x5F, 0x56, 0x61, 0x6C, 0x75, 0x65, 0x31, 0x02, 0x00, 0x00, 0x00, 0x94, 0x08, 0x00, 0x03,
    0x00, 0x00, 0x00, 0x00, 0x00, 0x0C, 0x6D, 0x5F, 0x73, 0x31, 0x36, 0x5F, 0x56, 0x61, 0x6C, 0x75,
    0x65, 0x32, 0x04, 0x00, 0x00, 0x00, 0x94, 0x08, 0x00, 0x02, 0x00, 0x00, 0x00, 0x00, 0x00, 0x0B,
    0x6D, 0x5F, 0x73, 0x38, 0x5F, 0x56, 0x61, 0x6C, 0x75, 0x65, 0x33, 0x05, 0x00, 0x00, 0x00, 0x94,
    0x08, 0x00, 0x02, 0x00, 0x00, 0x00, 0x00, 0x00, 0x0B, 0x6D, 0x5F, 0x73, 0x38, 0x5F, 0x56, 0x61,
    0x6C, 0x75, 0x65, 0x34, 0x06, 0x00, 0x00, 0x00, 0x94, 0x08, 0x00, 0x02, 0x00, 0x00, 0x00, 0x00,
    0x00, 0x0B, 0x6D, 0x5F, 0x73, 0x38, 0x5F, 0x56, 0x61, 0x6C, 0x75, 0x65, 0x35, 0x07, 0x00, 0x00,
    0x00, 0x94, 0x08, 0x00, 0x02, 0x00, 0x00, 0x00, 0x00, 0x00, 0x0B, 0x6D, 0x5F, 0x73, 0x38, 0x5F,
    0x56, 0x61, 0x6C, 0x75, 0x65, 0x36, 0x08, 0x00, 0x00, 0x00, 0x96, 0x66, 0x00, 0x00, 0x00, 0x08,
    0x00, 0x00, 0x00, 0x00, 0x00, 0x15, 0x73, 0x5F, 0x43, 0x45, 0x76, 0x65, 0x6E, 0x74, 0x56, 0x61,
    0x6C, 0x75, 0x65, 0x46, 0x6F, 0x72, 0x6D, 0x61, 0x74, 0x36, 0x61, 0x04, 0x2E, 0x65, 0x6F, 0x73,
    0x00, 0x00, 0x00, 0x00, 0x96, 0x0D, 0x00, 0x08, 0x00, 0x08, 0x00, 0x00, 0x00, 0x00, 0x00, 0x15,
    0x73, 0x5F, 0x43, 0x45, 0x76, 0x65, 0x6E, 0x74, 0x56, 0x61, 0x6C, 0x75, 0x65, 0x46, 0x6F, 0x72,
    0x6D, 0x61, 0x74, 0x36, 0x61, 0x13, 0x43, 0x45, 0x76, 0x65, 0x6E, 0x74, 0x56, 0x61, 0x6C, 0x75,
    0x65, 0x46, 0x6F, 0x72, 0x6D, 0x61, 0x74, 0x36, 0x61, 0x00, 0x00, 0x00, 0x00, 0x94, 0x0A, 0x00,
    0x08, 0x00, 0x07, 0x00, 0x00, 0x00, 0x15, 0x73, 0x5F, 0x43, 0x45, 0x76, 0x65, 0x6E, 0x74, 0x56,
    0x61, 0x6C, 0x75, 0x65, 0x46, 0x6F, 0x72, 0x6D, 0x61, 0x74, 0x37, 0x61, 0x00, 0x00, 0x00, 0x00,
    0x94, 0x08, 0x00, 0x0C, 0x00, 0x00, 0x00, 0x00, 0x00, 0x0B, 0x6D, 0x5F, 0x75, 0x38, 0x5F, 0x56,
    0x61, 0x6C, 0x75, 0x65, 0x31, 0x01, 0x00, 0x00, 0x00, 0x94, 0x08, 0x00, 0x0C, 0x00, 0x00, 0x00,
    0x00, 0x00, 0x0B, 0x6D, 0x5F, 0x75, 0x38, 0x5F, 0x56, 0x61, 0x6C, 0x75, 0x65, 0x32, 0x02, 0x00,
    0x00, 0x00, 0x94, 0x08, 0x00, 0x0C, 0x00, 0x00, 0x00, 0x00, 0x00, 0x0B, 0x6D, 0x5F, 0x75, 0x38,
    0x5F, 0x56, 0x61, 0x6C, 0x75, 0x65, 0x33, 0x03, 0x00, 0x00, 0x00, 0x94, 0x08, 0x00, 0x0C, 0x00,
    0x00, 0x00, 0x00, 0x00, 0x0B, 0x6D, 0x5F, 0x75, 0x38, 0x5F, 0x56, 0x61, 0x6C, 0x75, 0x65, 0x34,
    0x04, 0x00, 0x00, 0x00, 0x94, 0x08, 0x00, 0x0C, 0x00, 0x00, 0x00, 0x00, 0x00, 0x0B, 0x6D, 0x5F,
    0x75, 0x38, 0x5F, 0x56, 0x61, 0x6C, 0x75, 0x65, 0x35, 0x05, 0x00, 0x00, 0x00, 0x94, 0x08, 0x00,
    0x0C, 0x00, 0x00, 0x00, 0x00, 0x00, 0x0B, 0x6D, 0x5F, 0x75, 0x38, 0x5F, 0x56, 0x61, 0x6C, 0x75,
    0x65, 0x36, 0x06, 0x00, 0x00, 0x00, 0x94, 0x08, 0x00, 0x0C, 0x00, 0x00, 0x00, 0x00, 0x00, 0x0B,
    0x6D, 0x5F, 0x75, 0x38, 0x5F, 0x56, 0x61, 0x6C, 0x75, 0x65, 0x37, 0x07, 0x00, 0x00, 0x00, 0x96,
    0x66, 0x00, 0x00, 0x00, 0x07, 0x00, 0x00, 0x00, 0x00, 0x00, 0x15, 0x73, 0x5F, 0x43, 0x45, 0x76,
    0x65, 0x6E, 0x74, 0x56, 0x61, 0x6C, 0x75, 0x65, 0x46, 0x6F, 0x72, 0x6D, 0x61, 0x74, 0x37, 0x61,
    0x04, 0x2E, 0x65, 0x6F, 0x73, 0x00, 0x00, 0x00, 0x00, 0x96, 0x0D, 0x00, 0x08, 0x00, 0x07, 0x00,
    0x00, 0x00, 0x00, 0x00, 0x15, 0x73, 0x5F, 0x43, 0x45, 0x76, 0x65, 0x6E, 0x74, 0x56, 0x61, 0x6C,
    0x75, 0x65, 0x46, 0x6F, 0x72, 0x6D, 0x61, 0x74, 0x37, 0x61, 0x13, 0x43, 0x45, 0x76, 0x65, 0x6E,
    0x74, 0x56, 0x61, 0x6C, 0x75, 0x65, 0x46, 0x6F, 0x72, 0x6D, 0x61, 0x74, 0x37, 0x61, 0x00, 0x00,
    0x00, 0x00, 0x94, 0x0C, 0x00, 0x09, 0x00, 0x08, 0x00, 0x00, 0x00, 0x08, 0x2E, 0x31, 0x33, 0x36,
    0x66, 0x61, 0x6B, 0x65, 0x00, 0x00, 0x00, 0x00, 0x96, 0x0B, 0x00, 0x08, 0x00, 0x04, 0x00, 0x00,
    0x00, 0x00, 0x00, 0x15, 0x73, 0x5F, 0x43, 0x45, 0x76, 0x65, 0x6E, 0x74, 0x56, 0x61, 0x6C, 0x75,
    0x65, 0x46, 0x6F, 0x72, 0x6D, 0x61, 0x74, 0x31, 0x61, 0x0A, 0x6D, 0x5F, 0x46, 0x6F, 0x72, 0x6D,
    0x61, 0x74, 0x31, 0x61, 0x00, 0x00, 0x00, 0x00, 0x96, 0x0B, 0x00, 0x08, 0x00, 0x08, 0x00, 0x00,
    0x00, 0x00, 0x00, 0x15, 0x73, 0x5F, 0x43, 0x45, 0x76, 0x65, 0x6E, 0x74, 0x56, 0x61, 0x6C, 0x75,
    0x65, 0x46, 0x6F, 0x72, 0x6D, 0x61, 0x74, 0x32, 0x61, 0x0A, 0x6D, 0x5F, 0x46, 0x6F, 0x72, 0x6D,
    0x61, 0x74, 0x32, 0x61, 0x00, 0x00, 0x00, 0x00, 0x96, 0x0B, 0x00, 0x08, 0x00, 0x08, 0x00, 0x00,
    0x00, 0x00, 0x00, 0x15, 0x73, 0x5F, 0x43, 0x45, 0x76, 0x65, 0x6E, 0x74, 0x56, 0x61, 0x6C, 0x75,
    0x65, 0x46, 0x6F, 0x72, 0x6D, 0x61, 0x74, 0x32, 0x62, 0x0A, 0x6D, 0x5F, 0x46, 0x6F, 0x72, 0x6D,
    0x61, 0x74, 0x32, 0x62, 0x00, 0x00, 0x00, 0x00, 0x96, 0x0B, 0x00, 0x08, 0x00, 0x08, 0x00, 0x00,
    0x00, 0x00, 0x00, 0x15, 0x73, 0x5F, 0x43, 0x45, 0x76, 0x65, 0x6E, 0x74, 0x56, 0x61, 0x6C, 0x75,
    0x65, 0x46, 0x6F, 0x72, 0x6D, 0x61, 0x74, 0x33, 0x61, 0x0A, 0x6D, 0x5F, 0x46, 0x6F, 0x72, 0x6D,
    0x61, 0x74, 0x33, 0x61, 0x00, 0x00, 0x00, 0x00, 0x96, 0x0B, 0x00, 0x08, 0x00, 0x08, 0x00, 0x00,
    0x00, 0x00, 0x00, 0x15, 0x73, 0x5F, 0x43, 0x45, 0x76, 0x65, 0x6E, 0x74, 0x56, 0x61, 0x6C, 0x75,
    0x65, 0x46, 0x6F, 0x72, 0x6D, 0x61, 0x74, 0x34, 0x61, 0x0A, 0x6D, 0x5F, 0x46, 0x6F, 0x72, 0x6D,
    0x61, 0x74, 0x34, 0x61, 0x00, 0x00, 0x00, 0x00, 0x96, 0x0B, 0x00, 0x08, 0x00, 0x08, 0x00, 0x00,
    0x00, 0x00, 0x00, 0x15, 0x73, 0x5F, 0x43, 0x45, 0x76, 0x65, 0x6E, 0x74, 0x56, 0x61, 0x6C, 0x75,
    0x65, 0x46, 0x6F, 0x72, 0x6D, 0x61, 0x74, 0x36, 0x61, 0x0A, 0x6D, 0x5F, 0x46, 0x6F, 0x72, 0x6D,
    0x61, 0x74, 0x36, 0x61, 0x00, 0x00, 0x00, 0x00, 0x96, 0x0B, 0x00, 0x08, 0x00, 0x07, 0x00, 0x00,
    0x00, 0x00, 0x00, 0x15, 0x73, 0x5F, 0x43, 0x45, 0x76, 0x65, 0x6E, 0x74, 0x56, 0x61, 0x6C, 0x75,
    0x65, 0x46, 0x6F, 0x72, 0x6D, 0x61, 0x74, 0x37, 0x61, 0x0A, 0x6D, 0x5F, 0x46, 0x6F, 0x72, 0x6D,
    0x61, 0x74, 0x37, 0x61, 0x08, 0x00, 0x00, 0x00, 0x96, 0x66, 0x00, 0x00, 0x00, 0x08, 0x00, 0x00,
    0x00, 0x00, 0x00, 0x08, 0x2E, 0x31, 0x33, 0x36, 0x66, 0x61, 0x6B, 0x65, 0x04, 0x2E, 0x65, 0x6F,
    0x73, 0x00, 0x00, 0x00, 0x00, 0x94, 0x0A, 0x00, 0x08, 0x00, 0x08, 0x00, 0x00, 0x00, 0x0D, 0x73,
    0x5F, 0x43, 0x45, 0x76, 0x65, 0x6E, 0x74, 0x56, 0x61, 0x6C, 0x75, 0x65, 0x00, 0x00, 0x00, 0x00,
    0x96, 0x08, 0x00, 0x09, 0x00, 0x08, 0x00, 0x00, 0x00, 0x00, 0x00, 0x08, 0x2E, 0x31, 0x33, 0x36,
    0x66, 0x61, 0x6B, 0x65, 0x01, 0x75, 0x08, 0x00, 0x00, 0x00, 0x96, 0x66, 0x00, 0x00, 0x00, 0x08,
    0x00, 0x00, 0x00, 0x00, 0x00, 0x0D, 0x73, 0x5F, 0x43, 0x45, 0x76, 0x65, 0x6E, 0x74, 0x56, 0x61,
    0x6C, 0x75, 0x65, 0x04, 0x2E, 0x65, 0x6F, 0x73, 0x00, 0x00, 0x00, 0x00, 0x96, 0x0D, 0x00, 0x08,
    0x00, 0x08, 0x00, 0x00, 0x00, 0x00, 0x00, 0x0D, 0x73, 0x5F, 0x43, 0x45, 0x76, 0x65, 0x6E, 0x74,
    0x56, 0x61, 0x6C, 0x75, 0x65, 0x0B, 0x43, 0x45, 0x76, 0x65, 0x6E, 0x74, 0x56, 0x61, 0x6C, 0x75,
    0x65, 0x00, 0x00, 0x00, 0x00, 0x94, 0x0A, 0x00, 0x08, 0x00, 0x1C, 0x00, 0x00, 0x00, 0x10, 0x43,
    0x52, 0x4F, 0x4D, 0x45, 0x76, 0x65, 0x6E, 0x74, 0x45, 0x6E, 0x74, 0x72, 0x79, 0x5F, 0x74, 0x00,
    0x00, 0x00, 0x00, 0x94, 0x08, 0x00, 0x0D, 0x00, 0x00, 0x00, 0x00, 0x00, 0x08, 0x6D, 0x5F, 0x6E,
    0x46, 0x72, 0x61, 0x6D, 0x65, 0x02, 0x00, 0x00, 0x00, 0x94, 0x08, 0x00, 0x0D, 0x00, 0x00, 0x00,
    0x00, 0x00, 0x08, 0x6D, 0x5F, 0x6E, 0x45, 0x76, 0x65, 0x6E, 0x74, 0x04, 0x00, 0x00, 0x00, 0x94,
    0x08, 0x00, 0x03, 0x00, 0x00, 0x00, 0x00, 0x00, 0x07, 0x6D, 0x5F, 0x6E, 0x4E, 0x6F, 0x64, 0x65,
    0x06, 0x00, 0x00, 0x00, 0x94, 0x08, 0x00, 0x0D, 0x00, 0x00, 0x00, 0x00, 0x00, 0x03, 0x70, 0x61,
    0x64, 0x08, 0x00, 0x00, 0x00, 0x96, 0x08, 0x00, 0x08, 0x00, 0x0C, 0x00, 0x00, 0x00, 0x00, 0x00,
    0x0A, 0x43, 0x56, 0x65, 0x63, 0x74, 0x6F, 0x72, 0x33, 0x5F, 0x74, 0x09, 0x6D, 0x5F, 0x76, 0x4F,
    0x66, 0x66, 0x73, 0x65, 0x74, 0x14, 0x00, 0x00, 0x00, 0x96, 0x08, 0x00, 0x08, 0x00, 0x08, 0x00,
    0x00, 0x00, 0x00, 0x00, 0x0D, 0x73, 0x5F, 0x43, 0x45, 0x76, 0x65, 0x6E, 0x74, 0x56, 0x61, 0x6C,
    0x75, 0x65, 0x07, 0x6D, 0x5F, 0x56, 0x61, 0x6C, 0x75, 0x65, 0x1C, 0x00, 0x00, 0x00, 0x96, 0x66,
    0x00, 0x00, 0x00, 0x1C, 0x00, 0x00, 0x00, 0x00, 0x00, 0x10, 0x43, 0x52, 0x4F, 0x4D, 0x45, 0x76,
    0x65, 0x6E, 0x74, 0x45, 0x6E, 0x74, 0x72, 0x79, 0x5F, 0x74, 0x04, 0x2E, 0x65, 0x6F, 0x73, 0x00,
    0x00, 0x00, 0x00, 0x96, 0x0D, 0x00, 0x08, 0x00, 0x1C, 0x00, 0x00, 0x00, 0x00, 0x00, 0x10, 0x43,
    0x52, 0x4F, 0x4D, 0x45, 0x76, 0x65, 0x6E, 0x74, 0x45, 0x6E, 0x74, 0x72, 0x79, 0x5F, 0x74, 0x0E,
    0x43, 0x52, 0x4F, 0x4D, 0x45, 0x76, 0x65, 0x6E, 0x74, 0x45, 0x6E, 0x74, 0x72, 0x79, 0x00, 0x00,
    0x00, 0x00, 0x94, 0x0A, 0x00, 0x08, 0x00, 0x04, 0x00, 0x00, 0x00, 0x0A, 0x43, 0x56, 0x69, 0x73,
    0x42, 0x69, 0x74, 0x73, 0x5F, 0x74, 0x00, 0x00, 0x00, 0x00, 0x96, 0x08, 0x00, 0x3F, 0x00, 0x04,
    0x00, 0x00, 0x00, 0x01, 0x00, 0x01, 0x00, 0x00, 0x00, 0x00, 0x04, 0x42, 0x69, 0x74, 0x73, 0x04,
    0x00, 0x00, 0x00, 0x96, 0x66, 0x00, 0x00, 0x00, 0x04, 0x00, 0x00, 0x00, 0x00, 0x00, 0x0A, 0x43,
    0x56, 0x69, 0x73, 0x42, 0x69, 0x74, 0x73, 0x5F, 0x74, 0x04, 0x2E, 0x65, 0x6F, 0x73, 0x00, 0x00,
    0x00, 0x00, 0x96, 0x0D, 0x00, 0x08, 0x00, 0x04, 0x00, 0x00, 0x00, 0x00, 0x00, 0x0A, 0x43, 0x56,
    0x69, 0x73, 0x42, 0x69, 0x74, 0x73, 0x5F, 0x74, 0x08, 0x43, 0x56, 0x69, 0x73, 0x42, 0x69, 0x74,
    0x73, 0x00, 0x00, 0x00, 0x00, 0x94, 0x0A, 0x00, 0x08, 0x00, 0x10, 0x00, 0x00, 0x00, 0x0F, 0x43,
    0x52, 0x4F, 0x4D, 0x43, 0x6F, 0x72, 0x6E, 0x65, 0x72, 0x45, 0x6E, 0x63, 0x5F, 0x74, 0x00, 0x00,
    0x00, 0x00, 0x94, 0x08, 0x00, 0x05, 0x00, 0x00, 0x00, 0x00, 0x00, 0x01, 0x78, 0x04, 0x00, 0x00,
    0x00, 0x94, 0x08, 0x00, 0x05, 0x00, 0x00, 0x00, 0x00, 0x00, 0x01, 0x79, 0x08, 0x00, 0x00, 0x00,
    0x94, 0x08, 0x00, 0x05, 0x00, 0x00, 0x00, 0x00, 0x00, 0x01, 0x7A, 0x0C, 0x00, 0x00, 0x00, 0x94,
    0x08, 0x00, 0x05, 0x00, 0x00, 0x00, 0x00, 0x00, 0x01, 0x63, 0x10, 0x00, 0x00, 0x00, 0x96, 0x66,
    0x00, 0x00, 0x00, 0x10, 0x00, 0x00, 0x00, 0x00, 0x00, 0x0F, 0x43, 0x52, 0x4F, 0x4D, 0x43, 0x6F,
    0x72, 0x6E, 0x65, 0x72, 0x45, 0x6E, 0x63, 0x5F, 0x74, 0x04, 0x2E, 0x65, 0x6F, 0x73, 0x00, 0x00,
    0x00, 0x00, 0x96, 0x0D, 0x00, 0x08, 0x00, 0x10, 0x00, 0x00, 0x00, 0x00, 0x00, 0x0F, 0x43, 0x52,
    0x4F, 0x4D, 0x43, 0x6F, 0x72, 0x6E, 0x65, 0x72, 0x45, 0x6E, 0x63, 0x5F, 0x74, 0x0D, 0x43, 0x52,
    0x4F, 0x4D, 0x43, 0x6F, 0x72, 0x6E, 0x65, 0x72, 0x45, 0x6E, 0x63, 0x00, 0x00, 0x00, 0x00, 0x94,
    0x0A, 0x00, 0x08, 0x00, 0x10, 0x00, 0x00, 0x00, 0x0C, 0x43, 0x52, 0x4F, 0x4D, 0x43, 0x6F, 0x72,
    0x6E, 0x65, 0x72, 0x5F, 0x74, 0x00, 0x00, 0x00, 0x00, 0x96, 0x08, 0x00, 0x08, 0x00, 0x0C, 0x00,
    0x00, 0x00, 0x00, 0x00, 0x0A, 0x43, 0x56, 0x65, 0x63, 0x74, 0x6F, 0x72, 0x33, 0x5F, 0x74, 0x09,
    0x6D, 0x5F, 0x76, 0x43, 0x6F, 0x72, 0x6E, 0x65, 0x72, 0x0C, 0x00, 0x00, 0x00, 0x94, 0x08, 0x00,
    0x06, 0x00, 0x00, 0x00, 0x00, 0x00, 0x09, 0x6D, 0x5F, 0x43, 0x65, 0x69, 0x6C, 0x69, 0x6E, 0x67,
    0x10, 0x00, 0x00, 0x00, 0x96, 0x66, 0x00, 0x00, 0x00, 0x10, 0x00, 0x00, 0x00, 0x00, 0x00, 0x0C,
    0x43, 0x52, 0x4F, 0x4D, 0x43, 0x6F, 0x72, 0x6E, 0x65, 0x72, 0x5F, 0x74, 0x04, 0x2E, 0x65, 0x6F,
    0x73, 0x00, 0x00, 0x00, 0x00, 0x96, 0x0D, 0x00, 0x08, 0x00, 0x10, 0x00, 0x00, 0x00, 0x00, 0x00,
    0x0C, 0x43, 0x52, 0x4F, 0x4D, 0x43, 0x6F, 0x72, 0x6E, 0x65, 0x72, 0x5F, 0x74, 0x0A, 0x43, 0x52,
    0x4F, 0x4D, 0x43, 0x6F, 0x72, 0x6E, 0x65, 0x72, 0x00, 0x00, 0x00, 0x00, 0x94, 0x0A, 0x00, 0x08,
    0x00, 0x64, 0x00, 0x00, 0x00, 0x0F, 0x43, 0x52, 0x4F, 0x4D, 0x52, 0x65, 0x67, 0x69, 0x6F, 0x6E,
    0x53, 0x65, 0x74, 0x5F, 0x74, 0x00, 0x00, 0x00, 0x00, 0x96, 0x08, 0x00, 0x3C, 0x00, 0x04, 0x00,
    0x00, 0x00, 0x01, 0x00, 0x04, 0x00, 0x00, 0x00, 0x00, 0x0A, 0x6D, 0x5F, 0x46, 0x6F, 0x67, 0x43,
    0x6F, 0x6C, 0x6F, 0x72, 0x04, 0x00, 0x00, 0x00, 0x96, 0x08, 0x00, 0x3C, 0x00, 0x04, 0x00, 0x00,
    0x00, 0x01, 0x00, 0x04, 0x00, 0x00, 0x00, 0x00, 0x0C, 0x6D, 0x5F, 0x57, 0x61, 0x74, 0x65, 0x72,
    0x43, 0x6F, 0x6C, 0x6F, 0x72, 0x08, 0x00, 0x00, 0x00, 0x94, 0x08, 0x00, 0x0F, 0x00, 0x00, 0x00,
    0x00, 0x00, 0x0A, 0x6D, 0x5F, 0x46, 0x6F, 0x67, 0x53, 0x74, 0x61, 0x72, 0x74, 0x0C, 0x00, 0x00,
    0x00, 0x94, 0x08, 0x00, 0x0F, 0x00, 0x00, 0x00, 0x00, 0x00, 0x0C, 0x6D, 0x5F, 0x57, 0x61, 0x74,
    0x65, 0x72, 0x53, 0x74, 0x61, 0x72, 0x74, 0x10, 0x00, 0x00, 0x00, 0x94, 0x08, 0x00, 0x06, 0x00,
    0x00, 0x00, 0x00, 0x00, 0x09, 0x6D, 0x5F, 0x46, 0x61, 0x72, 0x43, 0x6C, 0x69, 0x70, 0x14, 0x00,
    0x00, 0x00, 0x94, 0x08, 0x00, 0x06, 0x00, 0x00, 0x00, 0x00, 0x00, 0x0D, 0x6D, 0x5F, 0x46, 0x69,
    0x65, 0x6C, 0x64, 0x4F, 0x66, 0x56, 0x69, 0x65, 0x77, 0x18, 0x00, 0x00, 0x00, 0x94, 0x08, 0x00,
    0x06, 0x00, 0x00, 0x00, 0x00, 0x00, 0x0E, 0x6D, 0x5F, 0x57, 0x61, 0x74, 0x65, 0x72, 0x46, 0x61,
    0x72, 0x43, 0x6C, 0x69, 0x70, 0x1C, 0x00, 0x00, 0x00, 0x94, 0x08, 0x00, 0x06, 0x00, 0x00, 0x00,
    0x00, 0x00, 0x12, 0x6D, 0x5F, 0x57, 0x61, 0x74, 0x65, 0x72, 0x46, 0x69, 0x65, 0x6C, 0x64, 0x4F,
    0x66, 0x56, 0x69, 0x65, 0x77, 0x20, 0x00, 0x00, 0x00, 0x94, 0x08, 0x00, 0x06, 0x00, 0x00, 0x00,
    0x00, 0x00, 0x10, 0x6D, 0x5F, 0x57, 0x61, 0x74, 0x65, 0x72, 0x45, 0x6C, 0x65, 0x76, 0x61, 0x74,
    0x69, 0x6F, 0x6E, 0x24, 0x00, 0x00, 0x00, 0x94, 0x08, 0x00, 0x06, 0x00, 0x00, 0x00, 0x00, 0x00,
    0x0D, 0x6D, 0x5F, 0x42, 0x6C, 0x65, 0x6E, 0x64, 0x4C, 0x65, 0x6E, 0x67, 0x74, 0x68, 0x28, 0x00,
    0x00, 0x00, 0x94, 0x08, 0x00, 0x06, 0x00, 0x00, 0x00, 0x00, 0x00, 0x10, 0x6D, 0x5F, 0x44, 0x65,
    0x61, 0x74, 0x68, 0x54, 0x69, 0x6D, 0x65, 0x44, 0x65, 0x6C, 0x61, 0x79, 0x2C, 0x00, 0x00, 0x00,
    0x94, 0x08, 0x00, 0x06, 0x00, 0x00, 0x00, 0x00, 0x00, 0x15, 0x6D, 0x5F, 0x43, 0x61, 0x6D, 0x65,
    0x72, 0x61, 0x56, 0x65, 0x72, 0x74, 0x45, 0x79, 0x65, 0x4F, 0x66, 0x66, 0x73, 0x65, 0x74, 0x30,
    0x00, 0x00, 0x00, 0x94, 0x08, 0x00, 0x06, 0x00, 0x00, 0x00, 0x00, 0x00, 0x16, 0x6D, 0x5F, 0x43,
    0x61, 0x6D, 0x65, 0x72, 0x61, 0x4D, 0x6F, 0x76, 0x65, 0x6D, 0x65, 0x6E, 0x74, 0x53, 0x63, 0x61,
    0x6C, 0x65, 0x72, 0x34, 0x00, 0x00, 0x00, 0x94, 0x08, 0x00, 0x06, 0x00, 0x00, 0x00, 0x00, 0x00,
    0x0D, 0x6D, 0x5F, 0x4A, 0x75, 0x6D, 0x70, 0x50, 0x61, 0x64, 0x45, 0x6E, 0x64, 0x58, 0x38, 0x00,
    0x00, 0x00, 0x94, 0x08, 0x00, 0x06, 0x00, 0x00, 0x00, 0x00, 0x00, 0x0D, 0x6D, 0x5F, 0x4A, 0x75,
    0x6D, 0x70, 0x50, 0x61, 0x64, 0x45, 0x6E, 0x64, 0x59, 0x3C, 0x00, 0x00, 0x00, 0x94, 0x08, 0x00,
    0x06, 0x00, 0x00, 0x00, 0x00, 0x00, 0x0D, 0x6D, 0x5F, 0x4A, 0x75, 0x6D, 0x70, 0x50, 0x61, 0x64,
    0x45, 0x6E, 0x64, 0x5A, 0x40, 0x00, 0x00, 0x00, 0x94, 0x08, 0x00, 0x06, 0x00, 0x00, 0x00, 0x00,
    0x00, 0x0F, 0x6D, 0x5F, 0x4A, 0x75, 0x6D, 0x70, 0x50, 0x61, 0x64, 0x48, 0x65, 0x69, 0x67, 0x68,
    0x74, 0x44, 0x00, 0x00, 0x00, 0x94, 0x08, 0x00, 0x0F, 0x00, 0x00, 0x00, 0x00, 0x00, 0x09, 0x6D,
    0x5F, 0x64, 0x77, 0x46, 0x6C, 0x61, 0x67, 0x73, 0x48, 0x00, 0x00, 0x00, 0x94, 0x08, 0x00, 0x0D,
    0x00, 0x00, 0x00, 0x00, 0x00, 0x08, 0x6D, 0x5F, 0x57, 0x61, 0x72, 0x70, 0x49, 0x44, 0x4A, 0x00,
    0x00, 0x00, 0x94, 0x08, 0x00, 0x0D, 0x00, 0x00, 0x00, 0x00, 0x00, 0x1A, 0x6D, 0x5F, 0x50, 0x72,
    0x65, 0x73, 0x73, 0x75, 0x72, 0x65, 0x50, 0x6C, 0x61, 0x74, 0x65, 0x53, 0x6F, 0x75, 0x6E, 0x64,
    0x4E, 0x75, 0x6D, 0x62, 0x65, 0x72, 0x4C, 0x00, 0x00, 0x00, 0x94, 0x08, 0x00, 0x0D, 0x00, 0x00,
    0x00, 0x00, 0x00, 0x12, 0x6D, 0x5F, 0x53, 0x61, 0x76, 0x65, 0x43, 0x68, 0x65, 0x63, 0x6B, 0x70,
    0x6F, 0x69, 0x6E, 0x74, 0x49, 0x44, 0x4E, 0x00, 0x00, 0x00, 0x94, 0x08, 0x00, 0x0D, 0x00, 0x00,
    0x00, 0x00, 0x00, 0x0C, 0x6D, 0x5F, 0x50, 0x72, 0x65, 0x73, 0x73, 0x75, 0x72, 0x65, 0x49, 0x44,
    0x50, 0x00, 0x00, 0x00, 0x94, 0x08, 0x00, 0x0D, 0x00, 0x00, 0x00, 0x00, 0x00, 0x10, 0x6D, 0x5F,
    0x44, 0x65, 0x61, 0x74, 0x68, 0x48, 0x69, 0x74, 0x50, 0x6F, 0x69, 0x6E, 0x74, 0x73, 0x52, 0x00,
    0x00, 0x00, 0x94, 0x08, 0x00, 0x0D, 0x00, 0x00, 0x00, 0x00, 0x00, 0x09, 0x6D, 0x5F, 0x77, 0x46,
    0x6C, 0x61, 0x67, 0x73, 0x32, 0x54, 0x00, 0x00, 0x00, 0x94, 0x08, 0x00, 0x0D, 0x00, 0x00, 0x00,
    0x00, 0x00, 0x09, 0x6D, 0x5F, 0x77, 0x46, 0x6C, 0x61, 0x67, 0x73, 0x33, 0x56, 0x00, 0x00, 0x00,
    0x94, 0x08, 0x00, 0x0D, 0x00, 0x00, 0x00, 0x00, 0x00, 0x0C, 0x6D, 0x5F, 0x77, 0x53, 0x6B, 0x79,
    0x4C, 0x61, 0x79, 0x65, 0x72, 0x73, 0x58, 0x00, 0x00, 0x00, 0x94, 0x08, 0x00, 0x0C, 0x00, 0x00,
    0x00, 0x00, 0x00, 0x0B, 0x6D, 0x5F, 0x47, 0x72, 0x6F, 0x75, 0x6E, 0x64, 0x4D, 0x61, 0x74, 0x59,
    0x00, 0x00, 0x00, 0x94, 0x08, 0x00, 0x0C, 0x00, 0x00, 0x00, 0x00, 0x00, 0x09, 0x6D, 0x5F, 0x57,
    0x61, 0x6C, 0x6C, 0x4D, 0x61, 0x74, 0x5A, 0x00, 0x00, 0x00, 0x94, 0x08, 0x00, 0x0C, 0x00, 0x00,
    0x00, 0x00, 0x00, 0x09, 0x6D, 0x5F, 0x4D, 0x75, 0x73, 0x69, 0x63, 0x49, 0x44, 0x5B, 0x00, 0x00,
    0x00, 0x94, 0x08, 0x00, 0x0C, 0x00, 0x00, 0x00, 0x00, 0x00, 0x0F, 0x6D, 0x5F, 0x41, 0x6D, 0x62,
    0x69, 0x65, 0x6E, 0x74, 0x53, 0x6F, 0x75, 0x6E, 0x64, 0x73, 0x5C, 0x00, 0x00, 0x00, 0x94, 0x08,
    0x00, 0x0C, 0x00, 0x00, 0x00, 0x00, 0x00, 0x0A, 0x6D, 0x5F, 0x4D, 0x61, 0x70, 0x43, 0x6F, 0x6C,
    0x6F, 0x72, 0x5D, 0x00, 0x00, 0x00, 0x94, 0x08, 0x00, 0x0C, 0x00, 0x00, 0x00, 0x00, 0x00, 0x11,
    0x6D, 0x5F, 0x43, 0x75, 0x72, 0x72, 0x65, 0x6E, 0x74, 0x53, 0x74, 0x72, 0x65, 0x6E, 0x67, 0x74,
    0x68, 0x5E, 0x00, 0x00, 0x00, 0x94, 0x08, 0x00, 0x0C, 0x00, 0x00, 0x00, 0x00, 0x00, 0x0D, 0x6D,
    0x5F, 0x4A, 0x75, 0x6D, 0x70, 0x50, 0x61, 0x64, 0x54, 0x69, 0x6D, 0x65, 0x5F, 0x00, 0x00, 0x00,
    0x94, 0x08, 0x00, 0x02, 0x00, 0x00, 0x00, 0x00, 0x00, 0x13, 0x6D, 0x5F, 0x43, 0x75, 0x72, 0x72,
    0x65, 0x6E, 0x74, 0x44, 0x69, 0x72, 0x65, 0x63, 0x74, 0x69, 0x6F, 0x6E, 0x58, 0x60, 0x00, 0x00,
    0x00, 0x94, 0x08, 0x00, 0x02, 0x00, 0x00, 0x00, 0x00, 0x00, 0x13, 0x6D, 0x5F, 0x43, 0x75, 0x72,
    0x72, 0x65, 0x6E, 0x74, 0x44, 0x69, 0x72, 0x65, 0x63, 0x74, 0x69, 0x6F, 0x6E, 0x59, 0x61, 0x00,
    0x00, 0x00, 0x94, 0x08, 0x00, 0x02, 0x00, 0x00, 0x00, 0x00, 0x00, 0x13, 0x6D, 0x5F, 0x43, 0x75,
    0x72, 0x72, 0x65, 0x6E, 0x74, 0x44, 0x69, 0x72, 0x65, 0x63, 0x74, 0x69, 0x6F, 0x6E, 0x5A, 0x62,
    0x00, 0x00, 0x00, 0x94, 0x08, 0x00, 0x0D, 0x00, 0x00, 0x00, 0x00, 0x00, 0x0B, 0x6D, 0x5F, 0x57,
    0x65, 0x61, 0x74, 0x68, 0x65, 0x72, 0x49, 0x44, 0x64, 0x00, 0x00, 0x00, 0x96, 0x66, 0x00, 0x00,
    0x00, 0x64, 0x00, 0x00, 0x00, 0x00, 0x00, 0x0F, 0x43, 0x52, 0x4F, 0x4D, 0x52, 0x65, 0x67, 0x69,
    0x6F, 0x6E, 0x53, 0x65, 0x74, 0x5F, 0x74, 0x04, 0x2E, 0x65, 0x6F, 0x73, 0x00, 0x00, 0x00, 0x00,
    0x96, 0x0D, 0x00, 0x08, 0x00, 0x64, 0x00, 0x00, 0x00, 0x00, 0x00, 0x0F, 0x43, 0x52, 0x4F, 0x4D,
    0x52, 0x65, 0x67, 0x69, 0x6F, 0x6E, 0x53, 0x65, 0x74, 0x5F, 0x74, 0x0D, 0x43, 0x52, 0x4F, 0x4D,
    0x52, 0x65, 0x67, 0x69, 0x6F, 0x6E, 0x53, 0x65, 0x74, 0x00, 0x00, 0x00, 0x00, 0x94, 0x0A, 0x00,
    0x08, 0x00, 0x14, 0x00, 0x00, 0x00, 0x0C, 0x43, 0x52, 0x4F, 0x4D, 0x52, 0x65, 0x67, 0x69, 0x6F,
    0x6E, 0x5F, 0x74, 0x00, 0x00, 0x00, 0x00, 0x94, 0x08, 0x00, 0x0D, 0x00, 0x00, 0x00, 0x00, 0x00,
    0x0C, 0x6D, 0x5F, 0x6E, 0x52, 0x65, 0x67, 0x69, 0x6F, 0x6E, 0x53, 0x65, 0x74, 0x02, 0x00, 0x00,
    0x00, 0x94, 0x08, 0x00, 0x0D, 0x00, 0x00, 0x00, 0x00, 0x00, 0x08, 0x6D, 0x5F, 0x77, 0x46, 0x6C,
    0x61, 0x67, 0x73, 0x04, 0x00, 0x00, 0x00, 0x96, 0x08, 0x00, 0x3D, 0x00, 0x06, 0x00, 0x00, 0x00,
    0x01, 0x00, 0x03, 0x00, 0x00, 0x00, 0x00, 0x09, 0x6D, 0x5F, 0x43, 0x6F, 0x72, 0x6E, 0x65, 0x72,
    0x73, 0x0A, 0x00, 0x00, 0x00, 0x96, 0x08, 0x00, 0x3D, 0x00, 0x06, 0x00, 0x00, 0x00, 0x01, 0x00,
    0x03, 0x00, 0x00, 0x00, 0x00, 0x0B, 0x6D, 0x5F, 0x4E, 0x65, 0x69, 0x67, 0x68, 0x62, 0x6F, 0x72,
    0x73, 0x10, 0x00, 0x00, 0x00, 0x96, 0x08, 0x00, 0x08, 0x00, 0x04, 0x00, 0x00, 0x00, 0x00, 0x00,
    0x0A, 0x43, 0x56, 0x69, 0x73, 0x42, 0x69, 0x74, 0x73, 0x5F, 0x74, 0x09, 0x6D, 0x5F, 0x56, 0x69,
    0x73, 0x42, 0x69, 0x74, 0x73, 0x14, 0x00, 0x00, 0x00, 0x96, 0x66, 0x00, 0x00, 0x00, 0x14, 0x00,
    0x00, 0x00, 0x00, 0x00, 0x0C, 0x43, 0x52, 0x4F, 0x4D, 0x52, 0x65, 0x67, 0x69, 0x6F, 0x6E, 0x5F,
    0x74, 0x04, 0x2E, 0x65, 0x6F, 0x73, 0x00, 0x00, 0x00, 0x00, 0x96, 0x0D, 0x00, 0x08, 0x00, 0x14,
    0x00, 0x00, 0x00, 0x00, 0x00, 0x0C, 0x43, 0x52, 0x4F, 0x4D, 0x52, 0x65, 0x67, 0x69, 0x6F, 0x6E,
    0x5F, 0x74, 0x0A, 0x43, 0x52, 0x4F, 0x4D, 0x52, 0x65, 0x67, 0x69, 0x6F, 0x6E, 0x00, 0x00, 0x00,
    0x00, 0x94, 0x0A, 0x00, 0x08, 0x00, 0x20, 0x00, 0x00, 0x00, 0x0D, 0x43, 0x47, 0x61, 0x6D, 0x65,
    0x52, 0x65, 0x67, 0x69, 0x6F, 0x6E, 0x5F, 0x74, 0x00, 0x00, 0x00, 0x00, 0x94, 0x08, 0x00, 0x0D,
    0x00, 0x00, 0x00, 0x00, 0x00, 0x0C, 0x6D, 0x5F, 0x6E, 0x52, 0x65, 0x67, 0x69, 0x6F, 0x6E, 0x53,
    0x65, 0x74, 0x02, 0x00, 0x00, 0x00, 0x94, 0x08, 0x00, 0x0D, 0x00, 0x00, 0x00, 0x00, 0x00, 0x08,
    0x6D, 0x5F, 0x77, 0x46, 0x6C, 0x61, 0x67, 0x73, 0x04, 0x00, 0x00, 0x00, 0x96, 0x08, 0x00, 0x78,
    0x00, 0x0C, 0x00, 0x00, 0x00, 0x01, 0x00, 0x03, 0x00, 0x00, 0x00, 0x0C, 0x43, 0x52, 0x4F, 0x4D,
    0x43, 0x6F, 0x72, 0x6E, 0x65, 0x72, 0x5F, 0x74, 0x0A, 0x6D, 0x5F, 0x70, 0x43, 0x6F, 0x72, 0x6E,
    0x65, 0x72, 0x73, 0x10, 0x00, 0x00, 0x00, 0x96, 0x08, 0x00, 0x78, 0x00, 0x0C, 0x00, 0x00, 0x00,
    0x01, 0x00, 0x03, 0x00, 0x00, 0x00, 0x0D, 0x43, 0x47, 0x61, 0x6D, 0x65, 0x52, 0x65, 0x67, 0x69,
    0x6F, 0x6E, 0x5F, 0x74, 0x0C, 0x6D, 0x5F, 0x70, 0x4E, 0x65, 0x69, 0x67, 0x68, 0x62, 0x6F, 0x72,
    0x73, 0x1C, 0x00, 0x00, 0x00, 0x96, 0x08, 0x00, 0x08, 0x00, 0x04, 0x00, 0x00, 0x00, 0x00, 0x00,
    0x0A, 0x43, 0x56, 0x69, 0x73, 0x42, 0x69, 0x74, 0x73, 0x5F, 0x74, 0x09, 0x6D, 0x5F, 0x56, 0x69,
    0x73, 0x42, 0x69, 0x74, 0x73, 0x20, 0x00, 0x00, 0x00, 0x96, 0x66, 0x00, 0x00, 0x00, 0x20, 0x00,
    0x00, 0x00, 0x00, 0x00, 0x0D, 0x43, 0x47, 0x61, 0x6D, 0x65, 0x52, 0x65, 0x67, 0x69, 0x6F, 0x6E,
    0x5F, 0x74, 0x04, 0x2E, 0x65, 0x6F, 0x73, 0x00, 0x00, 0x00, 0x00, 0x96, 0x0D, 0x00, 0x08, 0x00,
    0x20, 0x00, 0x00, 0x00, 0x00, 0x00, 0x0D, 0x43, 0x47, 0x61, 0x6D, 0x65, 0x52, 0x65, 0x67, 0x69,
    0x6F, 0x6E, 0x5F, 0x74, 0x0B, 0x43, 0x47, 0x61, 0x6D, 0x65, 0x52, 0x65, 0x67, 0x69, 0x6F, 0x6E,
    0x00, 0x00, 0x00, 0x00, 0x94, 0x0A, 0x00, 0x08, 0x00, 0x18, 0x00, 0x00, 0x00, 0x0C, 0x43, 0x52,
    0x4F, 0x4D, 0x42, 0x6F, 0x75, 0x6E, 0x64, 0x73, 0x5F, 0x74, 0x00, 0x00, 0x00, 0x00, 0x96, 0x08,
    0x00, 0x08, 0x00, 0x0C, 0x00, 0x00, 0x00, 0x00, 0x00, 0x0A, 0x43, 0x56, 0x65, 0x63, 0x74, 0x6F,
    0x72, 0x33, 0x5F, 0x74, 0x06, 0x6D, 0x5F, 0x76, 0x4D, 0x69, 0x6E, 0x0C, 0x00, 0x00, 0x00, 0x96,
    0x08, 0x00, 0x08, 0x00, 0x0C, 0x00, 0x00, 0x00, 0x00, 0x00, 0x0A, 0x43, 0x56, 0x65, 0x63, 0x74,
    0x6F, 0x72, 0x33, 0x5F, 0x74, 0x06, 0x6D, 0x5F, 0x76, 0x4D, 0x61, 0x78, 0x18, 0x00, 0x00, 0x00,
    0x96, 0x66, 0x00, 0x00, 0x00, 0x18, 0x00, 0x00, 0x00, 0x00, 0x00, 0x0C, 0x43, 0x52, 0x4F, 0x4D,
    0x42, 0x6F, 0x75, 0x6E, 0x64, 0x73, 0x5F, 0x74, 0x04, 0x2E, 0x65, 0x6F, 0x73, 0x00, 0x00, 0x00,
    0x00, 0x96, 0x0D, 0x00, 0x08, 0x00, 0x18, 0x00, 0x00, 0x00, 0x00, 0x00, 0x0C, 0x43, 0x52, 0x4F,
    0x4D, 0x42, 0x6F, 0x75, 0x6E, 0x64, 0x73, 0x5F, 0x74, 0x0A, 0x43, 0x52, 0x4F, 0x4D, 0x42, 0x6F,
    0x75, 0x6E, 0x64, 0x73, 0x00, 0x00, 0x00, 0x00, 0x94, 0x0A, 0x00, 0x08, 0x00, 0x10, 0x00, 0x00,
    0x00, 0x0D, 0x43, 0x42, 0x6F, 0x75, 0x6E, 0x64, 0x73, 0x52, 0x65, 0x63, 0x74, 0x5F, 0x74, 0x00,
    0x00, 0x00, 0x00, 0x94, 0x08, 0x00, 0x06, 0x00, 0x00, 0x00, 0x00, 0x00, 0x06, 0x6D, 0x5F, 0x4D,
    0x69, 0x6E, 0x58, 0x04, 0x00, 0x00, 0x00, 0x94, 0x08, 0x00, 0x06, 0x00, 0x00, 0x00, 0x00, 0x00,
    0x06, 0x6D, 0x5F, 0x4D, 0x69, 0x6E, 0x5A, 0x08, 0x00, 0x00, 0x00, 0x94, 0x08, 0x00, 0x06, 0x00,
    0x00, 0x00, 0x00, 0x00, 0x06, 0x6D, 0x5F, 0x4D, 0x61, 0x78, 0x58, 0x0C, 0x00, 0x00, 0x00, 0x94,
    0x08, 0x00, 0x06, 0x00, 0x00, 0x00, 0x00, 0x00, 0x06, 0x6D, 0x5F, 0x4D, 0x61, 0x78, 0x5A, 0x10,
    0x00, 0x00, 0x00, 0x96, 0x66, 0x00, 0x00, 0x00, 0x10, 0x00, 0x00, 0x00, 0x00, 0x00, 0x0D, 0x43,
    0x42, 0x6F, 0x75, 0x6E, 0x64, 0x73, 0x52, 0x65, 0x63, 0x74, 0x5F, 0x74, 0x04, 0x2E, 0x65, 0x6F,
    0x73, 0x00, 0x00, 0x00, 0x00, 0x96, 0x0D, 0x00, 0x08, 0x00, 0x10, 0x00, 0x00, 0x00, 0x00, 0x00,
    0x0D, 0x43, 0x42, 0x6F, 0x75, 0x6E, 0x64, 0x73, 0x52, 0x65, 0x63, 0x74, 0x5F, 0x74, 0x0B, 0x43,
    0x42, 0x6F, 0x75, 0x6E, 0x64, 0x73, 0x52, 0x65, 0x63, 0x74, 0x00, 0x00, 0x00, 0x00, 0x94, 0x0A,
    0x00, 0x08, 0x00, 0x14, 0x00, 0x00, 0x00, 0x11, 0x43, 0x52, 0x4F, 0x4D, 0x52, 0x65, 0x67, 0x69,
    0x6F, 0x6E, 0x42, 0x6C, 0x6F, 0x63, 0x6B, 0x5F, 0x74, 0x00, 0x00, 0x00, 0x00, 0x96, 0x08, 0x00,
    0x08, 0x00, 0x10, 0x00, 0x00, 0x00, 0x00, 0x00, 0x0D, 0x43, 0x42, 0x6F, 0x75, 0x6E, 0x64, 0x73,
    0x52, 0x65, 0x63, 0x74, 0x5F, 0x74, 0x0C, 0x6D, 0x5F, 0x42, 0x6F, 0x75, 0x6E, 0x64, 0x73, 0x52,
    0x65, 0x63, 0x74, 0x10, 0x00, 0x00, 0x00, 0x94, 0x08, 0x00, 0x0F, 0x00, 0x00, 0x00, 0x00, 0x00,
    0x0A, 0x6D, 0x5F, 0x6E, 0x52, 0x65, 0x67, 0x69, 0x6F, 0x6E, 0x73, 0x14, 0x00, 0x00, 0x00, 0x96,
    0x66, 0x00, 0x00, 0x00, 0x14, 0x00, 0x00, 0x00, 0x00, 0x00, 0x11, 0x43, 0x52, 0x4F, 0x4D, 0x52,
    0x65, 0x67, 0x69, 0x6F, 0x6E, 0x42, 0x6C, 0x6F, 0x63, 0x6B, 0x5F, 0x74, 0x04, 0x2E, 0x65, 0x6F,
    0x73, 0x00, 0x00, 0x00, 0x00, 0x96, 0x0D, 0x00, 0x08, 0x00, 0x14, 0x00, 0x00, 0x00, 0x00, 0x00,
    0x11, 0x43, 0x52, 0x4F, 0x4D, 0x52, 0x65, 0x67, 0x69, 0x6F, 0x6E, 0x42, 0x6C, 0x6F, 0x63, 0x6B,
    0x5F, 0x74, 0x0F, 0x43, 0x52, 0x4F, 0x4D, 0x52, 0x65, 0x67, 0x69, 0x6F, 0x6E, 0x42, 0x6C, 0x6F,
    0x63, 0x6B, 0x00, 0x00, 0x00, 0x00, 0x94, 0x0A, 0x00, 0x08, 0x00, 0x14, 0x00, 0x00, 0x00, 0x10,
    0x43, 0x52, 0x4F, 0x4D, 0x47, 0x72, 0x69, 0x64, 0x42, 0x6F, 0x75, 0x6E, 0x64, 0x73, 0x5F, 0x74,
    0x00, 0x00, 0x00, 0x00, 0x96, 0x08, 0x00, 0x08, 0x00, 0x10, 0x00, 0x00, 0x00, 0x00, 0x00, 0x0D,
    0x43, 0x42, 0x6F, 0x75, 0x6E, 0x64, 0x73, 0x52, 0x65, 0x63, 0x74, 0x5F, 0x74, 0x0C, 0x6D, 0x5F,
    0x42, 0x6F, 0x75, 0x6E, 0x64, 0x73, 0x52, 0x65, 0x63, 0x74, 0x10, 0x00, 0x00, 0x00, 0x94, 0x08,
    0x00, 0x0F, 0x00, 0x00, 0x00, 0x00, 0x00, 0x08, 0x6D, 0x5F, 0x62, 0x45, 0x6D, 0x70, 0x74, 0x79,
    0x14, 0x00, 0x00, 0x00, 0x96, 0x66, 0x00, 0x00, 0x00, 0x14, 0x00, 0x00, 0x00, 0x00, 0x00, 0x10,
    0x43, 0x52, 0x4F, 0x4D, 0x47, 0x72, 0x69, 0x64, 0x42, 0x6F, 0x75, 0x6E, 0x64, 0x73, 0x5F, 0x74,
    0x04, 0x2E, 0x65, 0x6F, 0x73, 0x00, 0x00, 0x00, 0x00, 0x96, 0x0D, 0x00, 0x08, 0x00, 0x14, 0x00,
    0x00, 0x00, 0x00, 0x00, 0x10, 0x43, 0x52, 0x4F, 0x4D, 0x47, 0x72, 0x69, 0x64, 0x42, 0x6F, 0x75,
    0x6E, 0x64, 0x73, 0x5F, 0x74, 0x0E, 0x43, 0x52, 0x4F, 0x4D, 0x47, 0x72, 0x69, 0x64, 0x42, 0x6F,
    0x75, 0x6E, 0x64, 0x73, 0x00, 0x00, 0x00, 0x00, 0x94, 0x0A, 0x00, 0x08, 0x00, 0x1C, 0x00, 0x00,
    0x00, 0x0E, 0x43, 0x49, 0x6E, 0x73, 0x74, 0x61, 0x6E, 0x63, 0x65, 0x48, 0x64, 0x72, 0x5F, 0x74,
    0x00, 0x00, 0x00, 0x00, 0x94, 0x08, 0x00, 0x0C, 0x00, 0x00, 0x00, 0x00, 0x00, 0x06, 0x6D, 0x5F,
    0x54, 0x79, 0x70, 0x65, 0x01, 0x00, 0x00, 0x00, 0x94, 0x08, 0x00, 0x02, 0x00, 0x00, 0x00, 0x00,
    0x00, 0x08, 0x6D, 0x5F, 0x6E, 0x4D, 0x6F, 0x64, 0x65, 0x6C, 0x02, 0x00, 0x00, 0x00, 0x94, 0x08,
    0x00, 0x02, 0x00, 0x00, 0x00, 0x00, 0x00, 0x0E, 0x6D, 0x5F, 0x6E, 0x53, 0x68, 0x61, 0x64, 0x6F,
    0x77, 0x4D, 0x6F, 0x64, 0x65, 0x6C, 0x03, 0x00, 0x00, 0x00, 0x94, 0x08, 0x00, 0x02, 0x00, 0x00,
    0x00, 0x00, 0x00, 0x0A, 0x6D, 0x5F, 0x6E, 0x54, 0x65, 0x78, 0x74, 0x75, 0x72, 0x65, 0x04, 0x00,
    0x00, 0x00, 0x94, 0x08, 0x00, 0x0D, 0x00, 0x00, 0x00, 0x00, 0x00, 0x0A, 0x6D, 0x5F, 0x6E, 0x4F,
    0x62, 0x6A, 0x54, 0x79, 0x70, 0x65, 0x06, 0x00, 0x00, 0x00, 0x96, 0x08, 0x00, 0x3C, 0x00, 0x02,
    0x00, 0x00, 0x00, 0x01, 0x00, 0x02, 0x00, 0x00, 0x00, 0x00, 0x07, 0x50, 0x41, 0x44, 0x44, 0x49,
    0x4E, 0x47, 0x08, 0x00, 0x00, 0x00, 0x96, 0x08, 0x00, 0x08, 0x00, 0x0C, 0x00, 0x00, 0x00, 0x00,
    0x00, 0x0A, 0x43, 0x56, 0x65, 0x63, 0x74, 0x6F, 0x72, 0x33, 0x5F, 0x74, 0x06, 0x6D, 0x5F, 0x76,
    0x50, 0x6F, 0x73, 0x14, 0x00, 0x00, 0x00, 0x96, 0x08, 0x00, 0x18, 0x00, 0x20, 0x00, 0x00, 0x00,
    0x00, 0x00, 0x0D, 0x43, 0x47, 0x61, 0x6D, 0x65, 0x52, 0x65, 0x67, 0x69, 0x6F, 0x6E, 0x5F, 0x74,
    0x10, 0x6D, 0x5F, 0x70, 0x43, 0x75, 0x72, 0x72, 0x65, 0x6E, 0x74, 0x52, 0x65, 0x67, 0x69, 0x6F,
    0x6E, 0x18, 0x00, 0x00, 0x00, 0x96, 0x08, 0x00, 0x18, 0x00, 0x88, 0x01, 0x00, 0x00, 0x00, 0x00,
    0x0F, 0x43, 0x49, 0x6E, 0x74, 0x65, 0x6C, 0x6C, 0x69, 0x67, 0x65, 0x6E, 0x63, 0x65, 0x5F, 0x74,
    0x04, 0x6D, 0x5F, 0x70, 0x49, 0x1C, 0x00, 0x00, 0x00, 0x96, 0x66, 0x00, 0x00, 0x00, 0x1C, 0x00,
    0x00, 0x00, 0x00, 0x00, 0x0E, 0x43, 0x49, 0x6E, 0x73, 0x74, 0x61, 0x6E, 0x63, 0x65, 0x48, 0x64,
    0x72, 0x5F, 0x74, 0x04, 0x2E, 0x65, 0x6F, 0x73, 0x00, 0x00, 0x00, 0x00, 0x96, 0x0D, 0x00, 0x08,
    0x00, 0x1C, 0x00, 0x00, 0x00, 0x00, 0x00, 0x0E, 0x43, 0x49, 0x6E, 0x73, 0x74, 0x61, 0x6E, 0x63,
    0x65, 0x48, 0x64, 0x72, 0x5F, 0x74, 0x0C, 0x43, 0x49, 0x6E, 0x73, 0x74, 0x61, 0x6E, 0x63, 0x65,
    0x48, 0x64, 0x72, 0x00, 0x00, 0x00, 0x00, 0x94, 0x0A, 0x00, 0x08, 0x00, 0x50, 0x00, 0x00, 0x00,
    0x12, 0x43, 0x41, 0x6E, 0x69, 0x6D, 0x49, 0x6E, 0x73, 0x74, 0x61, 0x6E, 0x63, 0x65, 0x48, 0x64,
    0x72, 0x5F, 0x74, 0x00, 0x00, 0x00, 0x00, 0x96, 0x08, 0x00, 0x08, 0x00, 0x1C, 0x00, 0x00, 0x00,
    0x00, 0x00, 0x0E, 0x43, 0x49, 0x6E, 0x73, 0x74, 0x61, 0x6E, 0x63, 0x65, 0x48, 0x64, 0x72, 0x5F,
    0x74, 0x02, 0x69, 0x68, 0x1C, 0x00, 0x00, 0x00, 0x96, 0x08, 0x00, 0x08, 0x00, 0x0C, 0x00, 0x00,
    0x00, 0x00, 0x00, 0x0A, 0x43, 0x56, 0x65, 0x63, 0x74, 0x6F, 0x72, 0x33, 0x5F, 0x74, 0x0B, 0x6D,
    0x5F, 0x76, 0x56, 0x65, 0x6C, 0x6F, 0x63, 0x69, 0x74, 0x79, 0x28, 0x00, 0x00, 0x00, 0x96, 0x08,
    0x00, 0x08, 0x00, 0x0C, 0x00, 0x00, 0x00, 0x00, 0x00, 0x0A, 0x43, 0x56, 0x65, 0x63, 0x74, 0x6F,
    0x72, 0x33, 0x5F, 0x74, 0x0A, 0x6D, 0x5F, 0x76, 0x43, 0x75, 0x72, 0x72, 0x65, 0x6E, 0x74, 0x34,
    0x00, 0x00, 0x00, 0x96, 0x08, 0x00, 0x18, 0x00, 0x1C, 0x00, 0x00, 0x00, 0x00, 0x00, 0x0E, 0x43,
    0x49, 0x6E, 0x73, 0x74, 0x61, 0x6E, 0x63, 0x65, 0x48, 0x64, 0x72, 0x5F, 0x74, 0x10, 0x6D, 0x5F,
    0x70, 0x49, 0x6E, 0x73, 0x74, 0x61, 0x6E, 0x63, 0x65, 0x42, 0x65, 0x6C, 0x6F, 0x77, 0x38, 0x00,
    0x00, 0x00, 0x94, 0x08, 0x00, 0x0F, 0x00, 0x00, 0x00, 0x00, 0x00, 0x0B, 0x6D, 0x5F, 0x43, 0x6F,
    0x6C, 0x6C, 0x46, 0x6C, 0x61, 0x67, 0x73, 0x3C, 0x00, 0x00, 0x00, 0x94, 0x08, 0x00, 0x05, 0x00,
    0x00, 0x00, 0x00, 0x00, 0x10, 0x6D, 0x5F, 0x47, 0x72, 0x6F, 0x75, 0x6E, 0x64, 0x4D, 0x61, 0x74,
    0x65, 0x72, 0x69, 0x61, 0x6C, 0x40, 0x00, 0x00, 0x00, 0x94, 0x08, 0x00, 0x06, 0x00, 0x00, 0x00,
    0x00, 0x00, 0x0E, 0x6D, 0x5F, 0x47, 0x72, 0x6F, 0x75, 0x6E, 0x64, 0x48, 0x65, 0x69, 0x67, 0x68,
    0x74, 0x44, 0x00, 0x00, 0x00, 0x96, 0x08, 0x00, 0x08, 0x00, 0x0C, 0x00, 0x00, 0x00, 0x00, 0x00,
    0x0A, 0x43, 0x56, 0x65, 0x63, 0x74, 0x6F, 0x72, 0x33, 0x5F, 0x74, 0x0F, 0x6D, 0x5F, 0x76, 0x47,
    0x72, 0x6F, 0x75, 0x6E, 0x64, 0x4E, 0x6F, 0x72, 0x6D, 0x61, 0x6C, 0x50, 0x00, 0x00, 0x00, 0x96,
    0x66, 0x00, 0x00, 0x00, 0x50, 0x00, 0x00, 0x00, 0x00, 0x00, 0x12, 0x43, 0x41, 0x6E, 0x69, 0x6D,
    0x49, 0x6E, 0x73, 0x74, 0x61, 0x6E, 0x63, 0x65, 0x48, 0x64, 0x72, 0x5F, 0x74, 0x04, 0x2E, 0x65,
    0x6F, 0x73, 0x00, 0x00, 0x00, 0x00, 0x96, 0x0D, 0x00, 0x08, 0x00, 0x50, 0x00, 0x00, 0x00, 0x00,
    0x00, 0x12, 0x43, 0x41, 0x6E, 0x69, 0x6D, 0x49, 0x6E, 0x73, 0x74, 0x61, 0x6E, 0x63, 0x65, 0x48,
    0x64, 0x72, 0x5F, 0x74, 0x10, 0x43, 0x41, 0x6E, 0x69, 0x6D, 0x49, 0x6E, 0x73, 0x74, 0x61, 0x6E,
    0x63, 0x65, 0x48, 0x64, 0x72, 0x00, 0x00, 0x00, 0x00, 0x94, 0x0A, 0x00, 0x08, 0x00, 0x08, 0x00,
    0x00, 0x00, 0x06, 0x73, 0x5F, 0x49, 0x53, 0x65, 0x74, 0x00, 0x00, 0x00, 0x00, 0x94, 0x08, 0x00,
    0x05, 0x00, 0x00, 0x00, 0x00, 0x00, 0x0C, 0x6D, 0x5F, 0x42, 0x6C, 0x6F, 0x63, 0x6B, 0x43, 0x6F,
    0x75, 0x6E, 0x74, 0x04, 0x00, 0x00, 0x00, 0x96, 0x08, 0x00, 0x35, 0x00, 0x04, 0x00, 0x00, 0x00,
    0x01, 0x00, 0x01, 0x00, 0x00, 0x00, 0x00, 0x09, 0x6D, 0x5F, 0x4F, 0x66, 0x66, 0x73, 0x65, 0x74,
    0x73, 0x08, 0x00, 0x00, 0x00, 0x96, 0x66, 0x00, 0x00, 0x00, 0x08, 0x00, 0x00, 0x00, 0x00, 0x00,
    0x06, 0x73, 0x5F, 0x49, 0x53, 0x65, 0x74, 0x04, 0x2E, 0x65, 0x6F, 0x73, 0x00, 0x00, 0x00, 0x00,
    0x96, 0x0D, 0x00, 0x08, 0x00, 0x08, 0x00, 0x00, 0x00, 0x00, 0x00, 0x06, 0x73, 0x5F, 0x49, 0x53,
    0x65, 0x74, 0x05, 0x43, 0x49, 0x53, 0x65, 0x74, 0x00, 0x00, 0x00, 0x00, 0x94, 0x0A, 0x00, 0x08,
    0x00, 0x0C, 0x00, 0x00, 0x00, 0x06, 0x73, 0x5F, 0x55, 0x53, 0x65, 0x74, 0x00, 0x00, 0x00, 0x00,
    0x94, 0x08, 0x00, 0x05, 0x00, 0x00, 0x00, 0x00, 0x00, 0x0B, 0x6D, 0x5F, 0x42, 0x6C, 0x6F, 0x63,
    0x6B, 0x53, 0x69, 0x7A, 0x65, 0x04, 0x00, 0x00, 0x00, 0x94, 0x08, 0x00, 0x05, 0x00, 0x00, 0x00,
    0x00, 0x00, 0x0C, 0x6D, 0x5F, 0x42, 0x6C, 0x6F, 0x63, 0x6B, 0x43, 0x6F, 0x75, 0x6E, 0x74, 0x08,
    0x00, 0x00, 0x00, 0x96, 0x08, 0x00, 0x35, 0x00, 0x04, 0x00, 0x00, 0x00, 0x01, 0x00, 0x01, 0x00,
    0x00, 0x00, 0x00, 0x07, 0x6D, 0x5F, 0x41, 0x72, 0x72, 0x61, 0x79, 0x0C, 0x00, 0x00, 0x00, 0x96,
    0x66, 0x00, 0x00, 0x00, 0x0C, 0x00, 0x00, 0x00, 0x00, 0x00, 0x06, 0x73, 0x5F, 0x55, 0x53, 0x65,
    0x74, 0x04, 0x2E, 0x65, 0x6F, 0x73, 0x00, 0x00, 0x00, 0x00, 0x96, 0x0D, 0x00, 0x08, 0x00, 0x0C,
    0x00, 0x00, 0x00, 0x00, 0x00, 0x06, 0x73, 0x5F, 0x55, 0x53, 0x65, 0x74, 0x05, 0x43, 0x55, 0x53,
    0x65, 0x74, 0x00, 0x00, 0x00, 0x00, 0x94, 0x0A, 0x00, 0x08, 0x00, 0x18, 0x00, 0x00, 0x00, 0x0C,
    0x43, 0x48, 0x65, 0x61, 0x70, 0x42, 0x6C, 0x6F, 0x63, 0x6B, 0x5F, 0x74, 0x00, 0x00, 0x00, 0x00,
    0x96, 0x08, 0x00, 0x18, 0x00, 0x18, 0x00, 0x00, 0x00, 0x00, 0x00, 0x0C, 0x43, 0x48, 0x65, 0x61,
    0x70, 0x42, 0x6C, 0x6F, 0x63, 0x6B, 0x5F, 0x74, 0x09, 0x70, 0x46, 0x72, 0x65, 0x65, 0x4C, 0x61,
    0x73, 0x74, 0x04, 0x00, 0x00, 0x00, 0x96, 0x08, 0x00, 0x18, 0x00, 0x18, 0x00, 0x00, 0x00, 0x00,
    0x00, 0x0C, 0x43, 0x48, 0x65, 0x61, 0x70, 0x42, 0x6C, 0x6F, 0x63, 0x6B, 0x5F, 0x74, 0x09, 0x70,
    0x46, 0x72, 0x65, 0x65, 0x4E, 0x65, 0x78, 0x74, 0x08, 0x00, 0x00, 0x00, 0x96, 0x08, 0x00, 0x18,
    0x00, 0x18, 0x00, 0x00, 0x00, 0x00, 0x00, 0x0C, 0x43, 0x48, 0x65, 0x61, 0x70, 0x42, 0x6C, 0x6F,
    0x63, 0x6B, 0x5F, 0x74, 0x09, 0x70, 0x55, 0x73, 0x65, 0x64, 0x4C, 0x61, 0x73, 0x74, 0x0C, 0x00,
    0x00, 0x00, 0x96, 0x08, 0x00, 0x18, 0x00, 0x18, 0x00, 0x00, 0x00, 0x00, 0x00, 0x0C, 0x43, 0x48,
    0x65, 0x61, 0x70, 0x42, 0x6C, 0x6F, 0x63, 0x6B, 0x5F, 0x74, 0x09, 0x70, 0x55, 0x73, 0x65, 0x64,
    0x4E, 0x65, 0x78, 0x74, 0x10, 0x00, 0x00, 0x00, 0x94, 0x08, 0x00, 0x0F, 0x00, 0x00, 0x00, 0x00,
    0x00, 0x04, 0x55, 0x73, 0x65, 0x64, 0x14, 0x00, 0x00, 0x00, 0x94, 0x08, 0x00, 0x0F, 0x00, 0x00,
    0x00, 0x00, 0x00, 0x04, 0x46, 0x72, 0x65, 0x65, 0x18, 0x00, 0x00, 0x00, 0x96, 0x66, 0x00, 0x00,
    0x00, 0x18, 0x00, 0x00, 0x00, 0x00, 0x00, 0x0C, 0x43, 0x48, 0x65, 0x61, 0x70, 0x42, 0x6C, 0x6F,
    0x63, 0x6B, 0x5F, 0x74, 0x04, 0x2E, 0x65, 0x6F, 0x73, 0x00, 0x00, 0x00, 0x00, 0x96, 0x0D, 0x00,
    0x08, 0x00, 0x18, 0x00, 0x00, 0x00, 0x00, 0x00, 0x0C, 0x43, 0x48, 0x65, 0x61, 0x70, 0x42, 0x6C,
    0x6F, 0x63, 0x6B, 0x5F, 0x74, 0x0A, 0x43, 0x48, 0x65, 0x61, 0x70, 0x42, 0x6C, 0x6F, 0x63, 0x6B,
    0x00, 0x00, 0x00, 0x00, 0x94, 0x0A, 0x00, 0x08, 0x00, 0x14, 0x00, 0x00, 0x00, 0x07, 0x43, 0x48,
    0x65, 0x61, 0x70, 0x5F, 0x74, 0x00, 0x00, 0x00, 0x00, 0x94, 0x08, 0x00, 0x0F, 0x00, 0x00, 0x00,
    0x00, 0x00, 0x08, 0x4D, 0x65, 0x6D, 0x53, 0x74, 0x61, 0x72, 0x74, 0x04, 0x00, 0x00, 0x00, 0x94,
    0x08, 0x00, 0x0F, 0x00, 0x00, 0x00, 0x00, 0x00, 0x06, 0x4D, 0x65, 0x6D, 0x45, 0x6E, 0x64, 0x08,
    0x00, 0x00, 0x00, 0x96, 0x08, 0x00, 0x18, 0x00, 0x18, 0x00, 0x00, 0x00, 0x00, 0x00, 0x0C, 0x43,
    0x48, 0x65, 0x61, 0x70, 0x42, 0x6C, 0x6F, 0x63, 0x6B, 0x5F, 0x74, 0x09, 0x70, 0x46, 0x72, 0x65,
    0x65, 0x48, 0x65, 0x61, 0x64, 0x0C, 0x00, 0x00, 0x00, 0x96, 0x08, 0x00, 0x18, 0x00, 0x18, 0x00,
    0x00, 0x00, 0x00, 0x00, 0x0C, 0x43, 0x48, 0x65, 0x61, 0x70, 0x42, 0x6C, 0x6F, 0x63, 0x6B, 0x5F,
    0x74, 0x09, 0x70, 0x46, 0x72, 0x65, 0x65, 0x54, 0x61, 0x69, 0x6C, 0x10, 0x00, 0x00, 0x00, 0x96,
    0x08, 0x00, 0x18, 0x00, 0x18, 0x00, 0x00, 0x00, 0x00, 0x00, 0x0C, 0x43, 0x48, 0x65, 0x61, 0x70,
    0x42, 0x6C, 0x6F, 0x63, 0x6B, 0x5F, 0x74, 0x09, 0x70, 0x55, 0x73, 0x65, 0x64, 0x48, 0x65, 0x61,
    0x64, 0x14, 0x00, 0x00, 0x00, 0x96, 0x66, 0x00, 0x00, 0x00, 0x14, 0x00, 0x00, 0x00, 0x00, 0x00,
    0x07, 0x43, 0x48, 0x65, 0x61, 0x70, 0x5F, 0x74, 0x04, 0x2E, 0x65, 0x6F, 0x73, 0x00, 0x00, 0x00,
    0x00, 0x96, 0x0D, 0x00, 0x08, 0x00, 0x14, 0x00, 0x00, 0x00, 0x00, 0x00, 0x07, 0x43, 0x48, 0x65,
    0x61, 0x70, 0x5F, 0x74, 0x05, 0x43, 0x48, 0x65, 0x61, 0x70, 0x00, 0x00, 0x00, 0x00, 0x94, 0x0D,
    0x00, 0x91, 0x00, 0x00, 0x00, 0x00, 0x00, 0x0D, 0x70, 0x66, 0x6E, 0x54, 0x48, 0x52, 0x45, 0x41,
    0x44, 0x4D, 0x41, 0x49, 0x4E, 0x00, 0x00, 0x00, 0x00, 0x94, 0x0A, 0x00, 0x08, 0x00, 0x20, 0x00,
    0x00, 0x00, 0x0E, 0x43, 0x4C, 0x6F, 0x61, 0x64, 0x65, 0x72, 0x45, 0x6E, 0x74, 0x72, 0x79, 0x5F,
    0x74, 0x00, 0x00, 0x00, 0x00, 0x94, 0x08, 0x00, 0x11, 0x00, 0x00, 0x00, 0x00, 0x00, 0x08, 0x70,
    0x41, 0x64, 0x64, 0x72, 0x65, 0x73, 0x73, 0x04, 0x00, 0x00, 0x00, 0x94, 0x08, 0x00, 0x11, 0x00,
    0x00, 0x00, 0x00, 0x00, 0x05, 0x70, 0x44, 0x65, 0x73, 0x74, 0x08, 0x00, 0x00, 0x00, 0x94, 0x08,
    0x00, 0x04, 0x00, 0x00, 0x00, 0x00, 0x00, 0x06, 0x4C, 0x65, 0x6E, 0x67, 0x74, 0x68, 0x0C, 0x00,
    0x00, 0x00, 0x96, 0x08, 0x00, 0x18, 0x00, 0x18, 0x00, 0x00, 0x00, 0x00, 0x00, 0x0D, 0x4F, 0x53,
    0x4D, 0x65, 0x73, 0x67, 0x51, 0x75, 0x65, 0x75, 0x65, 0x5F, 0x73, 0x0B, 0x70, 0x52, 0x65, 0x70,
    0x6C, 0x79, 0x51, 0x75, 0x65, 0x75, 0x65, 0x10, 0x00, 0x00, 0x00, 0x94, 0x08, 0x00, 0x11, 0x00,
    0x00, 0x00, 0x00, 0x00, 0x0D, 0x70, 0x52, 0x65, 0x70, 0x6C, 0x79, 0x4D, 0x65, 0x73, 0x73, 0x61,
    0x67, 0x65, 0x14, 0x00, 0x00, 0x00, 0x94, 0x08, 0x00, 0x0F, 0x00, 0x00, 0x00, 0x00, 0x00, 0x07,
    0x64, 0x77, 0x46, 0x6C, 0x61, 0x67, 0x73, 0x18, 0x00, 0x00, 0x00, 0x96, 0x08, 0x00, 0x18, 0x00,
    0x20, 0x00, 0x00, 0x00, 0x00, 0x00, 0x0E, 0x43, 0x4C, 0x6F, 0x61, 0x64, 0x65, 0x72, 0x45, 0x6E,
    0x74, 0x72, 0x79, 0x5F, 0x74, 0x05, 0x70, 0x4C, 0x61, 0x73, 0x74, 0x1C, 0x00, 0x00, 0x00, 0x96,
    0x08, 0x00, 0x18, 0x00, 0x20, 0x00, 0x00, 0x00, 0x00, 0x00, 0x0E, 0x43, 0x4C, 0x6F, 0x61, 0x64,
    0x65, 0x72, 0x45, 0x6E, 0x74, 0x72, 0x79, 0x5F, 0x74, 0x05, 0x70, 0x4E, 0x65, 0x78, 0x74, 0x20,
    0x00, 0x00, 0x00, 0x96, 0x66, 0x00, 0x00, 0x00, 0x20, 0x00, 0x00, 0x00, 0x00, 0x00, 0x0E, 0x43,
    0x4C, 0x6F, 0x61, 0x64, 0x65, 0x72, 0x45, 0x6E, 0x74, 0x72, 0x79, 0x5F, 0x74, 0x04, 0x2E, 0x65,
    0x6F, 0x73, 0x00, 0x00, 0x00, 0x00, 0x96, 0x0D, 0x00, 0x08, 0x00, 0x20, 0x00, 0x00, 0x00, 0x00,
    0x00, 0x0E, 0x43, 0x4C, 0x6F, 0x61, 0x64, 0x65, 0x72, 0x45, 0x6E, 0x74, 0x72, 0x79, 0x5F, 0x74,
    0x0C, 0x43, 0x4C, 0x6F, 0x61, 0x64, 0x65, 0x72, 0x45, 0x6E, 0x74, 0x72, 0x79, 0x00, 0x00, 0x00,
    0x00, 0x94, 0x0A, 0x00, 0x08, 0x00, 0x90, 0x50, 0x00, 0x00, 0x09, 0x43, 0x4C, 0x6F, 0x61, 0x64,
    0x65, 0x72, 0x5F, 0x74, 0x00, 0x00, 0x00, 0x00, 0x96, 0x08, 0x00, 0x08, 0x00, 0x30, 0x02, 0x00,
    0x00, 0x00, 0x00, 0x0A, 0x4F, 0x53, 0x54, 0x68, 0x72, 0x65, 0x61, 0x64, 0x5F, 0x73, 0x06, 0x54,
    0x68, 0x72, 0x65, 0x61, 0x64, 0x30, 0x02, 0x00, 0x00, 0x96, 0x08, 0x00, 0x08, 0x00, 0x18, 0x00,
    0x00, 0x00, 0x00, 0x00, 0x0D, 0x4F, 0x53, 0x4D, 0x65, 0x73, 0x67, 0x51, 0x75, 0x65, 0x75, 0x65,
    0x5F, 0x73, 0x05, 0x51, 0x75, 0x65, 0x75, 0x65, 0x48, 0x02, 0x00, 0x00, 0x96, 0x08, 0x00, 0x71,
    0x00, 0x00, 0x08, 0x00, 0x00, 0x01, 0x00, 0x00, 0x02, 0x00, 0x00, 0x00, 0x04, 0x4D, 0x73, 0x67,
    0x73, 0x48, 0x0A, 0x00, 0x00, 0x96, 0x08, 0x00, 0x08, 0x00, 0x18, 0x00, 0x00, 0x00, 0x00, 0x00,
    0x0D, 0x4F, 0x53, 0x4D, 0x65, 0x73, 0x67, 0x51, 0x75, 0x65, 0x75, 0x65, 0x5F, 0x73, 0x0C, 0x50,
    0x69, 0x52, 0x65, 0x70, 0x6C, 0x79, 0x51, 0x75, 0x65, 0x75, 0x65, 0x60, 0x0A, 0x00, 0x00, 0x94,
    0x08, 0x00, 0x11, 0x00, 0x00, 0x00, 0x00, 0x00, 0x0A, 0x50, 0x69, 0x52, 0x65, 0x70, 0x6C, 0x79,
    0x4D, 0x73, 0x67, 0x68, 0x0A, 0x00, 0x00, 0x96, 0x08, 0x00, 0x3F, 0x00, 0x00, 0x04, 0x00, 0x00,
    0x01, 0x00, 0x80, 0x00, 0x00, 0x00, 0x00, 0x05, 0x53, 0x74, 0x61, 0x63, 0x6B, 0x68, 0x0E, 0x00,
    0x00, 0x96, 0x08, 0x00, 0x38, 0x00, 0x00, 0x42, 0x00, 0x00, 0x01, 0x00, 0x10, 0x02, 0x00, 0x00,
    0x0E, 0x43, 0x4C, 0x6F, 0x61, 0x64, 0x65, 0x72, 0x45, 0x6E, 0x74, 0x72, 0x79, 0x5F, 0x74, 0x07,
    0x45, 0x6E, 0x74, 0x72, 0x69, 0x65, 0x73, 0x68, 0x50, 0x00, 0x00, 0x96, 0x08, 0x00, 0x08, 0x00,
    0x14, 0x00, 0x00, 0x00, 0x00, 0x00, 0x07, 0x43, 0x4C, 0x69, 0x73, 0x74, 0x5F, 0x74, 0x08, 0x46,
    0x72, 0x65, 0x65, 0x4C, 0x69, 0x73, 0x74, 0x7C, 0x50, 0x00, 0x00, 0x96, 0x08, 0x00, 0x08, 0x00,
    0x14, 0x00, 0x00, 0x00, 0x00, 0x00, 0x07, 0x43, 0x4C, 0x69, 0x73, 0x74, 0x5F, 0x74, 0x08, 0x55,
    0x73, 0x65, 0x64, 0x4C, 0x69, 0x73, 0x74, 0x90, 0x50, 0x00, 0x00, 0x96, 0x66, 0x00, 0x00, 0x00,
    0x90, 0x50, 0x00, 0x00, 0x00, 0x00, 0x09, 0x43, 0x4C, 0x6F, 0x61, 0x64, 0x65, 0x72, 0x5F, 0x74,
    0x04, 0x2E, 0x65, 0x6F, 0x73, 0x00, 0x00, 0x00, 0x00, 0x96, 0x0D, 0x00, 0x08, 0x00, 0x90, 0x50,
    0x00, 0x00, 0x00, 0x00, 0x09, 0x43, 0x4C, 0x6F, 0x61, 0x64, 0x65, 0x72, 0x5F, 0x74, 0x07, 0x43,
    0x4C, 0x6F, 0x61, 0x64, 0x65, 0x72, 0x00, 0x00, 0x00, 0x00, 0x94, 0x0D, 0x00, 0x91, 0x00, 0x00,
    0x00, 0x00, 0x00, 0x15, 0x70, 0x66, 0x6E, 0x44, 0x45, 0x43, 0x4F, 0x4D, 0x50, 0x52, 0x45, 0x53,
    0x53, 0x43, 0x41, 0x4C, 0x4C, 0x42, 0x41, 0x43, 0x4B, 0x00, 0x00, 0x00, 0x00, 0x94, 0x0A, 0x00,
    0x08, 0x00, 0x28, 0x00, 0x00, 0x00, 0x0B, 0x43, 0x4D, 0x65, 0x6D, 0x45, 0x6E, 0x74, 0x72, 0x79,
    0x5F, 0x74, 0x00, 0x00, 0x00, 0x00, 0x94, 0x08, 0x00, 0x11, 0x00, 0x00, 0x00, 0x00, 0x00, 0x05,
    0x70, 0x44, 0x61, 0x74, 0x61, 0x04, 0x00, 0x00, 0x00, 0x94, 0x08, 0x00, 0x04, 0x00, 0x00, 0x00,
    0x00, 0x00, 0x04, 0x53, 0x69, 0x7A, 0x65, 0x08, 0x00, 0x00, 0x00, 0x94, 0x08, 0x00, 0x04, 0x00,
    0x00, 0x00, 0x00, 0x00, 0x06, 0x6E, 0x4C, 0x6F, 0x63, 0x6B, 0x73, 0x0C, 0x00, 0x00, 0x00, 0x94,
    0x08, 0x00, 0x0F, 0x00, 0x00, 0x00, 0x00, 0x00, 0x07, 0x64, 0x77, 0x46, 0x6C, 0x61, 0x67, 0x73,
    0x10, 0x00, 0x00, 0x00, 0x94, 0x08, 0x00, 0x0F, 0x00, 0x00, 0x00, 0x00, 0x00, 0x03, 0x41, 0x67,
    0x65, 0x14, 0x00, 0x00, 0x00, 0x96, 0x08, 0x00, 0x18, 0x00, 0x00, 0x00, 0x00, 0x00, 0x00, 0x00,
    0x0D, 0x43, 0x43, 0x61, 0x63, 0x68, 0x65, 0x4E, 0x74, 0x72, 0x79, 0x32, 0x5F, 0x74, 0x0B, 0x70,
    0x43, 0x61, 0x63, 0x68, 0x65, 0x45, 0x6E, 0x74, 0x72, 0x79, 0x18, 0x00, 0x00, 0x00, 0x96, 0x08,
    0x00, 0x18, 0x00, 0x28, 0x00, 0x00, 0x00, 0x00, 0x00, 0x0B, 0x43, 0x4D, 0x65, 0x6D, 0x45, 0x6E,
    0x74, 0x72, 0x79, 0x5F, 0x74, 0x05, 0x70, 0x4C, 0x61, 0x73, 0x74, 0x1C, 0x00, 0x00, 0x00, 0x96,
    0x08, 0x00, 0x18, 0x00, 0x28, 0x00, 0x00, 0x00, 0x00, 0x00, 0x0B, 0x43, 0x4D, 0x65, 0x6D, 0x45,
    0x6E, 0x74, 0x72, 0x79, 0x5F, 0x74, 0x05, 0x70, 0x4E, 0x65, 0x78, 0x74, 0x20, 0x00, 0x00, 0x00,
    0x96, 0x08, 0x00, 0x18, 0x00, 0x28, 0x00, 0x00, 0x00, 0x00, 0x00, 0x0B, 0x43, 0x4D, 0x65, 0x6D,
    0x45, 0x6E, 0x74, 0x72, 0x79, 0x5F, 0x74, 0x08, 0x70, 0x50, 0x6F, 0x73, 0x4C, 0x61, 0x73, 0x74,
    0x24, 0x00, 0x00, 0x00, 0x96, 0x08, 0x00, 0x18, 0x00, 0x28, 0x00, 0x00, 0x00, 0x00, 0x00, 0x0B,
    0x43, 0x4D, 0x65, 0x6D, 0x45, 0x6E, 0x74, 0x72, 0x79, 0x5F, 0x74, 0x08, 0x70, 0x50, 0x6F, 0x73,
    0x4E, 0x65, 0x78, 0x74, 0x28, 0x00, 0x00, 0x00, 0x96, 0x66, 0x00, 0x00, 0x00, 0x28, 0x00, 0x00,
    0x00, 0x00, 0x00, 0x0B, 0x43, 0x4D, 0x65, 0x6D, 0x45, 0x6E, 0x74, 0x72, 0x79, 0x5F, 0x74, 0x04,
    0x2E, 0x65, 0x6F, 0x73, 0x00, 0x00, 0x00, 0x00, 0x96, 0x0D, 0x00, 0x08, 0x00, 0x28, 0x00, 0x00,
    0x00, 0x00, 0x00, 0x0B, 0x43, 0x4D, 0x65, 0x6D, 0x45, 0x6E, 0x74, 0x72, 0x79, 0x5F, 0x74, 0x09,
    0x43, 0x4D, 0x65, 0x6D, 0x45, 0x6E, 0x74, 0x72, 0x79, 0x00, 0x00, 0x00, 0x00, 0x94, 0x0A, 0x00,
    0x08, 0x00, 0x2C, 0x00, 0x00, 0x00, 0x0D, 0x43, 0x43, 0x61, 0x63, 0x68, 0x65, 0x4E, 0x74, 0x72,
    0x79, 0x32, 0x5F, 0x74, 0x00, 0x00, 0x00, 0x00, 0x96, 0x08, 0x00, 0x18, 0x00, 0x28, 0x00, 0x00,
    0x00, 0x00, 0x00, 0x0B, 0x43, 0x4D, 0x65, 0x6D, 0x45, 0x6E, 0x74, 0x72, 0x79, 0x5F, 0x74, 0x09,
    0x70, 0x4D, 0x65, 0x6D, 0x45, 0x6E, 0x74, 0x72, 0x79, 0x04, 0x00, 0x00, 0x00, 0x96, 0x08, 0x00,
    0x18, 0x00, 0x28, 0x00, 0x00, 0x00, 0x00, 0x00, 0x0B, 0x43, 0x4D, 0x65, 0x6D, 0x45, 0x6E, 0x74,
    0x72, 0x79, 0x5F, 0x74, 0x13, 0x70, 0x52, 0x65, 0x66, 0x65, 0x72, 0x65, 0x6E, 0x63, 0x65, 0x64,
    0x4D, 0x65, 0x6D, 0x45, 0x6E, 0x74, 0x72, 0x79, 0x08, 0x00, 0x00, 0x00, 0x94, 0x08, 0x00, 0x11,
    0x00, 0x00, 0x00, 0x00, 0x00, 0x0A, 0x70, 0x52, 0x65, 0x71, 0x75, 0x65, 0x73, 0x74, 0x49, 0x44,
    0x0C, 0x00, 0x00, 0x00, 0x94, 0x08, 0x00, 0x04, 0x00, 0x00, 0x00, 0x00, 0x00, 0x0D, 0x52, 0x65,
    0x71, 0x75, 0x65, 0x73, 0x74, 0x4C, 0x65, 0x6E, 0x67, 0x74, 0x68, 0x10, 0x00, 0x00, 0x00, 0x94,
    0x08, 0x00, 0x0F, 0x00, 0x00, 0x00, 0x00, 0x00, 0x07, 0x64, 0x77, 0x46, 0x6C, 0x61, 0x67, 0x73,
    0x14, 0x00, 0x00, 0x00, 0x94, 0x08, 0x00, 0x91, 0x00, 0x00, 0x00, 0x00, 0x00, 0x12, 0x44, 0x65,
    0x63, 0x6F, 0x6D, 0x70, 0x72, 0x65, 0x73, 0x73, 0x43, 0x61, 0x6C, 0x6C, 0x62, 0x61, 0x63, 0x6B,
    0x18, 0x00, 0x00, 0x00, 0x94, 0x08, 0x00, 0x11, 0x00, 0x00, 0x00, 0x00, 0x00, 0x09, 0x70, 0x4E,
    0x6F, 0x74, 0x69, 0x66, 0x79, 0x49, 0x44, 0x1C, 0x00, 0x00, 0x00, 0x94, 0x08, 0x00, 0x0F, 0x00,
    0x00, 0x00, 0x00, 0x00, 0x0A, 0x64, 0x77, 0x4D, 0x65, 0x6D, 0x46, 0x6C, 0x61, 0x67, 0x73, 0x20,
    0x00, 0x00, 0x00, 0x96, 0x08, 0x00, 0x18, 0x00, 0x18, 0x00, 0x00, 0x00, 0x00, 0x00, 0x0D, 0x4F,
    0x53, 0x4D, 0x65, 0x73, 0x67, 0x51, 0x75, 0x65, 0x75, 0x65, 0x5F, 0x73, 0x15, 0x70, 0x44, 0x65,
    0x63, 0x6F, 0x6D, 0x70, 0x72, 0x65, 0x73, 0x73, 0x52, 0x65, 0x70, 0x6C, 0x79, 0x51, 0x75, 0x65,
    0x75, 0x65, 0x24, 0x00, 0x00, 0x00, 0x96, 0x08, 0x00, 0x18, 0x00, 0x2C, 0x00, 0x00, 0x00, 0x00,
    0x00, 0x0D, 0x43, 0x43, 0x61, 0x63, 0x68, 0x65, 0x4E, 0x74, 0x72, 0x79, 0x32, 0x5F, 0x74, 0x05,
    0x70, 0x4E, 0x65, 0x78, 0x74, 0x28, 0x00, 0x00, 0x00, 0x96, 0x08, 0x00, 0x18, 0x00, 0x2C, 0x00,
    0x00, 0x00, 0x00, 0x00, 0x0D, 0x43, 0x43, 0x61, 0x63, 0x68, 0x65, 0x4E, 0x74, 0x72, 0x79, 0x32,
    0x5F, 0x74, 0x05, 0x70, 0x4C, 0x61, 0x73, 0x74, 0x2C, 0x00, 0x00, 0x00, 0x96, 0x66, 0x00, 0x00,
    0x00, 0x2C, 0x00, 0x00, 0x00, 0x00, 0x00, 0x0D, 0x43, 0x43, 0x61, 0x63, 0x68, 0x65, 0x4E, 0x74,
    0x72, 0x79, 0x32, 0x5F, 0x74, 0x04, 0x2E, 0x65, 0x6F, 0x73, 0x00, 0x00, 0x00, 0x00, 0x96, 0x0D,
    0x00, 0x08, 0x00, 0x2C, 0x00, 0x00, 0x00, 0x00, 0x00, 0x0D, 0x43, 0x43, 0x61, 0x63, 0x68, 0x65,
    0x4E, 0x74, 0x72, 0x79, 0x32, 0x5F, 0x74, 0x0B, 0x43, 0x43, 0x61, 0x63, 0x68, 0x65, 0x4E, 0x74,
    0x72, 0x79, 0x32, 0x00, 0x00, 0x00, 0x00, 0x94, 0x0A, 0x00, 0x08, 0x00, 0x50, 0x14, 0x00, 0x00,
    0x0F, 0x43, 0x44, 0x65, 0x63, 0x6F, 0x6D, 0x70, 0x72, 0x65, 0x73, 0x73, 0x6F, 0x72, 0x5F, 0x74,
    0x00, 0x00, 0x00, 0x00, 0x96, 0x08, 0x00, 0x08, 0x00, 0x30, 0x02, 0x00, 0x00, 0x00, 0x00, 0x0A,
    0x4F, 0x53, 0x54, 0x68, 0x72, 0x65, 0x61, 0x64, 0x5F, 0x73, 0x06, 0x54, 0x68, 0x72, 0x65, 0x61,
    0x64, 0x30, 0x02, 0x00, 0x00, 0x96, 0x08, 0x00, 0x08, 0x00, 0x18, 0x00, 0x00, 0x00, 0x00, 0x00,
    0x0D, 0x4F, 0x53, 0x4D, 0x65, 0x73, 0x67, 0x51, 0x75, 0x65, 0x75, 0x65, 0x5F, 0x73, 0x05, 0x51,
    0x75, 0x65, 0x75, 0x65, 0x48, 0x02, 0x00, 0x00, 0x96, 0x08, 0x00, 0x71, 0x00, 0x00, 0x02, 0x00,
    0x00, 0x01, 0x00, 0x80, 0x00, 0x00, 0x00, 0x00, 0x04, 0x4D, 0x73, 0x67, 0x73, 0x48, 0x04, 0x00,
    0x00, 0x96, 0x08, 0x00, 0x3F, 0x00, 0x00, 0x10, 0x00, 0x00, 0x01, 0x00, 0x00, 0x02, 0x00, 0x00,
    0x00, 0x05, 0x53, 0x74, 0x61, 0x63, 0x6B, 0x48, 0x14, 0x00, 0x00, 0x94, 0x08, 0x00, 0x0F, 0x00,
    0x00, 0x00, 0x00, 0x00, 0x0E, 0x4C, 0x61, 0x73, 0x74, 0x44, 0x65, 0x63, 0x6F, 0x6D, 0x70, 0x72,
    0x65, 0x73, 0x73, 0x50, 0x14, 0x00, 0x00, 0x96, 0x66, 0x00, 0x00, 0x00, 0x50, 0x14, 0x00, 0x00,
    0x00, 0x00, 0x0F, 0x43, 0x44, 0x65, 0x63, 0x6F, 0x6D, 0x70, 0x72, 0x65, 0x73, 0x73, 0x6F, 0x72,
    0x5F, 0x74, 0x04, 0x2E, 0x65, 0x6F, 0x73, 0x00, 0x00, 0x00, 0x00, 0x96, 0x0D, 0x00, 0x08, 0x00,
    0x50, 0x14, 0x00, 0x00, 0x00, 0x00, 0x0F, 0x43, 0x44, 0x65, 0x63, 0x6F, 0x6D,
};
